tempo,spectral_centroid,spectral_bandwidth,rolloff,zero_crossing_rate,rms,chroma_stft,onset_strength_mean,onset_strength_std,pitch_variance,spectral_flux_std,mfcc1_mean,mfcc1_std,mfcc2_mean,mfcc2_std,mfcc3_mean,mfcc3_std,mfcc4_mean,mfcc4_std,mfcc5_mean,mfcc5_std,mfcc6_mean,mfcc6_std,mfcc7_mean,mfcc7_std,mfcc8_mean,mfcc8_std,mfcc9_mean,mfcc9_std,mfcc10_mean,mfcc10_std,mfcc11_mean,mfcc11_std,mfcc12_mean,mfcc12_std,mfcc13_mean,mfcc13_std,harm_perc_ratio,spectral_flatness_mean,tonnetz_0_std,tonnetz_1_std,tonnetz_2_std,tonnetz_3_std,tonnetz_4_std,tonnetz_5_std,tempo_cv,bass_ratio,label,song_id,segment_type
120.18531976744185,2664.5196910316613,2133.2334131285133,4294.85736291844,0.10268607597232972,0.08121156692504883,0.2361927032470703,0.7566311955451965,0.44765985012054443,0.0813196450471878,238.25721740722656,-266.4634704589844,109.4482650756836,171.38478088378906,52.154563903808594,-63.39788055419922,19.68153190612793,23.27895164489746,15.741072654724121,3.444150686264038,9.092361450195312,3.0078537464141846,7.585276126861572,-2.5157439708709717,9.235160827636719,-0.07839691638946533,5.802290439605713,-2.018618106842041,8.469972610473633,-5.785408020019531,5.442721843719482,-5.895643711090088,5.922378063201904,-7.5116777420043945,6.3684844970703125,-2.520169496536255,6.417413234710693,13.027810000964456,0.004349701106548309,0.29425747159999915,0.37220792475810066,0.48347340886167856,0.3006132993958854,0.1527697003692019,0.16962187118916652,0.051450725351698534,29.944232851233348,clasicc,Achachak - 01 Buio.mp3.mp3,inicio
120.18531976744185,2735.971754027846,2289.131193209428,4510.181060885498,0.08598530772300697,0.03220014646649361,0.19706374406814575,0.9440322518348694,0.3460773229598999,0.08261784166097641,44.06633377075195,-402.8099060058594,39.72022247314453,75.76925659179688,32.58182144165039,-101.61083984375,12.447629928588867,18.63231658935547,11.011013984680176,-20.041536331176758,12.484861373901367,-26.17549705505371,6.880472183227539,-26.78526496887207,10.572023391723633,-14.903534889221191,8.607955932617188,-16.128406524658203,8.315667152404785,-10.734538078308105,9.944746017456055,-7.24575662612915,11.494765281677246,-13.00310230255127,16.916210174560547,-8.507490158081055,15.232362747192383,44.05453564067425,7.776490383548662e-05,0.3372961462845087,0.36200848905384986,0.40825281811780506,0.3387509221583485,0.16635475496980576,0.13802028198937805,0.05595569388576355,0.2728094422450004,clasicc,Achachak - 01 Buio.mp3.mp3,mitad
120.18531976744185,3447.090582989185,2761.4145191090824,5264.259834407653,0.14019416360294118,0.06711531430482864,0.3507450222969055,0.5849918127059937,0.34027552604675293,0.08426720649003983,720.618408203125,-357.3936767578125,182.93533325195312,154.4385528564453,84.14566802978516,-30.360071182250977,47.22697067260742,11.979096412658691,23.649463653564453,3.0329129695892334,12.347533226013184,-5.744415760040283,9.456496238708496,-7.51932430267334,10.340429306030273,-4.9374260902404785,11.41877555847168,-8.007237434387207,9.717144966125488,-6.668600559234619,8.151288032531738,-5.294371128082275,7.870867729187012,-8.991744041442871,6.931418418884277,-5.264091968536377,7.249227523803711,4.697250052460346,0.006548428442329168,0.18014411822297413,0.1678116395499667,0.1608531048028249,0.2744054052766093,0.07746355563876256,0.08887660464990109,0.055734079469351924,42.127924756884816,clasicc,Achachak - 01 Buio.mp3.mp3,final
127.8409090909091,827.0489421217961,917.3887482191689,1584.2683522929258,0.02166646068476715,0.04646522179245949,0.5230303406715393,0.6727356910705566,0.3753216564655304,0.06759179383516312,499.1702575683594,-344.5564880371094,42.223365783691406,232.9961395263672,15.555403709411621,3.5112507343292236,27.694089889526367,-20.07026481628418,10.095736503601074,23.548791885375977,7.866670608520508,8.01694107055664,13.792715072631836,-5.08289098739624,10.453670501708984,2.1669774055480957,6.474182605743408,0.45157769322395325,7.221248626708984,-2.4061598777770996,7.390913963317871,0.41625118255615234,6.561319351196289,-0.24809131026268005,5.852845191955566,-3.5572433471679688,5.626984596252441,3.271872548107419,4.395701012072095e-07,0.35901343900521043,0.17884521962211306,0.23118535549498004,0.35399620464259157,0.08521599908723797,0.1159297196425253,0.013716111571130184,214.57357962735665,clasicc,Achachak - 01 First Movement.mp3,inicio
125.0,1561.7245984750607,1731.1693875874403,2981.7449120156416,0.051785064599626736,0.049866896122694016,0.29259952902793884,0.7404918670654297,0.32295042276382446,0.08182784169912338,91.33340454101562,-316.4560852050781,58.58634567260742,201.63095092773438,21.90529441833496,-51.19965744018555,16.12959861755371,18.77632713317871,24.657840728759766,-5.124982833862305,7.260464191436768,-10.915432929992676,5.48434591293335,-9.292709350585938,10.327427864074707,-9.012150764465332,9.143671035766602,-6.933626174926758,5.908420085906982,-6.655111789703369,9.146540641784668,-4.3596906661987305,10.29151725769043,-15.936419486999512,6.2932939529418945,-11.561532020568848,6.7052435874938965,7.152008557998369,7.765043847030029e-06,0.3639823448192663,0.23370153386860254,0.3702847817645589,0.33994331793079074,0.0928211881620967,0.14075729342239987,0.04802494789363315,34.694130433152075,clasicc,Achachak - 01 First Movement.mp3,mitad
127.8409090909091,660.5026936468905,1462.7372763223543,1024.5261953430502,0.010251649706718805,0.02046710066497326,0.5289638042449951,0.42553168535232544,0.31383320689201355,0.09424594044685364,168.9770965576172,-518.5203247070312,119.87227630615234,146.6836395263672,87.58738708496094,41.79343795776367,38.61076354980469,15.046494483947754,31.164358139038086,22.071123123168945,13.889410018920898,15.77289867401123,9.28635025024414,9.806672096252441,12.102164268493652,9.035895347595215,7.036696910858154,6.701677322387695,6.096743106842041,4.243251323699951,7.905154705047607,4.650094509124756,4.928832530975342,4.263810157775879,3.7673802375793457,1.1463978290557861,4.504878044128418,4.361549023118721,2.185210178140551e-05,0.13703690539426203,0.09331844042947639,0.20851601708671608,0.09013182205092646,0.06950744641987364,0.10475225911718565,0.0,304.9861624730502,clasicc,Achachak - 01 First Movement.mp3,final
108.17307692307692,1081.2672579718785,1520.6520042059078,1511.322987024529,0.025391840061766795,0.05373094230890274,0.21781907975673676,0.6338878870010376,0.25500011444091797,0.08241681754589081,89.7539291381836,-431.08123779296875,26.478029251098633,160.70960998535156,15.32558536529541,-12.82148551940918,12.796757698059082,-21.08477020263672,9.789179801940918,-17.08190155029297,11.852166175842285,-29.917678833007812,8.39665412902832,-40.916683197021484,9.32231616973877,-34.22789764404297,7.245315074920654,-30.063371658325195,8.263527870178223,-23.963911056518555,10.221351623535156,-14.171977996826172,12.247751235961914,-15.219916343688965,13.504131317138672,-6.666104316711426,12.725725173950195,77.41694201492054,4.19329444412142e-06,0.3688521540829809,0.2399096339636387,0.34650258693212715,0.5223608342897621,0.1430380658303313,0.2327045654181553,0.05788638042033724,18.018476160495354,clasicc,Achachak - 01 Hope.mp3,inicio
122.28260869565217,1579.7199039398834,1949.1212408945898,3065.171747244934,0.0336927948920192,0.09880492091178894,0.38784363865852356,0.7596719861030579,0.2526085674762726,0.08400750160217285,181.25265502929688,-236.9805145263672,40.08915710449219,200.6607666015625,19.150365829467773,-56.00384521484375,10.36115837097168,30.05988311767578,11.11867904663086,5.681721210479736,7.775755405426025,5.015985012054443,8.698945999145508,-3.880742311477661,7.805660247802734,-3.1473474502563477,6.265017509460449,0.34113678336143494,8.3665771484375,-6.269018650054932,7.607799530029297,-4.508263111114502,5.448060035705566,-6.053309917449951,5.306483268737793,0.428141325712204,5.874100208282471,10.522023350181104,1.6698319086572155e-05,0.34903630916939654,0.17750853435326966,0.41765266109692106,0.373247169948034,0.13845788641448553,0.19196574791031965,0.048214836620383596,70.90034498296797,clasicc,Achachak - 01 Hope.mp3,mitad
125.0,3354.957112183424,2872.1018545389848,5880.004665837185,0.10128876394196587,0.018733058124780655,0.2858988344669342,0.7728232145309448,0.40916964411735535,0.09737417101860046,14.684134483337402,-475.11907958984375,115.64044952392578,67.33364868164062,29.653432846069336,-85.03236389160156,38.04722213745117,27.20216941833496,16.50712013244629,-16.08088493347168,11.343814849853516,-22.231069564819336,11.277997970581055,-22.512317657470703,12.368900299072266,-7.557010650634766,8.877528190612793,-13.80235767364502,9.15624713897705,-9.05184555053711,8.533854484558105,-8.266609191894531,9.635329246520996,-22.69115447998047,11.737723350524902,-17.6124324798584,9.42477035522461,39.32406675954966,0.026282360777258873,0.3262001625659937,0.39918869634744475,0.3315091243667369,0.2832901369648426,0.14708822572795446,0.1464808691865287,0.08142536279500315,0.24457513982014223,clasicc,Achachak - 01 Hope.mp3,final
114.84375,2590.479119915874,2130.4158636069455,4360.106968363003,0.08420243868517802,0.033030517399311066,0.2121402770280838,0.9551233053207397,0.3916410803794861,0.08383677899837494,85.09906005859375,-381.4010314941406,52.71445846557617,98.37300109863281,19.166587829589844,-100.52774810791016,14.33006477355957,29.481966018676758,12.007242202758789,-17.040084838867188,9.639715194702148,-24.056747436523438,9.812320709228516,-17.720367431640625,10.996733665466309,-9.06694507598877,8.414226531982422,-8.83297061920166,6.913812637329102,-4.9930219650268555,9.565008163452148,-4.9906816482543945,8.631522178649902,-20.509857177734375,9.202123641967773,-15.698820114135742,8.258610725402832,32.48143105319791,5.401827729656361e-05,0.2256211452780421,0.3434257444306822,0.3070335750555094,0.3827156939704778,0.07397654521399043,0.1745185458880638,0.07816865417739503,0.6378434109571758,clasicc,Achachak - 01 New South Wales.mp3.mp3,inicio
117.45383522727273,1791.70309177035,1942.1657364920782,3112.8311771357394,0.05220168736696981,0.09969553351402283,0.23706082999706268,0.7845500707626343,0.29014450311660767,0.08810246735811234,333.71246337890625,-264.7176513671875,99.91081237792969,159.5987091064453,49.231929779052734,-70.07185363769531,13.255766868591309,13.485067367553711,35.65092468261719,-12.007787704467773,12.515218734741211,-6.508657455444336,9.051423072814941,-6.17706823348999,8.350324630737305,-2.2903621196746826,9.19384479522705,-1.6530413627624512,8.658828735351562,2.1450541019439697,12.958551406860352,4.996323585510254,13.91148567199707,-4.949849605560303,12.197893142700195,-6.356379508972168,13.032339096069336,13.648280269940901,1.5994095519999973e-05,0.3557528119228177,0.2309318793164787,0.42063333472849174,0.34650998211841505,0.15158123974603896,0.18252636500326405,0.08085823582034092,29.004680340343953,clasicc,Achachak - 01 New South Wales.mp3.mp3,mitad
97.50884433962264,2889.2744089040602,2408.5734910982433,4888.628772463961,0.11714328258030186,0.027026858180761337,0.35665327310562134,0.38417813181877136,0.5996142625808716,0.11580556631088257,195.8929443359375,-457.1292419433594,141.81051635742188,109.35588073730469,73.2450180053711,-14.041840553283691,54.3471565246582,-4.459453105926514,31.356929779052734,-2.163684606552124,15.081648826599121,-7.317971706390381,17.064193725585938,-5.050405025482178,12.48444938659668,-0.14490161836147308,7.139429092407227,-1.508442997932434,5.583707332611084,-4.291378974914551,4.673515796661377,-8.392576217651367,6.991570949554443,-12.198668479919434,9.522964477539062,-11.580236434936523,9.461424827575684,9.207653306300037,0.055385153740644455,0.16933351084482118,0.16623889297840247,0.1229006822670009,0.3022409742173687,0.08480593119251228,0.059896908231183696,0.03605898702327762,9.629993949414832,clasicc,Achachak - 01 New South Wales.mp3.mp3,final
126.04801829268293,2226.6254758573887,2462.2321824242035,3722.119159521333,0.06215003990905573,0.04424862563610077,0.3012578785419464,0.8714637160301208,0.49692851305007935,0.09210149198770523,574.9962768554688,-338.50030517578125,74.78684997558594,134.5443878173828,35.17514419555664,-56.45156478881836,24.352853775024414,-15.515661239624023,27.54100227355957,-18.216201782226562,24.232126235961914,-13.581088066101074,13.508085250854492,-23.308298110961914,9.89074420928955,-11.823406219482422,9.155244827270508,-16.24034881591797,8.857698440551758,-13.076375961303711,7.898538112640381,-9.74210262298584,11.427021026611328,-8.366125106811523,8.68840217590332,-5.427750587463379,10.870097160339355,7.528450849475254,0.00027490354841575027,0.22217666224351143,0.27654261720478684,0.24516598615556956,0.24839213803266624,0.12318853506775353,0.11317441548351452,0.08218068663338825,2.462662112453566,clasicc,Achachak - 01 Pregnancy.mp3,inicio
120.18531976744185,1526.1153861066493,1929.5699753046945,2402.8021372508706,0.04788633175309598,0.07227389514446259,0.33698344230651855,0.7137669324874878,0.3011114299297333,0.08463713526725769,296.5488586425781,-301.6417541503906,71.73295593261719,180.34616088867188,26.4473934173584,-39.64000701904297,24.161640167236328,-5.346991062164307,32.87516403198242,-19.634288787841797,26.29296112060547,-14.477457046508789,23.166505813598633,-25.125341415405273,18.108144760131836,-13.00390338897705,15.235091209411621,-16.717296600341797,15.854105949401855,-10.836508750915527,9.291923522949219,-8.314294815063477,7.321969509124756,-8.110638618469238,8.366791725158691,-2.316661834716797,7.639434337615967,6.350976252725172,4.1725430492078885e-05,0.18562352794211429,0.16354419885346327,0.2532547956719335,0.29234308838598777,0.08880566490068284,0.12139264201247184,0.0811949268198493,56.44396112282555,clasicc,Achachak - 01 Pregnancy.mp3,mitad
120.18531976744185,3653.331948377804,2741.8251167678413,6166.412712545956,0.13136296227989552,0.04231449216604233,0.2411080151796341,0.7059544324874878,0.6471366882324219,0.094074547290802,382.8918151855469,-432.5182800292969,150.54080200195312,74.70591735839844,82.79824829101562,2.7825870513916016,59.68952941894531,3.202242851257324,32.01934814453125,-27.465627670288086,13.45269775390625,-18.416627883911133,14.797270774841309,-23.772661209106445,8.227298736572266,-16.859039306640625,11.854190826416016,-23.96592140197754,11.957799911499023,-8.797872543334961,14.397102355957031,-9.375001907348633,15.555818557739258,-8.948100090026855,14.468757629394531,-6.217479705810547,14.394698143005371,4.4645863135551,0.0073412260971963406,0.3177061625969497,0.4310642345734668,0.35838758899928663,0.45133168047335537,0.12361426840589243,0.24451828521638586,0.04593379028279804,1.1967930166861585,clasicc,Achachak - 01 Pregnancy.mp3,final
92.28515625,773.3780762540548,983.3130877439075,935.7193418331559,0.026461669166021672,0.08420781046152115,0.18477092683315277,0.5280070304870605,0.35070836544036865,0.0773552805185318,187.9478302001953,-408.22271728515625,35.0,186.1474151611328,18.368061065673828,13.793524742126465,15.693619728088379,-13.37541675567627,8.661336898803711,-18.14637565612793,9.00245189666748,-28.982675552368164,10.702404975891113,-31.655378341674805,9.442964553833008,-24.877090454101562,5.563309669494629,-20.091041564941406,6.306184768676758,-8.069775581359863,11.578022003173828,2.170443534851074,9.641090393066406,-9.972142219543457,10.0112943649292,-9.103012084960938,6.3275041580200195,47.358540327745956,8.078324071902898e-07,0.3711832828276409,0.3950151520419743,0.4936743452430742,0.3651569793329877,0.19137564988180086,0.12911444948197118,0.016968196302658747,246.14572989479126,clasicc,Achachak - 01-First_Movement.mp3.mp3,inicio
123.046875,1735.802839337197,1969.4756009253113,3095.4979486140674,0.05055959601151316,0.1629560887813568,0.2535535991191864,0.8098357319831848,0.33220502734184265,0.08579882979393005,628.4519653320312,-200.48388671875,61.45305633544922,176.40708923339844,40.30875778198242,-52.79863357543945,12.88984489440918,18.890827178955078,12.76738166809082,2.6085636615753174,10.956681251525879,-2.215376853942871,7.220581531524658,-9.065154075622559,7.490302085876465,-3.570958375930786,6.6820220947265625,-5.13789176940918,6.575859069824219,-5.675660610198975,5.654889106750488,-8.315227508544922,7.425319671630859,-7.126239776611328,6.1122331619262695,-3.5969173908233643,5.917719841003418,17.404942152144518,0.00011590596113819629,0.262707794818631,0.35494529092945576,0.4034453717140408,0.3532521012760313,0.16498271659640615,0.07632265770079065,0.04185794237436151,35.697392882327584,clasicc,Achachak - 01-First_Movement.mp3.mp3,mitad
129.19921875,980.4278685505199,1309.199390283514,1541.25734689435,0.03442552879498839,0.06633515655994415,0.19732612371444702,0.39625564217567444,0.32579776644706726,0.07741168886423111,122.05989837646484,-441.8923034667969,89.72228240966797,163.7958526611328,68.77374267578125,19.3092098236084,15.201541900634766,-8.41438102722168,9.898645401000977,-14.305414199829102,10.556488037109375,-18.791893005371094,10.409318923950195,-19.216249465942383,13.19463062286377,-19.410743713378906,9.231728553771973,-20.92745590209961,10.186444282531738,-14.436306953430176,9.474828720092773,2.7821974754333496,9.654341697692871,-2.861558675765991,7.937689781188965,-9.082130432128906,6.292197227478027,50.46394168505525,0.053230851888656616,0.27314231007987955,0.5205366420812829,0.37559523710574483,0.3171055376693052,0.16025109811862215,0.12294010460599292,0.021068888665670103,299.6375108511178,clasicc,Achachak - 01-First_Movement.mp3.mp3,final
126.04801829268293,2010.9720746949206,1918.5109107886599,3434.1375675732875,0.03847879226731811,0.07175027579069138,0.4067954123020172,0.7713863849639893,0.3285788297653198,0.07148143649101257,314.35284423828125,-279.91082763671875,99.1818618774414,216.48756408691406,58.378944396972656,-50.48216247558594,16.88401222229004,11.48157787322998,6.254705429077148,10.590428352355957,7.006786823272705,2.685760498046875,5.821354389190674,3.6490375995635986,5.311524868011475,-1.2530956268310547,5.417809963226318,-0.3403318524360657,4.93162202835083,-7.095487117767334,6.418555736541748,-1.4325292110443115,5.1335906982421875,-1.8706092834472656,4.807422637939453,-4.164889335632324,5.410043239593506,4.232147385071279,0.00045136455446481705,0.13023843018945636,0.152195716942073,0.4095274358951605,0.21433002427994075,0.08600210736153815,0.12164836009343188,0.052922016910610076,81.94596173189233,clasicc,Achachak - 02 Luce.mp3.mp3,inicio
120.18531976744185,631.6139678780484,878.4625821748695,876.7696982935855,0.0219286277936339,0.05684152990579605,0.28244560956954956,0.42608869075775146,0.22040174901485443,0.09137178957462311,102.98617553710938,-444.495361328125,29.039094924926758,222.9561767578125,24.85715103149414,60.65802764892578,18.656047821044922,-25.89115333557129,11.580521583557129,-27.190885543823242,9.87757396697998,-15.942610740661621,6.381793022155762,-20.01276206970215,7.363346576690674,-24.646743774414062,7.084563732147217,-21.410539627075195,5.688202857971191,-15.455018043518066,6.095317363739014,-13.615177154541016,4.4394707679748535,-14.781591415405273,6.0618133544921875,-13.144513130187988,5.564480781555176,13.939166636892645,1.9879057617799845e-06,0.3376104800706941,0.4352880170058182,0.49877040394446304,0.3099325946779904,0.14590284997576342,0.20201522287828672,0.0,698.8458195793926,clasicc,Achachak - 02 Luce.mp3.mp3,mitad
126.04801829268293,3170.389334117053,3106.979743369573,5418.450568704044,0.06016441321594427,0.057996656745672226,0.3638160228729248,0.6682374477386475,0.4079136252403259,0.07906243205070496,655.5289306640625,-354.5646057128906,163.77491760253906,143.9740447998047,81.30045318603516,-39.52473068237305,35.7408561706543,9.086339950561523,19.520864486694336,6.40634822845459,15.512916564941406,-5.109480381011963,16.048498153686523,-5.255026340484619,14.677332878112793,-3.3123011589050293,10.078622817993164,-2.69270920753479,9.297805786132812,-4.935850143432617,5.986667633056641,-4.131440162658691,6.34658145904541,-3.8920392990112305,5.208972454071045,-3.827707052230835,5.973642349243164,6.340532840417056,0.0015541547909379005,0.1359073959298188,0.25134552592270964,0.22266810056630257,0.21233168187822452,0.0662835210940293,0.09685236972530901,0.04312670975369463,44.31424774328312,clasicc,Achachak - 02 Luce.mp3.mp3,final
107.666015625,1622.6738365809658,2082.205179877608,2703.8753167025443,0.04442962552002709,0.051161959767341614,0.2512924373149872,0.7709919214248657,0.4011034071445465,0.09489026665687561,51.618099212646484,-372.05438232421875,43.46714782714844,150.07122802734375,23.23531723022461,-45.5214958190918,11.113899230957031,1.4064210653305054,12.696294784545898,-30.380834579467773,13.824081420898438,-33.52704620361328,6.74100399017334,-40.11227035522461,6.911358833312988,-22.6779842376709,9.751740455627441,-5.116185188293457,7.846390247344971,-6.5017595291137695,8.719232559204102,-23.461673736572266,9.728189468383789,-9.01611614227295,8.236738204956055,-7.125584125518799,10.218158721923828,38.826783110354235,3.074105188716203e-05,0.17021591457291377,0.23989683338097742,0.30433153119815426,0.43263149419284813,0.1413014001968152,0.12931075656138274,0.06874432748389837,1.8307661974349432,clasicc,Achachak - 02 Mystery.mp3,inicio
120.18531976744185,2151.303239114576,2289.947451384312,3280.1884984822464,0.06241345479392415,0.050156041979789734,0.20797519385814667,0.6982596516609192,0.35533785820007324,0.08066803961992264,61.227840423583984,-346.18890380859375,43.94926071166992,122.4427261352539,57.667877197265625,-77.9988784790039,15.675683975219727,-23.58893394470215,12.326613426208496,-22.579893112182617,10.697070121765137,-21.050884246826172,6.890464782714844,-19.13312339782715,9.194496154785156,-12.747868537902832,8.215679168701172,-12.1906156539917,10.733835220336914,-2.348240852355957,13.596508979797363,-9.130484580993652,11.601689338684082,12.791899681091309,15.68526840209961,4.253289699554443,14.37592887878418,39.273901578909715,5.045855141361244e-05,0.25222065458689846,0.3083748399995038,0.44888638014701926,0.34396588184132737,0.13548996039736871,0.14283813491456754,0.06924663043102984,2.555070192927134,clasicc,Achachak - 02 Mystery.mp3,mitad
120.18531976744185,4734.806505418702,2998.386388873128,7921.502099760546,0.2037379970491486,0.045149244368076324,0.30661553144454956,0.6673282384872437,0.6923441886901855,0.09977805614471436,376.3739318847656,-398.066162109375,159.77545166015625,88.33951568603516,111.87776184082031,-7.777419567108154,30.316789627075195,4.93146276473999,19.829833984375,-19.959768295288086,16.85694122314453,-4.977596759796143,9.619869232177734,-13.386670112609863,11.640501022338867,-6.898322582244873,12.372018814086914,-18.485858917236328,9.552454948425293,-5.5492777824401855,13.961891174316406,-3.4710562229156494,6.742790699005127,-5.470013618469238,8.069479942321777,-2.133622407913208,5.994396686553955,4.902838913998035,0.026046862825751305,0.32207771788006334,0.35052741376776786,0.32774849092570163,0.35543368207067344,0.09879788581000011,0.131268073668733,0.03949583221699142,2.952084276996221,clasicc,Achachak - 02 Mystery.mp3,final
123.046875,913.1827021927995,1174.6107408190353,1532.0907356569273,0.019797688298181116,0.06505939364433289,0.1692333072423935,0.6168325543403625,0.2768666744232178,0.09012318402528763,62.47431945800781,-462.7682800292969,39.83863830566406,131.72738647460938,29.043781280517578,-29.47983169555664,16.169170379638672,-28.79324722290039,13.056706428527832,17.136911392211914,11.544998168945312,0.13068987429141998,8.080890655517578,-21.07428550720215,6.913382530212402,-19.513076782226562,8.81518840789795,-20.825504302978516,9.874441146850586,-22.744487762451172,8.621779441833496,-22.344221115112305,7.557806015014648,-24.33400535583496,6.47460412979126,-23.209993362426758,6.5376410484313965,117.28702387963295,0.0006285341223701835,0.5324757993214961,0.37798546621225604,0.6006947584931203,0.29862456818397076,0.22783471399138702,0.27055058930420056,0.03392459507345672,8.932295786214892,clasicc,Achachak - 02 Queensland.mp3.mp3,inicio
126.04801829268293,1159.350416928,1521.9434382922796,1819.3056655742066,0.030875663639222135,0.11204439401626587,0.20727646350860596,0.6616947650909424,0.44066184759140015,0.09703008830547333,286.0615234375,-380.5425720214844,57.638675689697266,123.81632232666016,32.94620895385742,-6.419710159301758,31.915231704711914,1.5513867139816284,18.015869140625,19.531274795532227,13.315570831298828,2.5513339042663574,12.882624626159668,-5.647336959838867,12.967601776123047,-6.487999439239502,10.586820602416992,-11.68758773803711,11.724310874938965,-11.372639656066895,10.755178451538086,-12.509751319885254,10.896340370178223,-15.630537033081055,12.334035873413086,-11.544129371643066,12.620891571044922,61.4837420348996,3.350500264787115e-05,0.4547180618916711,0.3056446621618694,0.4117013498107085,0.4190700165274023,0.25173395991881087,0.1762360733691355,0.004127532709729317,17.790217897184107,clasicc,Achachak - 02 Queensland.mp3.mp3,mitad
123.046875,4578.181721337384,3695.974560609958,8477.907068589155,0.12621616800503097,0.04235323891043663,0.2772442400455475,0.6746811866760254,0.4009511172771454,0.12102082371711731,61.96582794189453,-413.9715576171875,131.9181365966797,38.871002197265625,60.403526306152344,-34.973243713378906,30.442079544067383,18.915678024291992,23.40540313720703,-12.48557186126709,28.61026382446289,8.360549926757812,8.774478912353516,-24.572906494140625,15.724809646606445,-4.966354846954346,11.663409233093262,-14.1317720413208,12.389201164245605,-17.98629379272461,13.954492568969727,-17.52126121520996,11.06549072265625,-8.202095031738281,16.337337493896484,-21.633588790893555,15.088418006896973,12.809374023263226,0.047875139862298965,0.4273906552867425,0.33394494816710363,0.4134449318216396,0.2788905697662031,0.20582799561281304,0.18914742318207498,0.07468423321976472,2.385634809384429,clasicc,Achachak - 02 Queensland.mp3.mp3,final
129.19921875,2791.668606198739,1701.1426992665215,4119.4000905512285,0.10170535627902477,0.061399269849061966,0.22167326509952545,0.6604154109954834,0.35115861892700195,0.08510015904903412,33.535491943359375,-394.04254150390625,85.14505004882812,116.2995834350586,35.54646682739258,-127.52288055419922,37.55208969116211,-26.115694046020508,14.912038803100586,-11.094697952270508,11.049271583557129,-31.673818588256836,12.16112232208252,-9.920395851135254,6.928402423858643,-16.718326568603516,8.51846981048584,-15.85974407196045,7.346921443939209,-15.927915573120117,7.3847527503967285,-17.418184280395508,8.165985107421875,-11.241985321044922,6.606799602508545,-12.551446914672852,7.012637615203857,41.257284992240415,0.00432570232078433,0.45727977633706396,0.46755740189929496,0.38201301841156726,0.43250536635929476,0.11197915006986571,0.14037129578352278,0.06696563713104975,0.12708075926381487,clasicc,Achachak - 02 Second Movement.mp3.mp3,inicio
123.046875,1745.4106414872244,2062.0014574746147,3163.7058695034348,0.05219582950367647,0.19721320271492004,0.2877393066883087,0.8164578080177307,0.20559166371822357,0.0842185914516449,1281.0843505859375,-152.08689880371094,31.131587982177734,187.84158325195312,27.374496459960938,-53.515750885009766,11.166717529296875,29.101205825805664,9.562399864196777,1.5135256052017212,9.785706520080566,1.9521325826644897,7.087081432342529,-11.148301124572754,9.309926986694336,-0.1718931347131729,7.155934810638428,-10.726612091064453,9.169547080993652,-6.065716743469238,6.35556697845459,-11.198037147521973,6.78544282913208,-6.02552604675293,6.605496406555176,-2.655320644378662,7.23537540435791,9.100864025390555,6.321352702798322e-05,0.2981916337662285,0.27627388504851974,0.3084487353339134,0.3516233648103251,0.13210816049201302,0.11625843774107936,0.06302494191942544,31.718490695284586,clasicc,Achachak - 02 Second Movement.mp3.mp3,mitad
120.18531976744185,1406.6650421093136,1576.490102144705,2250.894722480892,0.03876979579866486,0.053315963596105576,0.21698401868343353,0.5084300637245178,0.250811368227005,0.09982859343290329,74.1545181274414,-469.34405517578125,72.28766632080078,129.2980499267578,42.989742279052734,-30.326175689697266,91.47042083740234,-16.756084442138672,35.016571044921875,4.16902494430542,15.248259544372559,-11.360183715820312,19.82404136657715,-5.887855529785156,10.881958961486816,-4.138208389282227,9.711755752563477,-8.732522010803223,10.453134536743164,-10.825118064880371,7.07456111907959,-12.9821138381958,6.9833149909973145,-9.484696388244629,5.4212646484375,-6.49336051940918,6.031077861785889,60.78220443931986,8.845774573273957e-05,0.40774847996937424,0.34640297431747963,0.48773365840011457,0.4676584683258144,0.11694650025523436,0.19514026490694134,0.056078268860934234,68.68516247022814,clasicc,Achachak - 02 Second Movement.mp3.mp3,final
126.04801829268293,1474.1399574625457,1893.7488349466016,2102.478953264077,0.03841737918440402,0.062379077076911926,0.20002669095993042,0.6806540489196777,0.42356881499290466,0.08652979135513306,116.93333435058594,-367.6051330566406,83.93351745605469,146.83900451660156,32.35902404785156,-44.9609260559082,19.054166793823242,-15.292545318603516,25.433996200561523,-24.233646392822266,16.895158767700195,-6.610673427581787,18.318811416625977,-16.408069610595703,12.408281326293945,-14.517190933227539,11.008325576782227,-15.308748245239258,9.341850280761719,-7.467907905578613,6.537287712097168,-3.237229824066162,5.792198657989502,-3.797708034515381,5.930229663848877,0.1118713915348053,6.943612575531006,33.07264261905786,2.1322375687304884e-05,0.2643311976725869,0.4729520535512528,0.43388541569822237,0.3354576993139239,0.16263197779649757,0.18192194571344492,0.03432910544406633,37.051930313877406,clasicc,Achachak - 03 Delivery.mp3,inicio
95.703125,3887.3522308041015,3767.883602414179,7592.804087352458,0.10553772161619582,0.07560353726148605,0.5557344555854797,0.99691241979599,1.2463098764419556,0.06383920460939407,560.707763671875,-172.8561553955078,64.23694610595703,105.35586547851562,38.39104080200195,-35.53536605834961,27.500171661376953,57.12666320800781,16.308794021606445,0.46226072311401367,10.5773286819458,20.85032844543457,9.253378868103027,-0.7200810313224792,8.276057243347168,19.693878173828125,8.134264945983887,-3.60947847366333,8.262895584106445,3.9181387424468994,6.471027374267578,-4.707265377044678,6.882534980773926,7.241927623748779,6.784660816192627,-1.6027324199676514,7.1589250564575195,3.299035270221636,0.004006634932011366,0.31961501001498593,0.13864089032785537,0.09619050727345727,0.3877626179163296,0.15655962636682652,0.08882331656181049,0.03296716053603934,17.315741745067072,clasicc,Achachak - 03 Delivery.mp3,mitad
132.51201923076923,896.602558112038,1672.8655520956638,1250.7424369315984,0.021575077399380804,0.03699379786849022,0.4704798460006714,0.4341776371002197,0.4671584665775299,0.10417450964450836,578.6160278320312,-457.6603088378906,114.50066375732422,110.3410873413086,59.4677734375,13.927932739257812,37.62831115722656,6.8133134841918945,26.42026138305664,7.41757869720459,21.574974060058594,10.007579803466797,22.018348693847656,7.6804728507995605,20.395214080810547,6.2067484855651855,17.257164001464844,2.0153212547302246,16.34878158569336,4.7829718589782715,11.885031700134277,5.192241668701172,9.48214340209961,3.534045457839966,9.124032020568848,5.214473247528076,7.501956462860107,13.863044586445728,3.472538446658291e-05,0.3259443000620309,0.28744087602543567,0.19849781881674805,0.41699937919786895,0.039103453658089954,0.10976499182728147,0.04279566516193311,89.55788277636172,clasicc,Achachak - 03 Delivery.mp3,final
126.04801829268293,967.3208110599352,905.632977887468,1506.2992249479973,0.031525886464783284,0.08664774149656296,0.20378060638904572,0.5801638960838318,0.5409178733825684,0.08991310000419617,420.71881103515625,-375.5344543457031,49.77591323852539,201.17770385742188,33.2562255859375,-13.294784545898438,31.8504638671875,-44.048954010009766,15.421956062316895,-10.10413646697998,13.731809616088867,-19.070009231567383,7.805126190185547,-27.16918182373047,5.755623817443848,-19.493560791015625,9.276005744934082,-20.213459014892578,5.363467216491699,-16.39886474609375,6.383845329284668,-14.878849983215332,6.140336036682129,-20.021160125732422,6.776218414306641,-18.525182723999023,6.707790374755859,27.254721386291777,0.00041428327676840127,0.4201062751082971,0.32647505177831415,0.47482068895586066,0.40068137827520406,0.14782438512201732,0.20859832775012568,0.01961116327338955,34.01095029119741,clasicc,Achachak - 03 South Australia.mp3.mp3,inicio
120.18531976744185,1529.93090593125,1489.660543933355,2569.792794147881,0.048600046258223686,0.09081678837537766,0.24729003012180328,0.6015377044677734,0.5279355645179749,0.09023798257112503,396.00128173828125,-316.95703125,111.1450424194336,172.0964813232422,52.68408203125,-5.475847244262695,64.90733337402344,4.801855087280273,34.3842658996582,-17.223800659179688,15.982804298400879,-11.398396492004395,15.522711753845215,-20.955591201782227,11.18572998046875,-13.86306095123291,14.450614929199219,-14.888093948364258,8.742201805114746,-12.197256088256836,8.206026077270508,-12.7244873046875,7.166213512420654,-11.658926010131836,6.9388556480407715,-8.725140571594238,7.474860191345215,14.65038280346143,0.0009641075157560408,0.3259716725790572,0.3113447752922981,0.3805518155645791,0.3557095264222516,0.14228350581588875,0.13622614283076134,0.06451603940406453,20.933758932114053,clasicc,Achachak - 03 South Australia.mp3.mp3,mitad
135.99917763157896,2409.7965196362766,2443.83988042588,4161.741501185178,0.08750702943595201,0.0340283028781414,0.5263609290122986,0.5906951427459717,0.4454096555709839,0.0940171480178833,286.9146423339844,-432.016357421875,159.52862548828125,152.36936950683594,87.84183502197266,-15.462425231933594,56.41189193725586,3.861571788787842,28.55429458618164,7.534265995025635,21.107633590698242,5.064239025115967,14.380987167358398,0.010836480185389519,10.496073722839355,2.511338233947754,10.48572063446045,0.09494977444410324,8.537737846374512,0.4304952621459961,7.186760425567627,0.13378804922103882,5.417323589324951,-1.4299814701080322,5.69779109954834,-0.38274428248405457,6.4490203857421875,4.6795439897858815,0.03496989607810974,0.21834257120812878,0.19193286238851495,0.18341850815048183,0.2987956382517754,0.08609754443875514,0.08460087215632991,0.03380299136755428,37.01971384156577,clasicc,Achachak - 03 South Australia.mp3.mp3,final
133.92857142857142,644.787353784191,613.6417087099927,771.1878999289015,0.021413727837273373,0.0473812036216259,0.18183282017707825,0.31275758147239685,0.2887093424797058,0.0851682648062706,192.31570434570312,-505.7976379394531,26.20564079284668,134.23851013183594,26.908369064331055,46.81757736206055,15.84214973449707,-7.8692498207092285,11.806598663330078,-23.232059478759766,8.716729164123535,-27.916015625,9.3455228805542,-30.044878005981445,9.872647285461426,-27.18358612060547,8.681659698486328,-23.85944366455078,7.471665382385254,-21.620391845703125,8.44325065612793,-17.988861083984375,8.954253196716309,-15.001410484313965,7.6635918617248535,-12.618725776672363,5.493952751159668,92.86579611418811,0.0007118986104615033,0.47759538027276294,0.424222378956506,0.5926561955303946,0.42643215100288984,0.24338223654843896,0.1852851476995593,0.0,232.40856851450107,clasicc,Achachak - 04 Eid Almilad.mp3,inicio
119.68085106382979,1356.0546195726254,1370.2306037724356,2415.9288348738,0.03448449442321365,0.05455517768859863,0.215703085064888,0.5235818028450012,0.23090699315071106,0.08374922722578049,55.413780212402344,-361.9732360839844,32.9835205078125,176.82666015625,21.536434173583984,-62.76215744018555,18.946491241455078,-11.923604011535645,12.97608757019043,-7.746449947357178,12.731361389160156,-23.862747192382812,10.366039276123047,-17.821298599243164,9.198742866516113,-22.216421127319336,6.950344085693359,-11.576300621032715,7.748708248138428,-17.250520706176758,7.386423110961914,-18.693201065063477,7.50231409072876,-10.708353042602539,6.020820617675781,-9.54509449005127,7.0482025146484375,43.1707532143137,2.767107844192651e-06,0.5191323741533197,0.3126730740116624,0.42172212509050333,0.46838579326440666,0.19637819252562477,0.14609203437734677,0.056677619438277996,18.04974884385944,clasicc,Achachak - 04 Eid Almilad.mp3,mitad
130.8139534883721,1210.6212555378502,1661.1669071695983,2415.7122067188056,0.02419448348071454,0.0604013130068779,0.4520934820175171,0.6877188682556152,0.3730839192867279,0.09309394657611847,296.59429931640625,-350.0346374511719,138.45611572265625,195.71307373046875,77.55655670166016,-12.251954078674316,45.53471755981445,17.250551223754883,14.228216171264648,16.388391494750977,12.651320457458496,5.495826244354248,7.495898723602295,0.037910621613264084,8.69483757019043,0.40064266324043274,8.559380531311035,2.1748716831207275,8.577016830444336,-0.018038980662822723,7.962470531463623,-1.4117703437805176,6.4263081550598145,-4.229544162750244,5.926761150360107,-1.639870285987854,4.728382110595703,3.8179401277947136,0.03819679468870163,0.28305637625582736,0.17826217739366318,0.27718852028145957,0.21438426085871723,0.08673172275747197,0.09176854660785651,0.04801762277176217,115.35618069499608,clasicc,Achachak - 04 Eid Almilad.mp3,final
97.50884433962264,2162.500539573618,1584.98385768252,2780.999850341041,0.10043401098103716,0.08537125587463379,0.18174409866333008,0.5372732877731323,0.5305418372154236,0.08586042374372482,156.32266235351562,-387.7713928222656,80.73655700683594,166.26388549804688,51.36149215698242,-26.739200592041016,13.935938835144043,-6.34891414642334,12.290369033813477,-11.96037769317627,9.257790565490723,-33.08603286743164,14.27648639678955,-5.2724690437316895,9.074623107910156,4.192233562469482,7.305043697357178,-8.931591033935547,10.975646018981934,-9.778621673583984,10.410188674926758,-3.6918649673461914,8.802942276000977,1.7525256872177124,8.574484825134277,7.097613334655762,9.092595100402832,49.7598541957081,0.004186323378235102,0.278250908726818,0.5307791732903069,0.34142435247596276,0.45991355744700196,0.17350895817204423,0.14909751687262573,0.02833616883497111,30.433485817855043,clasicc,Achachak - 04 Fiorire.mp3.mp3,inicio
126.04801829268293,1318.2938084565533,1391.3252399886653,1711.7729824762964,0.05413761670375387,0.08934622257947922,0.1884581744670868,0.5102543830871582,0.4205573797225952,0.08602305501699448,357.91314697265625,-359.8583679199219,67.952880859375,170.8292694091797,25.855026245117188,-33.55400848388672,18.95380401611328,-4.564614772796631,14.635763168334961,-9.89472770690918,7.696115493774414,-24.94517707824707,13.80908203125,0.9651795625686646,10.727465629577637,3.854417085647583,7.925259590148926,-13.755221366882324,13.874320983886719,-11.700282096862793,10.367681503295898,-1.7085484266281128,9.600873947143555,1.8010269403457642,7.430718898773193,3.9517107009887695,9.964311599731445,48.871146608304535,5.69676558370702e-06,0.3460604921115961,0.5103337731793767,0.4294224956506943,0.4302757472045165,0.16501202162186113,0.1555477420356704,0.10987668062894197,32.706813507222144,clasicc,Achachak - 04 Fiorire.mp3.mp3,mitad
120.18531976744185,753.4483064559604,1151.4642494637822,1089.4934119823915,0.023485118759674923,0.09778425842523575,0.2733258306980133,0.4144362807273865,0.6141464710235596,0.11530111730098724,747.8076171875,-425.46990966796875,97.32074737548828,175.223876953125,44.0319709777832,62.484519958496094,55.53284454345703,17.954187393188477,22.588375091552734,0.5222067832946777,13.856966018676758,-2.056643009185791,13.17436408996582,-2.7747552394866943,10.933921813964844,-2.3760616779327393,9.81343936920166,-2.9463326930999756,6.526278972625732,-2.0107345581054688,6.332055568695068,-2.7068405151367188,5.808432579040527,-3.6888318061828613,7.252682685852051,-4.9566850662231445,8.511720657348633,20.902197228597196,0.00016200004029087722,0.1738483791784368,0.5111153438581181,0.4562771835380633,0.3230125804389724,0.25328728263120764,0.13017162802200147,0.0,108.29145742862232,clasicc,Achachak - 04 Fiorire.mp3.mp3,final
120.18531976744185,1144.919098952445,1364.2205418438857,1772.4892819998065,0.028088265528250774,0.08920949697494507,0.16433578729629517,0.727266788482666,0.30466577410697937,0.08489769697189331,91.00270080566406,-397.261474609375,21.61457061767578,143.27215576171875,13.507184982299805,-33.133445739746094,15.244098663330078,-10.600292205810547,8.923534393310547,14.055994987487793,12.378744125366211,-9.277137756347656,8.239080429077148,-7.297816753387451,7.030477046966553,-13.34748363494873,8.226057052612305,-22.72157096862793,7.833144187927246,-13.458322525024414,7.6773247718811035,-15.702831268310547,8.115870475769043,-16.007783889770508,9.727978706359863,-6.25740909576416,13.027077674865723,89.57152933096793,6.793392458348535e-06,0.49614157285336236,0.31447442346499044,0.43840080440930734,0.554712369800822,0.2282196222768595,0.24044006960530825,0.0511920643153904,8.781451862014901,clasicc,Achachak - 04 Victoria.mp3.mp3,inicio
114.84375,1742.5369326683406,1867.656393087836,3140.6893420145607,0.05251215412151703,0.12549418210983276,0.22077618539333344,0.7469577193260193,0.4523984491825104,0.08398497849702835,645.1751708984375,-256.9613952636719,76.86170959472656,167.88824462890625,33.575103759765625,-44.063819885253906,25.452247619628906,6.508642196655273,36.76945114135742,-12.041205406188965,16.96554183959961,-8.200047492980957,16.566295623779297,-17.325918197631836,12.289477348327637,-9.53632640838623,12.379060745239258,-15.842982292175293,8.991081237792969,-11.959877014160156,9.23331069946289,-10.584888458251953,8.263542175292969,-12.469688415527344,9.287402153015137,-9.553305625915527,10.258708000183105,26.010358096423452,9.167651296593249e-05,0.46041532520532424,0.2820105696616246,0.3796614293835865,0.4395383745106576,0.18787221585286343,0.1784874750083649,0.0534066543064169,21.72233213118724,clasicc,Achachak - 04 Victoria.mp3.mp3,mitad
143.5546875,1408.170202272115,2056.2344516828775,2359.1857343266256,0.04084423525783669,0.030199309810996056,0.40288060903549194,0.21967197954654694,0.27878084778785706,0.12748761475086212,47.75330352783203,-538.7686157226562,82.00106811523438,86.47467803955078,58.73849868774414,34.11081314086914,33.084529876708984,24.416696548461914,21.212238311767578,20.26720428466797,8.771086692810059,9.286211013793945,7.279616355895996,5.263396263122559,5.284794330596924,-0.39499932527542114,5.895421504974365,-6.0484938621521,9.935861587524414,-5.949892997741699,7.037367343902588,-6.962013244628906,6.502436637878418,-8.321625709533691,6.7173171043396,-9.176077842712402,5.403914451599121,105.25957260519306,0.019636444747447968,0.39976596532072617,0.19636798232684302,0.33246024313741684,0.13354563684203075,0.07696838807765286,0.16679027153547954,0.037138885630358234,371.4887404591693,clasicc,Achachak - 04 Victoria.mp3.mp3,final
123.046875,1851.4636861453746,1246.4988446737925,2782.291509197223,0.0630750154194079,0.08466411381959915,0.26340824365615845,0.5837814807891846,0.5201913714408875,0.0992613285779953,111.31834411621094,-357.7109069824219,42.36998748779297,124.73292541503906,18.36171531677246,-153.65078735351562,17.606464385986328,-39.772796630859375,12.492157936096191,-25.797090530395508,11.27511978149414,-35.323875427246094,7.131775856018066,-2.725095272064209,5.3867058753967285,-22.683237075805664,7.791287899017334,-14.310317039489746,4.130637168884277,-13.334619522094727,4.230135440826416,-21.17524528503418,5.70621919631958,-10.572619438171387,5.456452369689941,-16.05156135559082,6.352220058441162,30.45813935720991,0.0003919593582395464,0.2395687601678095,0.37180291569380025,0.4395413983477098,0.294654993525304,0.11515762181725296,0.1605308617619951,0.02098853949306769,0.07542320014182827,clasicc,Achachak - 04-Fourth_Movement.mp3.mp3,inicio
117.45383522727273,1743.1562517914906,1990.7277678377586,3378.32957170327,0.051100786994485295,0.16346819698810577,0.2857360541820526,0.8030937910079956,0.2472991794347763,0.08407643437385559,587.7406005859375,-183.26629638671875,40.15355682373047,180.0626678466797,19.49789047241211,-56.62733459472656,9.279526710510254,32.35966110229492,8.810711860656738,3.209064483642578,9.512190818786621,-6.668939113616943,9.117467880249023,-9.170342445373535,11.553604125976562,-9.696881294250488,9.839461326599121,-6.786509037017822,8.302557945251465,-8.221765518188477,9.036564826965332,-5.408910751342773,7.93768310546875,-7.722484111785889,6.50734281539917,-2.064662456512451,6.520458698272705,13.979701923178396,3.9587415813002735e-05,0.38434577027045014,0.32939366896294464,0.3706979866120533,0.29666439819768853,0.16268013188757321,0.14172149423007802,0.052967048978766466,29.885943241969525,clasicc,Achachak - 04-Fourth_Movement.mp3.mp3,mitad
139.6748310810811,1301.3004217497744,2232.352448912256,1895.7635365772542,0.02675550714734907,0.05022123456001282,0.22397184371948242,0.6549003720283508,0.42334413528442383,0.10957217961549759,146.44200134277344,-424.52679443359375,84.37890625,110.3617935180664,46.798824310302734,-1.9183789491653442,20.34134292602539,17.040958404541016,7.667547225952148,17.952268600463867,9.690180778503418,8.239890098571777,6.831358909606934,-5.605620861053467,15.070235252380371,-2.038501501083374,8.975973129272461,-6.196576118469238,7.166591644287109,-0.9456494450569153,9.136007308959961,6.808060169219971,14.388266563415527,7.824873447418213,14.305733680725098,17.43232536315918,15.027713775634766,45.802834741366254,3.1254752684617415e-05,0.3129380515360292,0.2492894048694725,0.2795350434569314,0.2972717429408687,0.11559528785451527,0.1660317614373483,0.06367569012044537,85.93990646489874,clasicc,Achachak - 04-Fourth_Movement.mp3.mp3,final
120.18531976744185,1679.0518789714438,2003.726125831307,2165.428572616341,0.049054692035119966,0.06201312318444252,0.17035731673240662,0.6336971521377563,0.4868050515651703,0.08570466935634613,87.25300598144531,-433.9257507324219,89.86404418945312,88.67771911621094,29.34483528137207,-58.354217529296875,29.706743240356445,-28.9986515045166,10.281305313110352,-20.233861923217773,10.966788291931152,-0.9614275693893433,6.914217472076416,-7.37294864654541,7.010753154754639,-2.4721438884735107,7.8584747314453125,-17.751279830932617,7.8750762939453125,-12.589473724365234,8.768532752990723,-10.178088188171387,9.975303649902344,-9.932564735412598,13.65392017364502,4.620941162109375,15.88545036315918,91.63991723909122,0.0002749857376329601,0.2640822911270942,0.5650133346110325,0.42140925385392297,0.5005832608005255,0.19585218454670839,0.1915090775796547,0.028328566968485715,2.637394692835654,clasicc,Achachak - 05 Fifth Movement.mp3.mp3,inicio
120.18531976744185,1746.864252787745,1926.618995384238,3328.5132062693497,0.056321465932178794,0.1383781135082245,0.242758110165596,0.8078805804252625,0.2778162956237793,0.07455838471651077,569.7802734375,-180.5648651123047,33.79214859008789,193.1776580810547,14.296321868896484,-60.196571350097656,8.71181869506836,37.83578109741211,9.215041160583496,6.7500481605529785,8.492063522338867,4.1608805656433105,6.501008987426758,-2.1405255794525146,6.010801792144775,2.501326560974121,6.313623905181885,1.3992482423782349,6.487290859222412,-2.7017416954040527,5.801220417022705,-1.9595520496368408,6.1806135177612305,-4.072831630706787,6.08351993560791,-1.7852097749710083,6.180627346038818,8.203950717367455,2.3818703994038515e-05,0.1886009606631597,0.35389160568602157,0.41013112565221665,0.35097547300985193,0.1457719700280894,0.13006461216588577,0.04886031223062,36.597446327328974,clasicc,Achachak - 05 Fifth Movement.mp3.mp3,mitad
120.18531976744185,1218.6855745910682,1763.139000281116,1790.8058379087654,0.02933240010642415,0.041164033114910126,0.448807954788208,0.6215713620185852,0.48567527532577515,0.10625043511390686,344.46466064453125,-435.6949462890625,124.70442199707031,138.37937927246094,64.66754913330078,-10.12595272064209,66.9345932006836,-0.61082923412323,32.153072357177734,3.610609769821167,23.63840103149414,10.91171932220459,11.834547996520996,4.2615885734558105,12.61776351928711,8.003984451293945,8.30098819732666,-1.9933326244354248,13.739953994750977,0.0197848379611969,11.510029792785645,-1.8229031562805176,12.058813095092773,-2.4634997844696045,10.604957580566406,4.063005447387695,9.27652645111084,9.792731517103393,3.377033499418758e-05,0.27400010473746156,0.32458282553525214,0.2018100347282102,0.36272876434862633,0.1401224382730039,0.14991439450553606,0.030923449198552423,50.31848740709517,clasicc,Achachak - 05 Fifth Movement.mp3.mp3,final
120.18531976744185,2047.9070085406374,1652.049438300145,2930.532279472233,0.08827856672068499,0.07702124863862991,0.4265698790550232,0.6368756890296936,0.4902801215648651,0.11656869947910309,852.914794921875,-370.521240234375,119.58917999267578,135.93362426757812,56.991119384765625,15.937773704528809,63.77577590942383,18.372854232788086,19.68338394165039,14.284221649169922,20.280363082885742,6.862016677856445,21.134136199951172,3.870720624923706,14.78630256652832,3.745677947998047,11.422609329223633,0.5593063235282898,11.260295867919922,-1.9524197578430176,8.719722747802734,-4.658482074737549,9.546957015991211,-4.63162088394165,8.315984725952148,-4.5514421463012695,8.471759796142578,8.860215043168298,0.004837912507355213,0.2564486686865582,0.22661755853567594,0.3153751377536102,0.29832647201106394,0.14643047678299176,0.11228846601911391,0.0,32.79678155307547,clasicc,Achachak - 05 Riposo.mp3.mp3,inicio
132.51201923076923,1534.0436838959172,1905.250205608665,2092.5706798447177,0.04637254650009675,0.09108232706785202,0.18279032409191132,0.675299882888794,0.5712702870368958,0.08868714421987534,252.56146240234375,-351.557861328125,70.8935546875,132.10467529296875,32.689056396484375,-43.15602493286133,42.63278579711914,-23.0716552734375,17.993986129760742,-24.822280883789062,13.189850807189941,-2.337939739227295,10.029560089111328,-13.868443489074707,10.62026596069336,-7.043586254119873,11.01531982421875,-12.023419380187988,7.263644695281982,-7.663000583648682,6.024384021759033,-6.720961570739746,7.882068634033203,-15.88896656036377,10.180621147155762,-13.67890739440918,11.513381004333496,37.16452322151403,2.5484394427621737e-05,0.36063976131807174,0.40957453735683264,0.44098556978720016,0.2812898362145296,0.17202356728436807,0.18584444733665026,0.04825490397748769,3.3808395735967416,clasicc,Achachak - 05 Riposo.mp3.mp3,mitad
129.19921875,1696.3196225077434,2014.0421285152308,2300.694421348926,0.0654380018866099,0.01974814012646675,0.2538115978240967,0.3312925398349762,0.8841166496276855,0.08797801285982132,96.44169616699219,-544.4156494140625,110.12906646728516,157.4795684814453,74.45653533935547,23.077219009399414,44.62354278564453,-15.662946701049805,40.466617584228516,-0.09823334217071533,16.592674255371094,3.9981322288513184,11.466012954711914,-2.6019680500030518,13.25179386138916,-5.378788948059082,9.707169532775879,-2.8752312660217285,6.030496120452881,-2.8364317417144775,5.039104461669922,-5.713863849639893,4.575809478759766,-8.55724811553955,5.368366241455078,-13.582258224487305,7.107043266296387,12.638705624139577,0.0027016568928956985,0.1686296782998538,0.07474892023720442,0.09444499560859451,0.07299905178377299,0.0476531197286933,0.05029496663585072,0.011968371783202767,31.87715374699586,clasicc,Achachak - 05 Riposo.mp3.mp3,final
129.19921875,771.9396957799528,1414.1578593309166,1166.5679459232294,0.01675594554227941,0.05925852805376053,0.41199588775634766,0.560848593711853,0.645199179649353,0.10917555540800095,391.6703796386719,-424.2149658203125,101.02935791015625,154.52407836914062,56.297637939453125,39.23447036743164,51.98279571533203,18.596607208251953,32.525474548339844,22.851903915405273,17.137468338012695,14.62022876739502,10.672782897949219,12.021979331970215,8.518061637878418,9.044861793518066,7.797231674194336,2.7573065757751465,11.534402847290039,3.327275037765503,9.388528823852539,1.7883590459823608,10.263463973999023,3.4974422454833984,6.73018217086792,2.8849897384643555,7.313517093658447,11.553648996294044,0.0005846429266966879,0.22338500778122447,0.19948746724888047,0.2530240625397692,0.3589092519248344,0.1596916050358122,0.12169398503217403,0.04191337017870177,207.58500409727907,clasicc,Achachak - 05 Western Australia.mp3.mp3,inicio
126.04801829268293,2218.430263052673,2310.829940700117,3925.7345949533187,0.06554816750919118,0.09920497238636017,0.20127618312835693,0.8735771775245667,0.31692957878112793,0.08385909348726273,320.910888671875,-289.43988037109375,44.257362365722656,110.26683807373047,30.451412200927734,-71.25872039794922,24.048582077026367,21.042137145996094,18.947927474975586,-11.032368659973145,13.193157196044922,-20.296905517578125,7.451708793640137,-17.368778228759766,8.614692687988281,-13.054656982421875,7.360437870025635,-12.254761695861816,8.873851776123047,-5.637657642364502,10.717840194702148,-6.300199031829834,8.14372730255127,-19.576141357421875,6.61479377746582,-13.713135719299316,7.819405555725098,56.390407950039005,4.7316232667071745e-05,0.391224765617564,0.2662248401985994,0.24105373139272776,0.5747045600972713,0.10209194678764887,0.2350360134239306,0.0830000412797456,7.314673036956167,clasicc,Achachak - 05 Western Australia.mp3.mp3,mitad
92.28515625,1654.2829565389652,2140.9883940825944,3180.0391040719333,0.03376056682952786,0.08205471932888031,0.2631789445877075,0.5581619143486023,1.0838545560836792,0.10400070995092392,303.54559326171875,-401.9509582519531,130.87901306152344,146.62489318847656,66.53399658203125,17.281116485595703,59.77325439453125,23.062044143676758,22.75691032409668,-4.305220603942871,17.70176124572754,-16.266773223876953,14.422131538391113,-14.584407806396484,11.54858112335205,-14.821255683898926,9.828424453735352,-15.365058898925781,8.704447746276855,-12.133355140686035,7.608126163482666,-7.9057722091674805,7.000644207000732,-5.4334235191345215,5.970387935638428,-4.274907112121582,6.702104091644287,18.501225167698873,0.003734388155862689,0.4146799076910605,0.38049921211471327,0.29745088030251554,0.28755811153436484,0.10775675861266029,0.16857552615985313,0.01805235907376887,37.63248058689212,clasicc,Achachak - 05 Western Australia.mp3.mp3,final
114.84375,2190.2747689104594,2487.2933934347097,4027.2506477663023,0.05718068220297988,0.09535113722085953,0.20983216166496277,0.8517134785652161,0.41452470421791077,0.08084126561880112,454.12799072265625,-233.10719299316406,110.24201965332031,134.1700897216797,48.60207748413086,-50.487266540527344,17.623388290405273,28.018896102905273,11.96365737915039,-8.850801467895508,9.182711601257324,9.502846717834473,7.089758396148682,-10.699502944946289,9.065840721130371,3.3151636123657227,6.1036248207092285,-10.18875789642334,10.880481719970703,-3.4777181148529053,5.940248966217041,-6.230123043060303,6.1284356117248535,-0.24189157783985138,8.930984497070312,-1.4782580137252808,5.699102401733398,12.482636098931655,0.0659511387348175,0.27420487295676665,0.38065438381121486,0.35829411628028623,0.3597651305793687,0.12216769201098858,0.16541652209430935,0.03937937208823367,20.540848595154987,clasicc,Achachak - Admiration.mp3,inicio
132.51201923076923,1889.951401366135,2722.6643539778893,2669.4755247133803,0.0396715288191757,0.10741618275642395,0.14890074729919434,0.8188368678092957,0.3336319625377655,0.0816711038351059,347.8637390136719,-350.3721618652344,56.197025299072266,89.45539855957031,20.944074630737305,-47.121299743652344,16.16762351989746,-28.44193458557129,9.1076021194458,-24.355459213256836,10.928608894348145,-11.27200698852539,6.987247467041016,-24.51515007019043,6.787023544311523,-4.7537617683410645,7.132776260375977,-18.0295352935791,9.808856010437012,-7.578979015350342,9.364693641662598,-4.854142665863037,12.063319206237793,0.06878718733787537,17.397687911987305,14.460908889770508,20.370349884033203,79.78143303141076,6.060185842216015e-05,0.36159474706082523,0.38162683210882836,0.4793534782231532,0.4869899292362383,0.19228839328783498,0.2347302881806059,0.06927263948015518,1.177906148573988,clasicc,Achachak - Admiration.mp3,mitad
126.04801829268293,4193.264662152577,3465.781688143322,7050.774031600716,0.1744715451456076,0.02346229925751686,0.3570305109024048,0.4837179183959961,0.44494128227233887,0.12816692888736725,30.802595138549805,-521.6167602539062,163.97364807128906,71.22962951660156,59.36427688598633,-30.061782836914062,32.21382522583008,-5.36729621887207,20.76342010498047,-15.956646919250488,16.471466064453125,-10.701957702636719,14.145263671875,-18.322147369384766,15.57445240020752,-3.636742115020752,7.4879913330078125,-11.950045585632324,11.477538108825684,-3.897404909133911,5.658753395080566,-7.355699062347412,8.015350341796875,-6.082398414611816,7.657134532928467,-1.1241393089294434,5.596213340759277,20.704244167250682,0.17684881389141083,0.26217189644138533,0.34827846708596794,0.3049198158331035,0.2541352832531553,0.09499005244227754,0.12248582404930275,0.04274200198474665,1.3965511712922452,clasicc,Achachak - Admiration.mp3,final
109.95678191489361,1794.0645147572343,1797.105518802219,3272.088547461542,0.05874813304227941,0.0699714794754982,0.32916706800460815,0.7839827537536621,0.5508760809898376,0.09191739559173584,280.6265869140625,-301.4464416503906,71.83943939208984,169.2082061767578,61.70654296875,-27.234121322631836,36.20672607421875,16.3028621673584,22.818342208862305,7.248572826385498,18.38001823425293,-2.590226888656616,16.728065490722656,0.37514474987983704,13.307089805603027,-3.154096841812134,10.955496788024902,-2.104421615600586,12.40868091583252,-7.051579475402832,10.542978286743164,-4.65873384475708,9.411190032958984,-1.5649771690368652,10.052547454833984,-3.2214677333831787,9.162431716918945,7.37192038528813,0.00015450306818820536,0.16354375970289414,0.3453337637478684,0.32515922511798107,0.20315700746055018,0.1588919206964022,0.11312026079012866,0.05663228343253372,69.51543997205594,clasicc,Achachak - Allegro.mp3,inicio
109.95678191489361,1732.196936963033,1926.739233649743,3333.621508713477,0.05294261259191176,0.05493924766778946,0.31894779205322266,0.8407517075538635,0.40771979093551636,0.09220103919506073,135.24359130859375,-298.9320373535156,47.36669158935547,182.84605407714844,29.62060546875,-42.0147819519043,23.205270767211914,32.204986572265625,14.018060684204102,4.5559868812561035,12.531235694885254,-0.6185680627822876,19.22691535949707,1.7029370069503784,13.522990226745605,-3.444303512573242,8.239423751831055,-0.28376320004463196,9.988059997558594,-3.895815134048462,10.208959579467773,1.313146948814392,11.042861938476562,1.531639814376831,11.457182884216309,-0.2514154314994812,10.453983306884766,6.506894942775347,5.59529617021326e-05,0.37949548362719154,0.3509341640285969,0.3746382708049993,0.21248466214924577,0.15919754773911982,0.13656673202551278,0.043726561180891105,52.95336724312446,clasicc,Achachak - Allegro.mp3,mitad
120.18531976744185,1235.21948441722,1619.7991648844766,2331.944232385594,0.028861314519640094,0.08461273461580276,0.21083539724349976,0.6333708763122559,0.6492413878440857,0.08467090874910355,169.0829315185547,-338.9251708984375,81.79788208007812,188.915283203125,54.48469924926758,-8.764913558959961,15.041305541992188,18.031890869140625,9.960816383361816,18.567262649536133,8.570566177368164,-8.246914863586426,8.668437004089355,-3.0726943016052246,7.943703651428223,-9.29881477355957,7.270873546600342,-9.71883773803711,6.814052581787109,-8.055764198303223,5.747707843780518,-13.864306449890137,6.942344665527344,-7.3694868087768555,9.62597370147705,-8.568320274353027,6.828863143920898,17.0487948147993,0.003276958130300045,0.1404913938031536,0.4664043743213356,0.3715819287672596,0.20261569914519056,0.1981835443160247,0.1380432348539452,0.014287374973722745,117.38867964125403,clasicc,Achachak - Allegro.mp3,final
123.046875,2669.657880933095,2279.843514899912,4534.139249346943,0.08181016290150929,0.01983719691634178,0.21835877001285553,0.9205633997917175,0.31229764223098755,0.08673945814371109,16.587671279907227,-442.40130615234375,38.98540496826172,84.2164077758789,21.8170166015625,-95.01334381103516,12.611117362976074,36.222007751464844,13.956918716430664,-15.479195594787598,10.097758293151855,-22.91518783569336,7.157589912414551,-20.850370407104492,10.111007690429688,-11.096031188964844,7.331347465515137,-11.773130416870117,8.063061714172363,-6.464310169219971,11.192680358886719,-3.4625794887542725,9.58288860321045,-19.83545684814453,7.4505228996276855,-15.610433578491211,8.955550193786621,41.62768374757139,0.0005498974933288991,0.2702326202799407,0.3002754680727307,0.45881352927009483,0.3187972807333669,0.1695717619915097,0.15840267303642158,0.07229461836539201,0.5962212695081064,clasicc,Achachak - Basalt.mp3,inicio
120.18531976744185,3408.718389523632,2583.45196280786,5441.550429022349,0.11986227596507353,0.029868489131331444,0.21587508916854858,1.0211832523345947,0.27517473697662354,0.08249260485172272,50.14374542236328,-400.4560852050781,31.011857986450195,49.562950134277344,25.271482467651367,-94.15556335449219,10.966816902160645,34.119606018066406,8.380936622619629,-27.029708862304688,10.300142288208008,-20.22412109375,6.826746463775635,-32.08536911010742,8.264379501342773,-12.228358268737793,6.987371444702148,-17.43793487548828,7.635644435882568,-5.2762861251831055,9.87619400024414,-5.858721733093262,10.953292846679688,-0.022975483909249306,17.331512451171875,4.015665054321289,13.473374366760254,40.59466739258725,0.0001295120018767193,0.2682510683995695,0.3370883530999952,0.348333548667064,0.4929959868629966,0.15873443860756378,0.14137466420027123,0.09376746991101094,0.30351156980473204,clasicc,Achachak - Basalt.mp3,mitad
129.19921875,1432.0704427414557,1479.5150000871417,2388.377224476345,0.04849498264560759,0.05410706251859665,0.2455015331506729,0.42020097374916077,0.2519465982913971,0.10830417275428772,153.89027404785156,-499.2643737792969,101.38420104980469,143.43898010253906,51.00764083862305,36.43748092651367,58.22121047973633,3.1046535968780518,17.125871658325195,-15.576788902282715,16.850616455078125,-23.833768844604492,11.663728713989258,-22.540603637695312,8.430444717407227,-19.595335006713867,9.350798606872559,-19.03948211669922,7.930720806121826,-16.24181365966797,7.162419319152832,-15.292612075805664,7.048758506774902,-14.25039291381836,7.068434715270996,-12.92775821685791,7.194149017333984,30.21565643950018,0.011258086189627647,0.30940803910747705,0.22573846147923496,0.30145919613430583,0.3782103880839873,0.24807940618706795,0.07602520504955462,0.07648627692756421,17.09867978750712,clasicc,Achachak - Basalt.mp3,final
123.046875,1246.6005057184204,2311.189679485161,1661.414953651074,0.026930865119485295,0.06549905240535736,0.14691106975078583,0.8061974048614502,0.27801626920700073,0.08485886454582214,75.57731628417969,-481.5578918457031,19.616777420043945,111.054443359375,11.753612518310547,-3.2237398624420166,19.5590763092041,-15.214200973510742,10.694725036621094,-6.983806610107422,6.727577209472656,-10.127744674682617,7.15227746963501,-16.20661163330078,11.82883358001709,-31.07146453857422,14.109354972839355,-29.33855628967285,11.234103202819824,-12.704391479492188,20.41546058654785,-0.553717851638794,24.590702056884766,10.171887397766113,23.813413619995117,17.03458023071289,22.088600158691406,189.0769279767683,0.00015661679208278656,0.20880978559318944,0.30474689284272005,0.44219835514334155,0.43111883311238736,0.18422022921201023,0.18456361086608225,0.06374876038483937,5.758148894190094,clasicc,Achachak - Chalk.mp3,inicio
123.046875,1470.8827492471903,1542.152695839133,2368.1773466222426,0.04966768908426858,0.11208824068307877,0.25801965594291687,0.6957695484161377,0.460706889629364,0.0950697660446167,363.5670471191406,-279.32623291015625,61.455650329589844,194.89633178710938,45.29674530029297,-50.99119567871094,22.144210815429688,7.187540054321289,13.20882797241211,-0.510811448097229,9.783479690551758,-17.806293487548828,10.068120002746582,-4.763962268829346,6.646142959594727,-6.399752140045166,8.760798454284668,-13.212470054626465,7.1300249099731445,-15.021039962768555,9.33427619934082,-11.004722595214844,7.540648460388184,-6.5988922119140625,7.265008926391602,-2.199629545211792,7.271656036376953,18.46359260234159,0.0004138535005040467,0.2989844417301569,0.2740319579011812,0.2856653967808356,0.37211424120381176,0.12873780879754565,0.10673485119140406,0.0,20.965172647245613,clasicc,Achachak - Chalk.mp3,mitad
126.04801829268293,2129.041609074014,2239.5210118647647,3435.662558351877,0.06680458470394737,0.08304759860038757,0.28504762053489685,0.750015377998352,0.4869228005409241,0.11195943504571915,266.8484191894531,-367.0075378417969,94.89883422851562,114.03182983398438,52.363983154296875,-50.41388702392578,26.15471076965332,3.139331340789795,17.18567657470703,12.163286209106445,11.967313766479492,-3.5636820793151855,8.44693374633789,-2.9275918006896973,7.388171672821045,-2.2130095958709717,12.228163719177246,-9.764312744140625,17.643747329711914,-5.547670364379883,18.89490509033203,-0.4271602928638458,17.619356155395508,4.029279708862305,10.8452787399292,0.26459893584251404,14.059910774230957,33.100511091915294,0.0011862870305776596,0.22080055412706998,0.26173128711928956,0.2658208898410989,0.3773496489634662,0.13036382761900656,0.13865057314552734,0.009126788819608711,5.928785839709825,clasicc,Achachak - Chalk.mp3,final
129.19921875,792.2695709841338,919.1774277048677,995.2939815934598,0.030359415816079722,0.10301491618156433,0.20974592864513397,0.4923552870750427,0.3396061956882477,0.0895293727517128,222.227783203125,-387.86334228515625,34.04318618774414,195.50193786621094,22.276533126831055,31.811420440673828,19.99248504638672,-11.614490509033203,13.840004920959473,-29.232467651367188,11.319661140441895,-36.34495544433594,8.515874862670898,-27.755212783813477,6.750962257385254,-23.968238830566406,7.536187171936035,-22.5135555267334,8.31340503692627,-16.36940574645996,7.294168472290039,-8.870210647583008,5.3400492668151855,-13.10939884185791,8.162415504455566,-13.471416473388672,6.633050441741943,30.059433237044097,1.3862869536751532e-06,0.4668089794736214,0.27709270233729455,0.35196694831528824,0.4793258956825136,0.11430354192236696,0.19905398900560026,0.04552979415955282,112.79588829280641,clasicc,Achachak - Contentezza.mp3,inicio
123.046875,1514.1812297713045,1486.233267563701,2524.4180685226393,0.05064425158426858,0.12746289372444153,0.25766170024871826,0.5758965015411377,0.4883652329444885,0.0876455307006836,437.41192626953125,-257.9674072265625,52.04441452026367,201.22671508789062,42.81559753417969,-46.960968017578125,28.437021255493164,-0.010461010038852692,19.68621253967285,-2.989760160446167,12.169809341430664,-18.505699157714844,13.664443969726562,-11.216367721557617,8.302656173706055,-16.066679000854492,9.577361106872559,-13.756979942321777,8.126739501953125,-8.579680442810059,7.59828519821167,-10.100852012634277,6.730809211730957,-5.08970832824707,7.257160186767578,-2.968735933303833,7.149833679199219,14.101200191789507,0.0002883241686504334,0.35829274038223297,0.2896755747009983,0.29803381129322604,0.4612697263926051,0.14105465197667988,0.14084699661213973,0.05190905518399813,21.272575238971825,clasicc,Achachak - Contentezza.mp3,mitad
109.95678191489361,2083.9593308106214,2127.646045114106,3648.4112718895126,0.05691670042811533,0.12096292525529861,0.26411470770835876,0.628821849822998,0.40169069170951843,0.0937034860253334,1419.9599609375,-300.3160705566406,156.43280029296875,143.14501953125,91.3414077758789,-43.86183547973633,45.570945739746094,8.474091529846191,30.942350387573242,-3.1696577072143555,8.628311157226562,-8.941634178161621,14.462849617004395,-9.213777542114258,10.186223983764648,0.3322339951992035,10.91798210144043,-2.911424398422241,10.926531791687012,-4.07420539855957,7.69370698928833,-7.894989967346191,6.956907272338867,-12.232955932617188,11.001946449279785,-8.673812866210938,9.744128227233887,7.77710592290626,0.008900001645088196,0.40982024644976556,0.2589369350243412,0.32932312798511,0.23277562708181893,0.15098705638142554,0.17828980588168514,0.04240273532936152,39.88347438922077,clasicc,Achachak - Contentezza.mp3,final
117.45383522727273,676.6136452559385,1465.4632959100088,824.0533503954624,0.017117999286474457,0.06588395684957504,0.18957749009132385,0.5936025977134705,0.323792040348053,0.0961463525891304,89.90093994140625,-473.7179260253906,52.16285705566406,145.0880584716797,44.291263580322266,38.28461837768555,21.265342712402344,14.724924087524414,15.131988525390625,18.739850997924805,13.042488098144531,12.059792518615723,12.018754959106445,11.96354866027832,12.199417114257812,8.376352310180664,8.253752708435059,-3.45617938041687,7.814697265625,-10.062501907348633,8.50745677947998,-11.492704391479492,9.21526050567627,-10.958467483520508,9.491220474243164,-8.091506958007812,9.062359809875488,59.6464254481103,0.0662790834903717,0.3213752373035143,0.16949832984118365,0.4598757935003912,0.21059798650352812,0.13595043799562728,0.12314589194992037,0.04994678249178871,408.734359942832,clasicc,Achachak - Dreaming.mp3,inicio
117.45383522727273,953.1293916203887,1433.7983918469624,1387.39161063274,0.028351680413119196,0.09507258236408234,0.17043159902095795,0.674147367477417,0.306984543800354,0.08610692620277405,191.7540283203125,-410.68280029296875,41.60277557373047,151.61984252929688,40.916648864746094,15.801486015319824,23.263967514038086,0.9007912278175354,14.582608222961426,5.419447898864746,12.951168060302734,-4.444513320922852,11.996909141540527,-8.77112865447998,10.273385047912598,-19.820701599121094,11.760223388671875,-17.919343948364258,13.521442413330078,-3.2494757175445557,13.687183380126953,4.507168292999268,12.600210189819336,9.705679893493652,15.612458229064941,15.56374454498291,19.127729415893555,72.29309797260917,4.499298484006431e-06,0.3127753660657619,0.29688594847760863,0.2314462648474618,0.44441912845205567,0.16388022756028994,0.15219191753175,0.05904665288711693,161.85134506497295,clasicc,Achachak - Dreaming.mp3,mitad
126.04801829268293,1096.084900055824,1491.4218340792863,1965.4131154157799,0.027670467601102942,0.11388112604618073,0.22995416820049286,0.7201909422874451,0.21017473936080933,0.0889044925570488,334.3253479003906,-305.21160888671875,40.9852294921875,204.80422973632812,23.78120994567871,-24.000507354736328,17.606361389160156,1.2600042819976807,13.142740249633789,14.659805297851562,8.929712295532227,-37.47905731201172,15.13247013092041,-25.581066131591797,7.963364601135254,8.164365768432617,11.826751708984375,5.7042975425720215,10.149789810180664,-13.762212753295898,9.269756317138672,-16.427637100219727,9.467633247375488,-3.584217071533203,6.539853096008301,-0.7696716785430908,6.824828147888184,23.507595538232014,1.3190157005738001e-05,0.3475534646825173,0.2968351203395644,0.4167413407585522,0.33392638115634815,0.1721824265102367,0.11030616725306394,0.055864026498663295,78.37775691409357,clasicc,Achachak - Dreaming.mp3,final
105.46875,1628.8348436643043,1819.3615457485862,2873.2992922189437,0.031457103811919504,0.06356960535049438,0.16765087842941284,0.7415733933448792,0.42569029331207275,0.0815061703324318,89.51161193847656,-412.8193664550781,46.996334075927734,111.3149642944336,32.76816177368164,-60.531558990478516,16.254600524902344,4.778564453125,21.025279998779297,17.310272216796875,14.306009292602539,-8.225013732910156,14.980626106262207,-9.392714500427246,7.770910263061523,-5.436211585998535,8.146306991577148,-27.35284423828125,7.158833980560303,-31.061555862426758,9.678954124450684,-31.520626068115234,11.27943229675293,-17.807321548461914,11.2501220703125,-5.6479105949401855,16.42603302001953,66.81502822248879,0.00017918866069521755,0.21766812979449524,0.5636072576604729,0.41226388955877585,0.43675049470262695,0.2359073187368489,0.1881095933698927,0.058644554741583164,3.239846320420428,clasicc,Achachak - First Movement.mp3,inicio
101.33272058823529,1519.6380896788362,1682.0086423620567,2648.3089860378773,0.04104000126983359,0.09454003721475601,0.17108149826526642,0.7590239644050598,0.3702794909477234,0.08170939236879349,336.6029968261719,-323.1594543457031,64.60552978515625,155.81134033203125,46.23920822143555,-41.04785919189453,15.692215919494629,5.1207756996154785,14.270036697387695,9.599943161010742,10.694195747375488,-5.036258220672607,7.313855171203613,1.598326325416565,9.967069625854492,0.49305710196495056,16.920000076293945,-1.6315414905548096,17.090700149536133,-1.223724603652954,16.813152313232422,-0.3776787519454956,18.819150924682617,-0.27370649576187134,17.211990356445312,-2.96738338470459,15.639050483703613,28.649958101491286,9.599309123586863e-06,0.1757616454635034,0.39119819248661103,0.3627037374848587,0.38063427414732764,0.2022566905399037,0.15935009053369234,0.031990307881539344,33.586907650712725,clasicc,Achachak - First Movement.mp3,mitad
101.33272058823529,1818.735420807065,1809.455235956894,2822.1329349482394,0.053274999092976005,0.07970871031284332,0.15016081929206848,0.6831688284873962,0.4129776358604431,0.08212190866470337,92.83660888671875,-421.0506591796875,76.93158721923828,117.05154418945312,42.53109359741211,-42.31720733642578,25.017202377319336,-9.41775131225586,14.364226341247559,-0.2872333228588104,13.433804512023926,-4.224538326263428,13.268811225891113,4.016149044036865,12.255620002746582,16.080162048339844,13.05580997467041,24.63844871520996,11.840898513793945,23.1906681060791,10.947450637817383,14.800874710083008,16.062530517578125,-1.8679314851760864,16.22945785522461,-13.539912223815918,13.251352310180664,75.9013652257061,0.0058114370331168175,0.20702799472101116,0.3500881294216776,0.5176887008727191,0.27976286399994293,0.12211830500152879,0.21404124944116276,0.07394875575116071,22.162631879252658,clasicc,Achachak - First Movement.mp3,final
132.51201923076923,1289.0854729211906,1570.4084297227191,2544.7679454697177,0.03441929300503096,0.09716542065143585,0.3550477921962738,0.8212190270423889,0.4937411844730377,0.08466466516256332,654.115234375,-241.0547637939453,37.204341888427734,211.3905792236328,24.67609214782715,-38.83928680419922,14.164406776428223,20.295459747314453,14.80715560913086,20.014415740966797,10.01395320892334,0.37241384387016296,6.511746883392334,2.3906171321868896,6.415431976318359,-2.245981216430664,7.717655658721924,5.050112247467041,6.089809417724609,-1.1914136409759521,5.6008477210998535,-3.1633849143981934,5.880398273468018,-1.5691123008728027,5.976393699645996,-2.146848678588867,7.698025703430176,5.284283883351722,0.0002982694422826171,0.24476266635339514,0.21303345054067305,0.3307663938435281,0.21733360038931623,0.10442713271134431,0.10415036494416176,0.03853471775543232,89.96750916004699,clasicc,Achachak - Fourth Movement.mp3,inicio
126.04801829268293,2101.8838714669546,2120.0905281534847,3803.8436653444273,0.05809205235342492,0.06877481192350388,0.26671674847602844,0.8854848146438599,0.33411654829978943,0.09136920422315598,573.0671997070312,-291.6347351074219,94.38584899902344,139.28662109375,57.659210205078125,-65.27310943603516,38.93309783935547,28.242151260375977,13.142376899719238,-5.598564147949219,12.272083282470703,-5.535140514373779,12.665740013122559,-12.035808563232422,11.067314147949219,-10.972735404968262,12.50900650024414,-10.750626564025879,11.47331714630127,-10.432406425476074,8.764582633972168,-8.982243537902832,7.739397048950195,-7.494606971740723,9.077975273132324,-4.201406478881836,8.60473346710205,6.460898826709125,5.2584149671019986e-05,0.34412660357132896,0.31231441134487387,0.266720743880365,0.41385725522136796,0.1632742837796892,0.1463779773102312,0.045917457080425314,21.762668308470825,clasicc,Achachak - Fourth Movement.mp3,mitad
129.19921875,1534.221915478324,1827.2244308857469,2948.6655031564437,0.03917568903589396,0.07308834791183472,0.3667224645614624,0.6793184280395508,0.38049304485321045,0.09416408091783524,622.2472534179688,-316.7964782714844,131.6020050048828,168.30955505371094,65.9194107055664,-25.98344612121582,39.03143310546875,15.411232948303223,17.133241653442383,12.673471450805664,12.771781921386719,3.9163029193878174,8.554118156433105,4.860386371612549,7.209392070770264,-0.4645620584487915,6.918001174926758,1.7065078020095825,6.955026626586914,-1.6008368730545044,6.871950149536133,-2.0869500637054443,6.268078327178955,-1.4467647075653076,6.24686336517334,-0.9506242871284485,7.463373184204102,6.267061516086711,0.005398987792432308,0.1775341798081761,0.46577126505224126,0.22996936840282187,0.45933252826283527,0.07285477124244454,0.18344619634248852,0.05911666376206368,72.16604162673251,clasicc,Achachak - Fourth Movement.mp3,final
120.18531976744185,2427.861702085122,2154.5022738303715,4219.091154399671,0.0626277392124613,0.04803186282515526,0.16772860288619995,0.8607904314994812,0.4600445032119751,0.08099248260259628,95.87767028808594,-413.5819091796875,76.4189453125,53.54441833496094,22.43597984313965,-82.816650390625,26.565786361694336,22.222192764282227,13.909713745117188,-20.468538284301758,10.635086059570312,-27.542421340942383,10.536370277404785,-28.68454933166504,11.503286361694336,-16.021921157836914,7.876302242279053,-15.371264457702637,7.3722758293151855,-11.495017051696777,10.942151069641113,-13.008173942565918,11.542415618896484,-18.73968505859375,13.931068420410156,-8.086904525756836,11.667940139770508,83.61882588481825,0.066729836165905,0.3809780218776135,0.2762801148160479,0.38013276078962094,0.25857377366374573,0.15488309279958318,0.1634474503032626,0.07142846156545929,0.2051482598191831,clasicc,Achachak - Gioia.mp3,inicio
123.046875,1911.3474698466575,1930.5482533700492,3488.8789032265868,0.05801438842395511,0.14558450877666473,0.2472890317440033,0.8396202325820923,0.24079209566116333,0.08101401478052139,678.55322265625,-188.13446044921875,29.440404891967773,174.3477783203125,22.362173080444336,-81.29812622070312,8.41320514678955,27.350984573364258,10.106329917907715,-7.423063278198242,10.182924270629883,-3.5594418048858643,7.876114845275879,-9.26317024230957,7.052780628204346,-9.07573127746582,6.234248638153076,-9.756110191345215,5.796657085418701,-11.344717025756836,6.444518566131592,-4.222952365875244,5.773611068725586,-8.144304275512695,6.562657356262207,-7.045496463775635,5.506591320037842,14.208354404680788,2.3401755242957734e-05,0.4360874484612745,0.2665902972121485,0.22267157841433496,0.48251482751869584,0.13707521168855782,0.10789115380747327,0.08180841711243429,14.268822600980783,clasicc,Achachak - Gioia.mp3,mitad
129.19921875,2694.613052948923,2514.637137978733,4659.380158698965,0.10029380018866099,0.05435831844806671,0.48834455013275146,0.5442638397216797,0.5349910259246826,0.11066916584968567,1204.5689697265625,-398.1271057128906,156.77928161621094,144.17657470703125,93.74018859863281,-8.641793251037598,50.40192413330078,4.256983757019043,22.682836532592773,15.262415885925293,16.837732315063477,-0.25539547204971313,15.657726287841797,-2.453234910964966,13.455449104309082,-0.2423090934753418,10.323347091674805,-0.6416955590248108,9.580585479736328,-0.4138396084308624,7.071254253387451,-1.3357073068618774,6.891705513000488,-1.2490984201431274,4.402331352233887,-3.6329047679901123,6.958174228668213,4.04377436799697,0.048416029661893845,0.2241728119244782,0.11559845715444907,0.25445813587791505,0.20366215394983542,0.06204966200445427,0.10705577624302179,0.013537857067786008,53.210780471838795,clasicc,Achachak - Gioia.mp3,final
114.84375,2497.882843187798,2311.9007926091313,4192.9329792412445,0.07232571533958979,0.048639342188835144,0.167639821767807,0.9364265203475952,0.3421362638473511,0.08045248687267303,128.2680206298828,-359.2513427734375,51.796302795410156,93.06245422363281,29.5902156829834,-74.02806091308594,16.640790939331055,21.043642044067383,13.540445327758789,-14.201696395874023,13.141900062561035,-11.97898006439209,7.184045791625977,-15.972356796264648,10.218094825744629,-5.4789862632751465,8.128768920898438,-4.307552814483643,12.550418853759766,-8.112343788146973,8.08283805847168,-17.88707160949707,10.54593276977539,-5.507762432098389,18.670135498046875,5.6332292556762695,18.779708862304688,41.013220656996,6.154611764941365e-05,0.33950534292360474,0.36849638822145425,0.3652667335338419,0.3855674443286657,0.18627950265425097,0.16951243461646537,0.057252300370283025,1.9748781310223789,clasicc,Achachak - Granite.mp3,inicio
123.046875,1634.524543998224,1861.1551407561353,2890.4075221011512,0.04689408529653638,0.08166011422872543,0.28683003783226013,0.8133131265640259,0.3413302004337311,0.09197501838207245,901.1103515625,-292.2174072265625,93.51836395263672,167.63233947753906,28.535520553588867,-49.643009185791016,20.47278594970703,14.032794952392578,32.42087936401367,-1.9215883016586304,11.993027687072754,-4.061837673187256,14.776300430297852,-12.739113807678223,8.437151908874512,-10.332366943359375,9.787114143371582,-14.60594367980957,8.284063339233398,-14.423213005065918,7.537652015686035,-9.873034477233887,9.929637908935547,-9.140742301940918,8.980345726013184,-6.037325382232666,9.007036209106445,10.430247010459228,2.926011620729696e-05,0.2524008992276054,0.3602793748316467,0.35893685564945854,0.2842116127887214,0.13212213839672515,0.1288481841966323,0.05061828467593121,34.34368788245687,clasicc,Achachak - Granite.mp3,mitad
123.046875,2454.7792240527115,2410.1248266640782,4302.765648431453,0.09031143424680728,0.05830906331539154,0.4012330174446106,0.6111478805541992,0.4711918532848358,0.09650994837284088,696.2952880859375,-384.7737731933594,153.09716796875,155.78414916992188,82.15801239013672,-11.067902565002441,38.043338775634766,11.147615432739258,21.272903442382812,-3.493040084838867,11.615206718444824,-6.19293212890625,12.445673942565918,-9.791764259338379,9.874217987060547,-9.425225257873535,7.487827777862549,-7.0062665939331055,8.983831405639648,-8.557961463928223,7.933334827423096,-3.608909845352173,8.609655380249023,-4.004411220550537,7.297410011291504,-1.8157271146774292,8.12705135345459,7.915993118111543,0.03653303161263466,0.2364112260786864,0.15049437525154355,0.2314281911341771,0.17671869582728572,0.08166286827408557,0.08065675284961162,0.048766022096940975,68.99061732672591,clasicc,Achachak - Granite.mp3,final
123.046875,1011.11517452522,1705.7821502895029,1735.7728373524574,0.018038439676857584,0.03159854933619499,0.29319483041763306,0.6746510863304138,0.2592615783214569,0.09140085428953171,51.11328125,-408.9005432128906,36.93459701538086,200.13348388671875,15.067283630371094,-15.114707946777344,15.09082317352295,7.6244964599609375,11.364896774291992,12.788915634155273,10.392483711242676,17.669870376586914,7.424957275390625,-5.515880584716797,8.877033233642578,-13.21707534790039,6.005023002624512,-6.938218116760254,6.373500347137451,-0.6647207736968994,5.9699883460998535,1.0635586977005005,6.786745548248291,-2.2265071868896484,6.645355224609375,-7.328619480133057,5.970157146453857,21.42101809475733,5.1864044507965446e-05,0.3627209594209444,0.3820720281744123,0.28588848545949624,0.46132271155164073,0.16710235642828733,0.16023261915541495,0.08909961263601321,154.14721121706197,clasicc,Achachak - Happiness.mp3,inicio
120.18531976744185,2143.9809611602404,2189.598594902525,3843.6434246807275,0.06660692905863003,0.05731039494276047,0.22057317197322845,0.8680779933929443,0.2969721555709839,0.08171265572309494,127.94644927978516,-304.41326904296875,76.12606811523438,153.18055725097656,57.74002456665039,-61.47355651855469,9.632908821105957,28.408342361450195,10.7261962890625,-5.119777202606201,13.567975997924805,2.1562340259552,11.972015380859375,-8.440736770629883,11.962724685668945,-1.3680360317230225,7.417964458465576,2.3390073776245117,8.304615020751953,0.8693637847900391,10.146824836730957,-0.43886813521385193,7.202657222747803,1.1763030290603638,11.786951065063477,2.8053805828094482,12.013614654541016,13.91226616882816,3.326245496282354e-05,0.3728503733626301,0.3423784869547777,0.4278211469584853,0.3765462907521947,0.16562389749105022,0.13103961990642637,0.07490567504695186,25.535769752808545,clasicc,Achachak - Happiness.mp3,mitad
120.18531976744185,969.429472925876,1844.2721331266669,1266.8840059924053,0.022270273497968267,0.03025631792843342,0.4384421110153198,0.5652521848678589,0.3168237805366516,0.1061592847108841,103.5477523803711,-487.1379089355469,112.14461517333984,122.03071594238281,53.43077087402344,9.265576362609863,61.38949203491211,6.784451961517334,31.597618103027344,5.200595378875732,20.903545379638672,8.60145378112793,13.93447208404541,3.4278204441070557,14.824003219604492,6.985294342041016,8.516273498535156,3.487957715988159,8.220931053161621,0.19359822571277618,10.467476844787598,-6.026666164398193,15.927287101745605,-5.552249908447266,14.601602554321289,-2.4569640159606934,10.490330696105957,18.80553657585428,1.520921887276927e-05,0.3165131487943451,0.3329379559093231,0.3033121096666529,0.3833005968514845,0.0983601866810693,0.12650485592565472,0.09822283096090345,46.432518131186534,clasicc,Achachak - Happiness.mp3,final
117.45383522727273,1050.4589053299555,2117.4397594100083,1229.6258979537538,0.020782565184791022,0.0424824059009552,0.1507912576198578,0.6168521642684937,0.28093189001083374,0.08318701386451721,27.365825653076172,-520.8523559570312,35.116233825683594,98.2476806640625,30.465003967285156,12.937538146972656,10.780064582824707,-20.201181411743164,10.380590438842773,-15.588746070861816,7.5989909172058105,-7.701426029205322,4.672544002532959,-7.845065116882324,6.0381293296813965,-16.901418685913086,9.918479919433594,-26.90186309814453,11.037236213684082,-28.584571838378906,9.914076805114746,-23.07836151123047,9.521332740783691,-15.367084503173828,8.449131965637207,-8.330377578735352,8.69613265991211,213.23197234270145,0.06645545363426208,0.40865772001524037,0.452368570399448,0.6687556990004215,0.1547706490807841,0.21138263943330896,0.24832935849261673,0.04284789777440777,4.857542042754333,clasicc,Achachak - Inspiration.mp3,inicio
123.046875,2209.3582111451524,2495.405541542289,3794.935385878241,0.053379306852263934,0.08493510633707047,0.21539004147052765,0.897953450679779,0.312130331993103,0.08558591455221176,241.43585205078125,-263.08306884765625,53.69614028930664,123.09420776367188,41.8750114440918,-76.41696166992188,15.225319862365723,11.055036544799805,12.566781044006348,-19.48841667175293,10.403836250305176,-15.829458236694336,12.930021286010742,-21.482215881347656,11.486860275268555,-13.31456470489502,13.276342391967773,-7.865143775939941,7.216151237487793,-8.121062278747559,7.929311275482178,-16.217891693115234,11.424436569213867,-12.10861587524414,9.64767837524414,-10.886635780334473,12.182191848754883,18.651431132542147,0.00012474454706534743,0.2995810425990064,0.34490491833774417,0.4182749389072992,0.31414351027901066,0.1474065459037447,0.16135742025619604,0.055765361498425516,8.315080954020258,clasicc,Achachak - Inspiration.mp3,mitad
126.04801829268293,3316.6431699707246,3292.903660127208,5849.414629389996,0.1024100005442144,0.02047574520111084,0.23773959279060364,0.5629963874816895,0.5640162229537964,0.11829166859388351,31.30055809020996,-586.8422241210938,79.47419738769531,72.4549789428711,58.83037185668945,15.635072708129883,15.500240325927734,-4.608388423919678,8.117916107177734,-11.782459259033203,9.877484321594238,-2.402918577194214,9.110217094421387,-9.516111373901367,7.755924224853516,-7.123800277709961,7.4696502685546875,-8.710526466369629,10.031180381774902,-12.05092716217041,10.972274780273438,-16.158309936523438,12.92719554901123,-13.60837459564209,9.90705394744873,-9.75652027130127,10.392868995666504,76.0396238322076,0.14471250772476196,0.30612683818591907,0.3473247382199454,0.4337686237826715,0.4005248215137899,0.16313300188301588,0.21366149322764025,0.09063068554108052,2.564118330457094,clasicc,Achachak - Inspiration.mp3,final
135.99917763157896,1361.2371785569674,1673.7222266018596,1978.5213694852941,0.034511318147736066,0.10524825006723404,0.17820952832698822,0.7582009434700012,0.4331708252429962,0.08862481266260147,212.8782501220703,-352.9026184082031,36.164093017578125,133.65716552734375,20.796369552612305,-58.01774215698242,18.317703247070312,-26.661100387573242,13.045510292053223,-13.437665939331055,16.681316375732422,-11.266366004943848,8.884117126464844,-14.575712203979492,8.744645118713379,-5.403310775756836,6.476518154144287,-14.31035327911377,7.58555269241333,-13.674052238464355,9.003469467163086,-12.063848495483398,8.344511985778809,-14.487733840942383,8.625781059265137,-1.4151825904846191,12.02583122253418,69.25109731638993,1.9864632122335024e-05,0.4350025692146362,0.29383765789679733,0.3990348625237972,0.43947807616786744,0.18875006606766856,0.20645685339088182,0.05524855834773947,5.560083479433643,clasicc,Achachak - Joy.mp3,inicio
132.51201923076923,1704.1155246058036,1871.0211308204307,2543.7762847994873,0.04945737289570434,0.08907610177993774,0.2077540159225464,0.7568472027778625,0.34859752655029297,0.09269969165325165,202.3842010498047,-354.7944641113281,45.810646057128906,119.29061889648438,18.161907196044922,-61.35340118408203,13.113977432250977,-18.650224685668945,20.552337646484375,-14.785460472106934,15.271653175354004,-14.048882484436035,9.4503812789917,-16.28734016418457,9.064637184143066,-6.446523189544678,7.390204429626465,-15.00652027130127,7.961350440979004,-11.552275657653809,7.6774139404296875,-8.542784690856934,9.69705581665039,-11.18491268157959,12.380217552185059,1.8016024827957153,16.694236755371094,57.12915535705694,3.563095015124418e-05,0.46333063193288615,0.36394387992809757,0.3290825950259306,0.43727014423458477,0.17515020322802505,0.1962166178525621,0.061554570374191035,2.8653069323881724,clasicc,Achachak - Joy.mp3,mitad
117.45383522727273,1263.0223307747922,1681.4704056528444,2005.946203651074,0.03223449895994582,0.08637607842683792,0.21894332766532898,0.5336199402809143,0.5811938047409058,0.08987787365913391,449.32855224609375,-357.7660217285156,108.40840911865234,137.8575897216797,61.18849182128906,-25.109262466430664,31.865249633789062,-13.216390609741211,19.431549072265625,-8.14530086517334,12.71495532989502,-23.363037109375,15.993816375732422,-15.849098205566406,12.391988754272461,-6.455589294433594,12.337311744689941,-10.125527381896973,9.731274604797363,-11.480006217956543,9.344167709350586,-11.645017623901367,8.070160865783691,-14.050288200378418,8.766538619995117,-12.888227462768555,7.824480056762695,29.110636612631403,4.825563883059658e-05,0.40294030391174773,0.37223476211455647,0.38140304748213283,0.35771388177192126,0.16933414391099474,0.16531934236767828,0.026603199443926938,30.66638105016538,clasicc,Achachak - Joy.mp3,final
123.046875,1479.8784818058232,1635.271974704805,2749.358375006047,0.03928755532846362,0.09297578036785126,0.27992531657218933,0.837651789188385,0.3582036793231964,0.0832136869430542,482.74755859375,-256.87890625,39.74409866333008,194.12054443359375,23.652769088745117,-64.1075210571289,19.981285095214844,15.236075401306152,12.921080589294434,12.734498977661133,10.283300399780273,-4.8514485359191895,8.582037925720215,1.1347663402557373,7.113255023956299,-3.4707746505737305,7.564235210418701,-4.0330729484558105,8.16985034942627,-7.733492374420166,6.820067882537842,-3.2682085037231445,7.473263740539551,-5.8393964767456055,5.986856460571289,-7.3628458976745605,5.56886625289917,12.057018166533533,9.534426681057084e-06,0.34647223336889676,0.29330653450270433,0.29278131331515517,0.3525816566096076,0.14869455873549123,0.12816651459848336,0.044361372606427835,46.57095532127035,clasicc,Achachak - Kind Hearts.mp3,inicio
114.84375,1170.1052217010488,1468.5053037028968,2219.011581940548,0.02957313939144737,0.15068507194519043,0.3369188606739044,0.6833593249320984,0.6873264312744141,0.08178538829088211,1169.5205078125,-214.32540893554688,41.17081069946289,222.46096801757812,23.85529136657715,-31.056428909301758,15.217942237854004,17.12287712097168,16.446393966674805,9.51155948638916,14.38141918182373,-6.41171932220459,13.784210205078125,-1.0709505081176758,8.239640235900879,-7.598999977111816,9.932896614074707,-7.004241943359375,7.144098281860352,-6.660708904266357,7.086633205413818,-7.025568962097168,6.917007923126221,-4.870641231536865,5.95548677444458,-5.548076629638672,5.442712783813477,5.56427628712124,3.0243192668422125e-05,0.26193370316093506,0.2427953821788654,0.2811382278630761,0.20290119622750974,0.09989153406592963,0.11512371180459147,0.17338892134241546,99.15041295576634,clasicc,Achachak - Kind Hearts.mp3,mitad
126.04801829268293,1826.7876969622287,1999.7230202223682,3142.3059989055246,0.053271408789667185,0.07045787572860718,0.26144516468048096,0.6719968318939209,0.5020342469215393,0.094210185110569,260.7303466796875,-369.7179260253906,106.1520004272461,119.50198364257812,49.8004035949707,-32.38789367675781,52.098907470703125,17.69763946533203,15.926572799682617,0.4982876181602478,12.837518692016602,-15.912943840026855,13.392834663391113,-13.459470748901367,12.197549819946289,-10.854865074157715,11.076558113098145,-2.2432944774627686,10.587557792663574,-7.0969343185424805,8.837451934814453,-11.927474021911621,9.85849666595459,-12.510014533996582,11.376700401306152,-10.710670471191406,12.171610832214355,34.606288808458274,0.0003016605623997748,0.31517439732144764,0.281166808458893,0.2943172106893847,0.3370163478089552,0.11405851521542192,0.16036462954389638,0.033995647679658555,9.036871591845948,clasicc,Achachak - Kind Hearts.mp3,final
143.5546875,1341.0770404814532,1916.7710510898596,1878.4136414896961,0.03153287810806889,0.0428030900657177,0.20439769327640533,0.8679690361022949,0.5231082439422607,0.09021466225385666,52.84149169921875,-423.3702697753906,50.28505325317383,142.45504760742188,20.09470558166504,-44.33074951171875,14.814173698425293,-11.93108081817627,11.639871597290039,-17.651620864868164,15.22021770477295,6.440574645996094,8.384424209594727,-14.223699569702148,9.562023162841797,-6.763554096221924,5.609583377838135,-13.92501163482666,7.079771041870117,-16.482513427734375,6.6013994216918945,-5.127274513244629,5.349484443664551,-10.55711841583252,5.896018028259277,-6.242278099060059,6.156422138214111,53.66773598187135,1.3669765394297428e-05,0.2168975220400625,0.4403212749259208,0.28261083488822275,0.4552332944037737,0.18226062099721438,0.1292285849700851,0.0681607154993223,5.939341550441801,clasicc,Achachak - Life.mp3,inicio
126.04801829268293,1299.0416324055352,1843.5131260793748,2619.9758240312985,0.031047809234713623,0.15268217027187347,0.39682531356811523,0.7926439046859741,0.39002925157546997,0.07305930554866791,675.2111206054688,-185.87579345703125,30.661304473876953,209.5271453857422,13.34376049041748,-31.890520095825195,9.819402694702148,39.71378707885742,8.708775520324707,2.157526969909668,10.860780715942383,4.414353370666504,9.131702423095703,-0.6280387043952942,7.34989070892334,5.58406925201416,6.459995746612549,-0.3501414358615875,6.245556354522705,-0.7753649353981018,5.964666366577148,-2.1729507446289062,5.564218997955322,-5.253271579742432,6.367765426635742,0.29974979162216187,6.514726638793945,4.1524026782275865,1.9625487766461447e-05,0.16337367340441986,0.22889842442803585,0.22423299243834202,0.2174788179692756,0.05297106874122051,0.10217646525480022,0.03764088716794381,93.71288914302518,clasicc,Achachak - Life.mp3,mitad
120.18531976744185,2363.5511629978973,2590.8783616975284,3784.2187840133997,0.07354490675793343,0.06288855522871017,0.26346203684806824,0.752984344959259,0.38343098759651184,0.10786543786525726,153.56959533691406,-369.65887451171875,96.02725219726562,112.69932556152344,44.25809860229492,-57.14040756225586,24.42328643798828,-11.399724006652832,11.031697273254395,-14.943995475769043,18.769916534423828,3.091825246810913,9.330894470214844,-11.694684982299805,12.29561710357666,1.0473370552062988,8.853839874267578,-9.243400573730469,7.455881595611572,-8.138537406921387,7.658316135406494,-9.817497253417969,7.2611517906188965,-10.780444145202637,9.140684127807617,-9.470945358276367,10.389762878417969,35.97273440542586,0.017753908410668373,0.390549759558663,0.3267861156516962,0.3748526296842592,0.36372329160909106,0.15311067713848708,0.17435287495319776,0.09247552720020061,4.19034305336851,clasicc,Achachak - Life.mp3,final
109.95678191489361,1847.620087518948,1873.3584184459842,3067.306452417521,0.050825089493034055,0.020194869488477707,0.20617562532424927,0.8375402688980103,0.3696684241294861,0.08800729364156723,9.478606224060059,-454.1449279785156,34.355712890625,136.16513061523438,18.003738403320312,-81.71794891357422,10.990368843078613,11.552876472473145,11.784677505493164,-2.5829918384552,10.36646556854248,-13.73084831237793,5.241524696350098,-5.666972637176514,8.036850929260254,-9.7595796585083,6.964676380157471,6.80463171005249,6.794655799865723,-4.1309380531311035,6.224972248077393,-22.897321701049805,7.37994384765625,-16.004087448120117,5.279789447784424,-10.28386402130127,7.081447601318359,42.464620609547836,0.00031643948750570416,0.26729502345680367,0.430343394282957,0.44024081366717144,0.2787574517042519,0.13138784254104974,0.16712675148950784,0.08769643395038629,3.283582503199334,clasicc,Achachak - Limestone.mp3,inicio
132.51201923076923,1034.1644887197624,1385.9803343343342,1721.6479227638836,0.02979479337993421,0.06615664809942245,0.24049706757068634,0.6881565451622009,0.2846720218658447,0.09027650952339172,150.98045349121094,-379.6575622558594,113.7806396484375,184.3108367919922,20.941938400268555,-2.928546190261841,52.53670883178711,-1.304558277130127,33.62649154663086,-12.240069389343262,17.579139709472656,-6.344687461853027,16.056982040405273,-10.92760181427002,11.583333015441895,-15.319172859191895,14.831661224365234,-14.807873725891113,15.46041488647461,-13.210235595703125,11.124506950378418,-7.826927661895752,9.507037162780762,-7.620569229125977,7.118047714233398,-9.06862735748291,7.441282749176025,15.124998354038958,1.3175652384234127e-05,0.39502050056515964,0.3775485078252508,0.395002363979636,0.39214149799482745,0.18834820236978606,0.19287472497827346,0.043788651534168624,81.42462084237073,clasicc,Achachak - Limestone.mp3,mitad
117.45383522727273,1812.7986879596247,2460.3912334481483,3549.178538602941,0.045108759735390865,0.07124398648738861,0.38258057832717896,0.6309422850608826,0.36474815011024475,0.08389504253864288,1028.19580078125,-349.0611572265625,169.20936584472656,150.61973571777344,79.57662963867188,-19.31281280517578,40.71223068237305,22.275907516479492,17.849132537841797,7.498805522918701,10.254261016845703,0.8684889078140259,9.315939903259277,-2.1887142658233643,10.387718200683594,-3.35471510887146,9.344015121459961,-4.448390960693359,9.253904342651367,-6.461256504058838,7.211507320404053,-5.0538330078125,7.168954372406006,-6.210442543029785,5.3513593673706055,-3.392002582550049,6.465691089630127,4.774113794185212,0.008630465716123581,0.2475836328085554,0.2020306836149728,0.2463665694414725,0.27336459445720757,0.10649382362383512,0.12068392481169128,0.049026252403987114,80.30763708888793,clasicc,Achachak - Limestone.mp3,final
120.18531976744185,1718.4787221528227,1752.96485865197,2886.115881385449,0.04498328808291409,0.05609676614403725,0.2007913589477539,0.8055985569953918,0.3658718466758728,0.08686431497335434,54.29244613647461,-363.9988098144531,30.754079818725586,145.1092987060547,20.138042449951172,-76.43319702148438,12.095227241516113,9.432151794433594,10.119728088378906,0.022995514795184135,10.218366622924805,-19.819570541381836,5.507233142852783,-10.74863338470459,7.530925750732422,-11.443252563476562,7.002192974090576,-0.024649132043123245,10.358769416809082,-4.760005950927734,6.069377422332764,-19.04897117614746,9.153607368469238,-23.31757354736328,6.767209529876709,-14.311552047729492,7.847211837768555,49.27739209817914,0.00017148892220575362,0.2894203427499987,0.24266376842280166,0.37384554148625404,0.4181753224403878,0.14485661907546227,0.1816961552239502,0.043078231254811215,3.900890089326511,clasicc,Achachak - Love.mp3,inicio
126.04801829268293,1913.8391259593707,2002.06149397867,3399.3711111346265,0.060440866570723686,0.09565631300210953,0.21763159334659576,0.8192058205604553,0.2522510290145874,0.08147580176591873,250.94720458984375,-233.30162048339844,35.51236343383789,172.7252960205078,19.1312198638916,-66.05834197998047,7.502418518066406,29.340436935424805,10.596329689025879,-3.822722911834717,10.543156623840332,4.13194465637207,8.346172332763672,-5.957409381866455,6.088756084442139,0.17579807341098785,6.46467399597168,-1.314856767654419,8.57177448272705,-6.289589881896973,8.057417869567871,-11.016520500183105,6.256133079528809,-12.123857498168945,7.079472064971924,-3.1731252670288086,7.328426361083984,16.508672607198683,3.1491010304307565e-05,0.298200107358399,0.25982728792936793,0.3651103996298233,0.3667004491658109,0.14623801604761857,0.14244168529011128,0.06313839042721187,17.82395676189717,clasicc,Achachak - Love.mp3,mitad
123.046875,1790.080221448281,2001.680190536655,3207.338938993566,0.06093689531733746,0.10571236908435822,0.27388879656791687,0.7954681515693665,0.2151726335287094,0.0835651159286499,419.6446838378906,-223.49647521972656,78.30150604248047,179.9658660888672,31.242019653320312,-49.80525207519531,18.44951057434082,25.73910903930664,20.232425689697266,-3.408433675765991,8.484492301940918,1.4864908456802368,10.975003242492676,-5.652781963348389,9.845867156982422,3.7136170864105225,9.216292381286621,1.3887879848480225,7.328221797943115,1.9779192209243774,7.0134782791137695,-7.625467300415039,7.149637699127197,-0.48656660318374634,7.660511016845703,-2.7029693126678467,7.122218132019043,7.994970653532151,5.2942898037144914e-05,0.1607249667913784,0.2583815600408877,0.27309267429483647,0.1785158594255517,0.06550631167597024,0.12325967020230377,0.06534840477288492,30.61776582033682,clasicc,Achachak - Love.mp3,final
126.04801829268293,2298.0275399925686,2562.3642685062673,4320.573874080882,0.06189116014415635,0.09884143620729446,0.202610582113266,0.7957761883735657,0.33224838972091675,0.07683651149272919,411.7575378417969,-216.52389526367188,110.7941665649414,134.04188537597656,43.291378021240234,-53.58319854736328,16.94478416442871,32.460357666015625,11.401473045349121,-12.6000337600708,11.165996551513672,3.591393232345581,8.531907081604004,-15.59763240814209,9.414054870605469,1.3892327547073364,6.445257663726807,-9.151530265808105,7.903981685638428,1.6194703578948975,5.292557716369629,-9.308327674865723,8.971160888671875,-1.9988855123519897,9.033234596252441,-2.4246437549591064,9.412054061889648,14.827459370933596,0.06638860702514648,0.35657417184757173,0.294506352038809,0.24667697364072041,0.38926373743280074,0.1573834744802349,0.17351079662076738,0.06563553716942314,12.932175021708707,clasicc,Achachak - Observation.mp3,inicio
126.04801829268293,592.7297183138835,868.1703128444053,812.0117565426664,0.020408606750677245,0.08362410217523575,0.19465413689613342,0.418280690908432,0.21712347865104675,0.09000245481729507,235.3553924560547,-439.80108642578125,27.502695083618164,172.92083740234375,24.995407104492188,59.4065055847168,18.829544067382812,-17.790998458862305,21.17637825012207,-31.963287353515625,11.049070358276367,-21.267404556274414,6.719329833984375,-18.843036651611328,6.916972637176514,-22.842546463012695,8.02586555480957,-21.035930633544922,5.740426063537598,-15.1207914352417,5.668704032897949,-13.943359375,5.163156032562256,-17.301671981811523,4.826180458068848,-18.42163848876953,6.138029098510742,59.007530978753174,1.0809052355398308e-06,0.4320110781761214,0.5009945811259942,0.665845276337286,0.23614528181717104,0.21292972819169534,0.23824742937217025,0.0,1147.880155455635,clasicc,Achachak - Observation.mp3,mitad
126.04801829268293,2593.4040803390035,2723.8483428791974,4784.054404810855,0.07393398225861068,0.037362854927778244,0.24090726673603058,0.5183094143867493,0.34724104404449463,0.11469973623752594,21.089401245117188,-481.931640625,118.26371765136719,76.42156982421875,45.346351623535156,-45.73969650268555,32.57955551147461,13.69046401977539,13.145379066467285,17.877511978149414,12.858821868896484,2.2044336795806885,7.402376174926758,-2.7440919876098633,9.534199714660645,9.607789039611816,13.201401710510254,-11.992402076721191,11.551175117492676,-16.240354537963867,12.965970993041992,-18.338457107543945,17.072731018066406,-13.525266647338867,12.873697280883789,-13.028380393981934,11.890748977661133,101.5691627373656,0.13834647834300995,0.3621246209632429,0.40953917097429327,0.33293298497398177,0.47478817390810507,0.21645778274158986,0.1643806641075043,0.06928889966795067,2.987517325162279,clasicc,Achachak - Observation.mp3,final
97.50884433962264,747.1385150959899,1091.128074634448,834.5032872061242,0.02384112567724458,0.02702711895108223,0.19767458736896515,0.5049200654029846,0.4730822443962097,0.0839318037033081,19.406774520874023,-540.6124267578125,70.17408752441406,169.90818786621094,49.71501922607422,14.778705596923828,12.962114334106445,-6.391027927398682,10.426968574523926,-18.008874893188477,9.257250785827637,-33.99319839477539,12.855064392089844,-37.563331604003906,12.938567161560059,-28.406280517578125,9.125383377075195,-20.014028549194336,8.613601684570312,-10.412789344787598,11.415311813354492,-2.8751871585845947,13.027437210083008,-11.570618629455566,8.30688762664795,-12.366262435913086,6.4023542404174805,46.05107407727527,0.06618000566959381,0.5727817709635651,0.32598134652879246,0.3402124159030569,0.428029551497715,0.10223303960418267,0.16051634988087232,0.020901450084313766,211.74443110052525,clasicc,Achachak - Remembering.mp3,inicio
123.046875,1665.245215743981,1826.2197426744053,3035.156646822997,0.05003503380176084,0.08604872971773148,0.30913272500038147,0.6912186145782471,0.24106939136981964,0.08546879142522812,297.1788024902344,-240.77423095703125,35.74820327758789,196.16961669921875,27.665496826171875,-67.41065979003906,16.801055908203125,28.761306762695312,10.281843185424805,0.9037301540374756,15.206534385681152,1.876420259475708,9.119584083557129,-0.9332574009895325,10.371906280517578,0.93724524974823,7.857749938964844,3.7950918674468994,8.835007667541504,-5.300314903259277,7.233495235443115,-5.88969087600708,6.690290927886963,-4.232709884643555,5.142212390899658,-4.359086990356445,6.058183670043945,9.748365443900308,2.8060356271453202e-05,0.30539538485501766,0.2822826886970566,0.28662582132023884,0.34784006604529194,0.10922541327107109,0.14311743496038562,0.06567247106539062,41.96767568671482,clasicc,Achachak - Remembering.mp3,mitad
129.19921875,4102.187007703132,3355.6631817550365,7679.620229053792,0.13141247067289086,0.061868708580732346,0.3766534924507141,0.6474125981330872,0.5831747055053711,0.10613112896680832,399.94024658203125,-348.8316650390625,199.36744689941406,122.76758575439453,87.5653076171875,-50.28516387939453,33.757568359375,20.588380813598633,15.465469360351562,-0.7252845168113708,10.307011604309082,7.349024295806885,8.906228065490723,-3.8425333499908447,10.395790100097656,7.694798469543457,9.062199592590332,-2.713364839553833,6.118642807006836,0.0675087571144104,7.209212303161621,-3.349687337875366,6.635521411895752,1.894809365272522,13.117623329162598,-2.9087424278259277,7.472449779510498,7.308906286986531,0.04905340075492859,0.17431715618100568,0.20653989184754284,0.27230306962849793,0.2525498644381221,0.10102780590521337,0.08877704499905058,0.05629981938342203,34.05892402778164,clasicc,Achachak - Remembering.mp3,final
123.046875,1577.7256900157752,1975.8107344064147,2978.4486563951236,0.03978679645172214,0.09914115071296692,0.2426493912935257,0.7938861846923828,0.3063318431377411,0.08241182565689087,273.2193603515625,-230.01983642578125,32.685970306396484,188.79513549804688,24.241348266601562,-47.25835037231445,10.804303169250488,27.649599075317383,10.715469360351562,4.036638259887695,9.996520042419434,1.636962652206421,8.435318946838379,-3.656160831451416,10.246397018432617,0.2787094712257385,6.244197368621826,-5.200766086578369,8.622004508972168,-5.727046012878418,5.532989025115967,-6.053768157958984,5.941112995147705,-5.355037689208984,5.483060359954834,-1.587842583656311,6.443881511688232,10.834877040472502,4.0488277591066435e-05,0.3354522869853979,0.3156151177336181,0.3514614717317248,0.41667011916434366,0.1566524242926543,0.16702233536655112,0.04705942945220685,46.75722678795014,clasicc,Achachak - S54inF02.mp3.mp3,inicio
123.046875,1387.937276293318,1739.4962155242438,2204.453336638932,0.032849196679082815,0.08604352921247482,0.1982325315475464,0.7905688285827637,0.3460172712802887,0.08639302104711533,147.50701904296875,-351.43499755859375,42.221343994140625,150.19436645507812,48.9046745300293,-29.896726608276367,48.76573944091797,-4.214412212371826,15.295842170715332,-10.228710174560547,12.078221321105957,-14.194831848144531,8.135988235473633,-18.369281768798828,9.410914421081543,-16.85805892944336,9.825763702392578,-18.450403213500977,9.715332984924316,-17.34410285949707,8.027722358703613,-15.299662590026855,7.176257133483887,-14.804823875427246,7.1658525466918945,-9.406508445739746,7.67593240737915,48.260130947515506,2.3110684196581133e-05,0.4446825456772236,0.2968951031904193,0.48655765195235656,0.35571819607232646,0.18169264088303613,0.18955032548022221,0.06632773998791489,22.986228790990992,clasicc,Achachak - S54inF02.mp3.mp3,mitad
126.04801829268293,1266.82327006741,1372.3628006636682,1901.8634996916119,0.04636366522349071,0.04501945525407791,0.18185004591941833,0.2471742480993271,0.21523292362689972,0.08926533907651901,60.066383361816406,-554.6495971679688,44.60324478149414,141.4231414794922,48.96688461303711,71.73460388183594,22.67363929748535,10.451946258544922,12.605548858642578,-19.027647018432617,15.444531440734863,-25.026729583740234,12.839157104492188,-23.632415771484375,9.157633781433105,-21.690250396728516,7.260529518127441,-20.236024856567383,6.545862674713135,-20.518611907958984,6.770235538482666,-22.387880325317383,7.390313148498535,-22.61200714111328,7.978122711181641,-18.593971252441406,7.686690807342529,112.28271256842184,0.006208278238773346,0.4556589571240024,0.1950043646578384,0.20740778808605928,0.62198044910299,0.23905353173093372,0.20155642705970483,0.0,1950.8725683575212,clasicc,Achachak - S54inF02.mp3.mp3,final
120.18531976744185,1797.012321078744,1926.6381931441358,3292.780089009288,0.05147417853860294,0.07003268599510193,0.2771829068660736,0.8761916756629944,0.4209499955177307,0.0907447412610054,313.89324951171875,-273.1806640625,52.010345458984375,176.30531311035156,34.012245178222656,-51.28444290161133,27.58003044128418,33.41880798339844,16.737762451171875,7.016899585723877,12.452906608581543,2.661163806915283,12.172858238220215,-2.6952171325683594,9.817278861999512,-3.4413461685180664,8.092130661010742,-6.179421424865723,8.574172019958496,-8.715738296508789,6.251867294311523,-7.1931281089782715,6.450133323669434,-7.480254173278809,6.565526008605957,-3.910273790359497,5.293336391448975,8.853535526172843,0.0002060225378954783,0.23639744792831782,0.26669180630542855,0.41623845183951125,0.18728367050885575,0.13232477563856135,0.14211101964087414,0.08204437774966108,36.203895319811586,clasicc,Achachak - Sandstone.mp3,inicio
139.6748310810811,1174.461099765084,1553.3119028294636,1803.547427528783,0.031610731000870744,0.03079516440629959,0.26065024733543396,0.7501987218856812,0.36224082112312317,0.08798828721046448,35.58416748046875,-443.5382080078125,57.103431701660156,176.48265075683594,53.88371276855469,-21.25112533569336,32.470890045166016,-8.156524658203125,22.10624122619629,-8.497498512268066,10.877323150634766,-17.168867111206055,8.207399368286133,-27.46738624572754,6.762170314788818,-27.002744674682617,6.23211669921875,-24.433385848999023,5.8413405418396,-21.318756103515625,6.784127712249756,-11.86502742767334,9.355805397033691,-12.412064552307129,10.66406536102295,-7.284866809844971,14.04842758178711,14.086243910260574,2.3859434804762714e-05,0.3444937801552607,0.3222888732691669,0.338551946358217,0.42770182523434586,0.1833573932045082,0.14076311987288698,0.0749701620846923,83.33461051686055,clasicc,Achachak - Sandstone.mp3,mitad
120.18531976744185,2423.4028387861267,2530.2920755679706,4260.857568510546,0.06713791602167182,0.03168133273720741,0.18230831623077393,0.6691561341285706,0.3282914161682129,0.09398165345191956,27.15218162536621,-486.96942138671875,86.7454833984375,97.3838119506836,38.197269439697266,-38.6658821105957,20.831924438476562,14.085250854492188,16.639833450317383,13.431914329528809,18.325122833251953,5.180036544799805,14.806068420410156,-1.0667452812194824,7.029304027557373,6.1354594230651855,10.106169700622559,-5.999715805053711,19.183435440063477,-5.530766487121582,26.398521423339844,-0.7807402014732361,24.60799789428711,-1.2011908292770386,10.625001907348633,-2.3166208267211914,9.875974655151367,86.19572970636628,0.02257930301129818,0.49825644451429674,0.37794578833066916,0.4707870069598587,0.15876980467605198,0.131033075119848,0.1645222122304076,0.06369525027228391,17.335756945349328,clasicc,Achachak - Sandstone.mp3,final
129.19921875,2300.014055582218,2659.10423566137,4452.614742314483,0.05842236025783669,0.08425533771514893,0.30126047134399414,0.9026671648025513,0.7620689272880554,0.09986665099859238,744.5039672851562,-250.4293212890625,93.05655670166016,140.5183868408203,48.08713912963867,-21.43185043334961,36.24514389038086,32.81108856201172,19.476659774780273,9.404890060424805,11.637535095214844,9.615558624267578,13.819828033447266,1.587999701499939,10.65029525756836,8.0867919921875,9.64653491973877,-4.3723626136779785,8.341697692871094,1.1483793258666992,7.797895431518555,-2.5208468437194824,5.97424840927124,-2.1618988513946533,5.990715980529785,0.26243123412132263,6.2883405685424805,6.784317375507307,0.03287813067436218,0.19148117857197813,0.33655797693145384,0.29741790223063747,0.20972799689733546,0.13150960387358718,0.11397370399354399,0.04158597815516508,33.52141979417575,clasicc,Achachak - Scherzo.mp3,inicio
132.51201923076923,1542.929494944301,1820.8459547914701,2606.192574043392,0.0494314849192144,0.11259141564369202,0.22968371212482452,0.7731143236160278,0.5683755278587341,0.08302725106477737,233.01553344726562,-264.2755432128906,53.64151382446289,190.8699188232422,31.67373275756836,-48.61936950683594,27.754283905029297,3.481301784515381,17.240659713745117,3.063581705093384,10.489480018615723,0.49031347036361694,11.481831550598145,7.989404678344727,9.290512084960938,10.096549987792969,7.7925333976745605,-0.6126753687858582,9.075794219970703,-4.1930155754089355,10.316123962402344,-2.673877239227295,6.449951648712158,0.11681396514177322,6.157271862030029,2.079420804977417,6.431661605834961,17.061534008334306,9.923383186105639e-05,0.21426307544027764,0.4077272329877233,0.3745986051129025,0.3547776280468492,0.15116626955901916,0.15264068651445967,0.05537003685940141,61.1391885728676,clasicc,Achachak - Scherzo.mp3,mitad
123.046875,1368.1019687002276,1427.5148905732794,1926.6133500326528,0.05505333301083591,0.10721366107463837,0.20576919615268707,0.6986293792724609,0.34508082270622253,0.0887984037399292,821.015380859375,-312.4597473144531,73.79730224609375,187.26651000976562,51.44820785522461,-13.880996704101562,22.60301971435547,-2.9974372386932373,12.48678970336914,2.8272500038146973,9.280045509338379,-29.472402572631836,12.664042472839355,-5.769794940948486,11.539752960205078,14.551789283752441,8.955944061279297,1.3250670433044434,8.704035758972168,-13.051748275756836,7.121013164520264,-12.809207916259766,8.490595817565918,0.009341024793684483,5.689173698425293,4.739344120025635,8.568031311035156,14.07286758358346,6.697064964100718e-05,0.16638672110180094,0.4006216818514421,0.30070101698859125,0.24985362807514006,0.144470286230301,0.10906278690312676,0.037773902167823184,56.09379872318102,clasicc,Achachak - Scherzo.mp3,final
126.04801829268293,1225.3488734695873,1723.9577359606003,1811.7640445106908,0.03304307305775929,0.05689306929707527,0.27287253737449646,0.6275246739387512,0.3711874783039093,0.09586825221776962,122.68609619140625,-390.4761047363281,94.8709716796875,165.11569213867188,57.77434539794922,-29.612701416015625,18.25124168395996,-11.274835586547852,9.770087242126465,-0.6510327458381653,9.055863380432129,-18.1390438079834,11.867813110351562,-19.82465934753418,9.88008975982666,1.3197075128555298,9.9215669631958,-5.8256731033325195,8.232216835021973,-11.327842712402344,9.251522064208984,-9.350345611572266,8.202744483947754,-5.495034217834473,9.023984909057617,-7.507410526275635,7.874321937561035,31.508126370603023,0.06985969096422195,0.30940121136908305,0.25641714332757914,0.35914158329750756,0.367885696885307,0.15818552183324341,0.1497679505899679,0.07201246868571266,84.20323507378559,clasicc,Achachak - Second Movement.mp3,inicio
126.04801829268293,1369.5140944074399,1675.1117074619683,2590.4260027150253,0.036745809549148606,0.13102097809314728,0.2721996307373047,0.7813810706138611,0.22646699845790863,0.08339646458625793,535.538330078125,-214.09912109375,46.26491165161133,208.7284698486328,22.04839324951172,-46.94124984741211,13.319093704223633,24.11346435546875,12.457714080810547,10.194648742675781,7.652153491973877,1.1203439235687256,7.492580413818359,-0.10155392438173294,6.605319499969482,-1.146400809288025,5.536705493927002,-0.18295623362064362,6.367142200469971,-7.664287567138672,7.182878017425537,-2.977243423461914,6.570979118347168,-4.020462989807129,5.275567054748535,-3.3908684253692627,6.3806233406066895,8.049024511732707,3.054174521821551e-05,0.35801262424383823,0.2783329425044801,0.3755788622932423,0.3638884094564772,0.14465477599032953,0.14461435103226306,0.05512601975957287,59.16042728786833,clasicc,Achachak - Second Movement.mp3,mitad
126.04801829268293,3131.1135652196363,2690.1326058806235,5343.576021460188,0.12653646085284442,0.03644849359989166,0.34181034564971924,0.5686559677124023,0.44267207384109497,0.1344580501317978,96.76068115234375,-478.6124267578125,108.50971221923828,96.60327911376953,62.93903732299805,-29.18001937866211,28.292001724243164,-13.82823371887207,13.86078929901123,1.2560741901397705,12.035082817077637,-11.850203514099121,12.070098876953125,-15.025532722473145,13.976225852966309,-8.116254806518555,7.689282417297363,-10.607686042785645,8.482362747192383,-13.77639102935791,9.389531135559082,-10.646814346313477,8.630035400390625,-7.160881996154785,8.606621742248535,-1.199791669845581,10.874443054199219,26.03769117848021,0.06580159813165665,0.2472886608764802,0.2414950538393776,0.3825487856593244,0.32097943926346156,0.17774265587850105,0.1428502281654405,0.08977163442576479,6.672595492627766,clasicc,Achachak - Second Movement.mp3,final
120.18531976744185,1661.270988479906,1930.959189469531,3406.729399973394,0.044685292908281736,0.10604552179574966,0.41373416781425476,0.8514935374259949,0.3497088551521301,0.08136572688817978,1009.86962890625,-222.271484375,51.49833679199219,186.14881896972656,18.91381072998047,-56.6380500793457,16.2979679107666,42.437583923339844,14.983379364013672,14.901361465454102,10.555610656738281,1.176927089691162,9.766094207763672,8.020115852355957,10.253588676452637,9.248920440673828,7.587186813354492,4.765392780303955,7.59229850769043,0.21042492985725403,5.548340797424316,2.72176456451416,5.557280540466309,-4.102524757385254,6.075844764709473,-1.7631503343582153,5.573040962219238,6.99336932698507,8.778433402767405e-05,0.1465421265565473,0.26453922921789413,0.10597414041103788,0.28630773919892627,0.07842675330459051,0.09069417973987785,0.05111511042421042,62.059920378346305,clasicc,Achachak - Serpentinite.mp3,inicio
120.18531976744185,2045.0993662449005,2254.5517778025683,3977.450948898268,0.057119458083397835,0.0913367047905922,0.24950863420963287,0.8337274789810181,0.2308623194694519,0.08064324408769608,220.03550720214844,-230.32867431640625,36.42414855957031,159.9611358642578,23.063112258911133,-62.801109313964844,7.912304878234863,45.70657730102539,9.481934547424316,1.9216334819793701,9.0183744430542,6.7656731605529785,7.553211688995361,-3.267712354660034,10.59653091430664,2.5719852447509766,6.598668098449707,-7.981407642364502,9.940485954284668,-6.944537162780762,6.616480350494385,-5.540534973144531,7.7447357177734375,-7.581888198852539,7.12008810043335,-0.36408570408821106,5.894345760345459,17.444105734407334,5.550516289076768e-05,0.31221498259023217,0.44488942516070906,0.5424028368709682,0.2548891669505426,0.1937378809924343,0.16151672726535735,0.0495034779421226,33.565084646312634,clasicc,Achachak - Serpentinite.mp3,mitad
139.6748310810811,2334.641058209009,2403.9486161419945,3846.3184085054663,0.06489359852699303,0.04914550483226776,0.17967143654823303,0.7452194690704346,0.40392667055130005,0.09319882839918137,57.886844635009766,-436.3507995605469,87.0118408203125,100.15337371826172,45.695159912109375,-51.19716262817383,32.23036575317383,-8.17559814453125,18.696474075317383,-2.8230502605438232,19.01217269897461,1.0288074016571045,11.0617036819458,-13.233338356018066,12.515975952148438,-13.902469635009766,10.645163536071777,-9.251849174499512,8.610339164733887,-4.883063316345215,14.618714332580566,8.753283500671387,14.903210639953613,9.282815933227539,15.799415588378906,19.48146629333496,13.32452392578125,59.53463390695737,0.02118750847876072,0.3004121645139681,0.3687005583507837,0.21558477216027866,0.5654952549413308,0.23750617158293388,0.11219098614908492,0.07301025701881152,14.505879731286978,clasicc,Achachak - Serpentinite.mp3,final
123.046875,1668.1661882104854,2318.9521672327337,2495.2599115046924,0.03837467347136223,0.04729117825627327,0.16926926374435425,0.7555035352706909,0.35054248571395874,0.08397629857063293,99.27367401123047,-425.49420166015625,70.70381164550781,100.84822845458984,34.11296081542969,-46.31785583496094,19.61240005493164,-15.277050018310547,10.14542293548584,-2.0469748973846436,10.201382637023926,-8.65132999420166,9.988673210144043,-22.468366622924805,12.512810707092285,-5.6386237144470215,9.446593284606934,-6.451949119567871,10.226985931396484,-10.448301315307617,7.452572822570801,-19.769683837890625,12.401237487792969,-16.88266944885254,14.443832397460938,-12.373002052307129,20.28831672668457,74.74182871991677,0.06686128675937653,0.4506167176633388,0.25401530852060217,0.30274217058554515,0.4874352852671615,0.18959207476977288,0.18058541455914912,0.08799436331045736,1.6882323115471134,clasicc,Achachak - Still.mp3,inicio
90.66611842105263,1124.7949686664858,1811.3620257563703,1714.4146331692627,0.02371111890479876,0.0848911851644516,0.22088752686977386,0.8503296971321106,1.2872711420059204,0.0982537567615509,379.44561767578125,-385.34356689453125,75.31234741210938,157.7273712158203,42.350830078125,12.054879188537598,22.083498001098633,11.03107738494873,17.98745346069336,2.6510324478149414,9.051684379577637,-8.901518821716309,11.539385795593262,-17.65424919128418,12.33499526977539,-12.511983871459961,8.190140724182129,-5.575966835021973,7.409081935882568,-16.46224021911621,6.861229419708252,-19.025888442993164,9.76461124420166,-10.959527015686035,7.508627414703369,-10.583785057067871,7.619112968444824,25.37515091765777,0.00012014883395750076,0.4264925827147292,0.2794606904258333,0.2637774343770072,0.5984593041945554,0.18663004216562376,0.22503751498659907,0.11231970337939118,65.52478808236005,clasicc,Achachak - Still.mp3,mitad
129.19921875,2797.7939337122302,2382.04371825547,4753.404590146091,0.10776333174100232,0.11655577272176743,0.3600793778896332,0.5123645067214966,0.3433918058872223,0.1125565618276596,585.5120849609375,-333.4564208984375,124.36871337890625,143.72067260742188,82.15950012207031,-31.899293899536133,28.710569381713867,-15.326458930969238,12.28315544128418,7.850006103515625,8.552618980407715,-8.353473663330078,10.753281593322754,-10.015995979309082,12.234795570373535,-6.34222412109375,7.321059703826904,-10.590575218200684,8.349469184875488,-10.473185539245605,8.186922073364258,-10.363914489746094,8.342658042907715,-7.376879692077637,7.019999027252197,-7.247129440307617,7.312200546264648,25.882817888576323,0.05271456390619278,0.34210686848739535,0.21976546123876708,0.3954090906148963,0.32981737340054473,0.162250061673357,0.15183028119159886,0.07729209854941366,76.88323506727751,clasicc,Achachak - Still.mp3,final
122.28260869565217,2027.8004265234522,1920.5729188803402,3563.516485958052,0.057061557112068964,0.09797583520412445,0.26089736819267273,0.9152171611785889,0.31697019934654236,0.08372607082128525,328.52435302734375,-240.0388641357422,33.12757110595703,167.53439331054688,21.168304443359375,-93.97355651855469,15.384520530700684,16.927392959594727,12.880451202392578,-4.457414150238037,9.959352493286133,-8.309205055236816,11.52772331237793,-14.096630096435547,9.611001968383789,-13.306940078735352,8.852873802185059,-11.473423957824707,12.350375175476074,-16.604949951171875,12.459009170532227,-12.766980171203613,10.39855670928955,-16.89789390563965,7.832735538482666,-9.979477882385254,8.138065338134766,12.44708222380012,8.142912520270329e-06,0.23728033035088353,0.21694260810640786,0.2754560130712218,0.32801094071881837,0.1369394110828852,0.14296289107512528,0.0688461122240882,11.39385311709935,clasicc,Achachak - Symph 59.1.mp3.mp3,inicio
122.28260869565217,1758.461489872901,1527.2021613757975,2876.6219338784217,0.05426674146818344,0.058914851397275925,0.23003742098808289,0.721836507320404,0.3124895691871643,0.08448159694671631,283.32318115234375,-378.0567932128906,63.365299224853516,161.18106079101562,59.815696716308594,-59.99444580078125,42.87731170654297,-14.698356628417969,42.9570198059082,-13.162271499633789,14.643115997314453,-19.512813568115234,13.718955993652344,-15.787433624267578,8.896448135375977,-9.245256423950195,11.519447326660156,-1.5817469358444214,12.366628646850586,-4.989964485168457,12.649022102355957,-3.4107818603515625,12.166358947753906,-7.836638927459717,12.722245216369629,-8.601728439331055,13.086455345153809,17.53789001330706,7.0185692493396346e-06,0.3142187053040731,0.3498967402831845,0.320336180295569,0.45226286209425776,0.13737942498072594,0.15385553143134903,0.07304459392653623,20.727517436712247,clasicc,Achachak - Symph 59.1.mp3.mp3,mitad
127.8409090909091,841.3475012135931,1012.080433725044,1314.9329008176323,0.024234233358514042,0.1034649908542633,0.2591835856437683,0.5125966668128967,0.228282168507576,0.08923941105604172,250.56597900390625,-368.9477233886719,29.63547706604004,220.81149291992188,41.112632751464844,14.074048042297363,32.895381927490234,-39.24101257324219,15.454774856567383,-9.607479095458984,20.8754940032959,-5.130209922790527,7.400261878967285,-20.953096389770508,7.183430194854736,-17.216276168823242,6.131289482116699,-10.26627254486084,6.441314220428467,-16.299041748046875,7.605428695678711,-16.601669311523438,7.187087535858154,-12.379640579223633,6.564594268798828,-10.873934745788574,5.387950420379639,18.239074659464848,2.2103722585598007e-06,0.40873792220506194,0.3054115474320032,0.4175182456773619,0.35350516687003963,0.17780979870901165,0.2081838461540466,0.05126446533495097,218.88725787997507,clasicc,Achachak - Symph 59.1.mp3.mp3,final
109.95678191489361,1507.375563963693,1836.4223305425894,2772.6665673979296,0.03426528788941564,0.06492072343826294,0.18697687983512878,0.6317169070243835,0.9586516618728638,0.0835627019405365,120.17080688476562,-354.9063415527344,56.88492202758789,167.7462921142578,49.419349670410156,-25.550203323364258,17.096744537353516,-24.09893798828125,25.151784896850586,-18.186323165893555,15.869540214538574,-11.395318984985352,6.921851634979248,-15.86796760559082,9.152463912963867,-21.93567657470703,8.991288185119629,-29.427976608276367,9.835895538330078,-15.08984375,8.750252723693848,-11.789406776428223,7.033119201660156,-21.000288009643555,8.416390419006348,-12.781529426574707,7.339138031005859,23.443549671642714,9.055464761331677e-05,0.20421007650481973,0.46727484539533143,0.41207183500078853,0.328121017786205,0.18798260189354948,0.16498356925773414,0.0128598029254845,12.240202668256115,clasicc,Achachak - Third Movement (1).mp3,inicio
109.95678191489361,1511.9231188136482,1790.2235486153265,2599.5176144059596,0.044340434827302634,0.08806373924016953,0.17717885971069336,0.6358356475830078,0.7377556562423706,0.08165043592453003,156.68191528320312,-316.79925537109375,49.290435791015625,173.6248321533203,40.76125717163086,-35.01948928833008,15.430976867675781,-6.5123748779296875,20.524250030517578,-11.265800476074219,14.551945686340332,-8.981339454650879,8.979623794555664,-5.666426658630371,10.230488777160645,-9.156232833862305,9.012593269348145,-15.778560638427734,11.366656303405762,-8.268864631652832,8.624485969543457,-4.407149314880371,7.432128429412842,-12.55839729309082,8.603676795959473,-6.697726726531982,7.60025691986084,26.71068195061817,4.05390965170227e-05,0.38706709332180744,0.4591312410995358,0.42484980775297815,0.3646963511752991,0.1840932118106593,0.18251174029200443,0.017731090313955398,16.768715899063565,clasicc,Achachak - Third Movement (1).mp3,mitad
120.18531976744185,1499.4806479651124,1963.9043073062971,2369.894002908524,0.04540335357004644,0.08184382319450378,0.26752787828445435,0.6910085082054138,0.3189210593700409,0.09408196061849594,526.643798828125,-310.8763427734375,111.85991668701172,154.4593963623047,59.58842086791992,-21.666223526000977,26.52458381652832,-1.5834511518478394,19.410905838012695,-1.3139336109161377,10.876066207885742,-19.6077938079834,15.149419784545898,-13.9954195022583,12.69997787475586,-2.135592222213745,12.097121238708496,-3.643052816390991,10.134247779846191,-9.901971817016602,6.694966793060303,-11.955039978027344,5.873924255371094,-6.203357219696045,6.522068500518799,-7.0581464767456055,5.155263423919678,10.523261095660736,0.027827272191643715,0.2700150196704368,0.23241176220642953,0.22602619255149817,0.34202213391649045,0.10205532193776017,0.12120389961509712,0.0750801649911581,37.612628926497926,clasicc,Achachak - Third Movement (1).mp3,final
123.046875,1514.0415748372864,1488.714803045272,2732.9501408910605,0.04295098744678793,0.03880523517727852,0.2600146234035492,0.723535418510437,0.3347736597061157,0.08139929175376892,82.32818603515625,-356.8194885253906,95.4759750366211,175.78262329101562,51.503334045410156,-74.23778533935547,23.527803421020508,-0.08708374947309494,13.166321754455566,10.183853149414062,8.05978775024414,-18.757020950317383,11.470037460327148,-9.305072784423828,10.409466743469238,-8.871953010559082,6.651905536651611,-8.567752838134766,7.340376853942871,-6.845213413238525,5.706655979156494,-2.980842113494873,7.248920917510986,-7.3001532554626465,6.736930847167969,-7.723660945892334,6.506426811218262,13.586515520565026,0.06621179729700089,0.24738536858122648,0.3598427927817752,0.33105974967039975,0.31370066702858873,0.12525451159514786,0.1217108157687812,0.05342349453780856,23.387851626394834,clasicc,Achachak - Third Movement.mp3,inicio
132.51201923076923,1096.7533032616234,1520.206330924497,1599.065330670714,0.030105827024477554,0.06372477859258652,0.2617264986038208,0.7546291947364807,0.3143024444580078,0.09949858486652374,254.2879180908203,-344.6278991699219,50.90782928466797,195.80599975585938,30.239681243896484,-12.586795806884766,17.986927032470703,-10.262423515319824,11.07635498046875,-1.1643754243850708,17.835851669311523,-6.877946853637695,11.881396293640137,-13.696969032287598,11.447676658630371,-4.2824225425720215,10.42676830291748,0.6201502680778503,9.312861442565918,-0.14356602728366852,8.994647979736328,2.1988608837127686,8.806354522705078,-4.473496913909912,7.951162815093994,-2.725419759750366,7.539699554443359,13.120471708393978,1.1441512469900772e-05,0.20495947569985998,0.3329603518834909,0.37873892488445376,0.2881173224721741,0.14191205909361704,0.12727099219391572,0.0708304260789641,87.21102990626039,clasicc,Achachak - Third Movement.mp3,mitad
120.18531976744185,1178.4040388073452,1976.193221309393,2195.336725099168,0.025894401243227554,0.07755044102668762,0.44228625297546387,0.5644521713256836,0.3245111107826233,0.07814536243677139,1015.1290283203125,-351.97357177734375,182.777099609375,147.5926513671875,77.22576904296875,-6.239427089691162,53.47670364379883,33.935585021972656,13.243179321289062,12.735945701599121,13.611377716064453,11.867009162902832,10.587447166442871,7.323261260986328,10.869645118713379,6.028777599334717,9.599831581115723,6.894751071929932,6.601995944976807,2.377453327178955,8.934178352355957,3.3881280422210693,7.20407772064209,0.5453064441680908,7.55030632019043,0.45754748582839966,5.543052673339844,4.6167777254674425,8.066609007073566e-05,0.11463200755004971,0.22479238190122114,0.1799407358134477,0.41869191075071793,0.10619202315938558,0.10504225986745838,0.06518360925745623,64.37482107547663,clasicc,Achachak - Third Movement.mp3,final
123.046875,1586.7609548835403,2048.5434737250275,2770.1165828173375,0.02619825428115325,0.05916662886738777,0.1610603630542755,0.6857118010520935,0.37413376569747925,0.08058526366949081,42.45559310913086,-424.1361389160156,71.8936767578125,94.50480651855469,33.20829772949219,-58.693843841552734,19.965822219848633,10.041345596313477,15.173445701599121,16.62200927734375,14.38971996307373,-4.0826263427734375,9.645790100097656,-12.449363708496094,7.81789493560791,-0.4800204336643219,8.58842945098877,-24.29956817626953,13.157905578613281,-28.982614517211914,10.79942798614502,-33.29913330078125,15.18396282196045,-18.800142288208008,14.239255905151367,-10.295916557312012,14.882771492004395,108.59730203704272,0.06615930795669556,0.2759288361539333,0.555553291364766,0.46192559433844027,0.4811058912268135,0.21457465467424564,0.21002716460782608,0.0508149322302388,1.9270881031660123,clasicc,Achachak - Wonder.mp3,inicio
126.04801829268293,2561.707952264656,3032.915237694912,4147.099923054131,0.05886377860148994,0.056974925100803375,0.17356954514980316,0.9348528981208801,0.3677625358104706,0.08417787402868271,69.80169677734375,-353.9757385253906,46.38701629638672,80.34635925292969,26.8093204498291,-55.414493560791016,15.097831726074219,6.942492485046387,8.578993797302246,-17.868515014648438,11.633328437805176,-17.63908576965332,6.1968536376953125,-23.019638061523438,8.189334869384766,-6.103287696838379,7.281076431274414,-3.563400983810425,7.476500988006592,-5.004827499389648,8.400472640991211,-26.736494064331055,9.05813980102539,-9.278676986694336,14.196443557739258,-6.593501091003418,13.237860679626465,59.48581870791731,0.0001156738871941343,0.23583428431694298,0.4916707503699541,0.3661553459492152,0.4370540253771795,0.1930236885156368,0.17007794990923888,0.07573507336684393,0.6568886861248295,clasicc,Achachak - Wonder.mp3,mitad
147.65625,2939.6652354930034,2901.7922663872796,4808.662589341863,0.09190968610922988,0.06711768358945847,0.1882723718881607,0.6066204905509949,0.4328383207321167,0.10552586615085602,140.76194763183594,-449.9278259277344,84.82795715332031,51.898895263671875,35.74738693237305,-56.48650360107422,34.38080978393555,-28.726123809814453,17.432235717773438,-23.347129821777344,15.311448097229004,-12.677127838134766,9.859625816345215,-21.348472595214844,13.035309791564941,-13.18455696105957,11.608719825744629,-9.23157787322998,11.746440887451172,0.4158633351325989,18.668315887451172,9.167044639587402,17.70696449279785,4.803004264831543,11.759820938110352,3.5833468437194824,10.208508491516113,94.5357969386975,0.07108202576637268,0.3102921369683224,0.28125133064487984,0.4224518479935424,0.4121703589939816,0.20087042218122084,0.2510984105675634,0.06437331792608485,0.23314043157904335,clasicc,Achachak - Wonder.mp3,final
143.5546875,1434.7972050852488,1678.3348963004482,2614.0091934440306,0.03603946461397059,0.09770924597978592,0.2870313823223114,0.58472740650177,1.3327051401138306,0.09354604780673981,2324.1826171875,-293.4196472167969,88.32813262939453,163.166259765625,45.709320068359375,-7.615246295928955,30.601314544677734,-2.6653430461883545,14.887137413024902,5.216448783874512,13.610355377197266,-10.852883338928223,11.447455406188965,-9.03536319732666,8.686509132385254,-7.67393159866333,8.41055965423584,-8.063828468322754,9.260100364685059,-9.129868507385254,10.70842170715332,-11.638466835021973,11.764410018920898,-6.996601581573486,8.846623420715332,-3.5375893115997314,8.259359359741211,9.609038221468527,0.001758843893185258,0.2726233066285376,0.4268551841540845,0.3137247314033952,0.30853266165583354,0.1190178938025705,0.15049783099297984,0.08140842408895967,40.54677040457696,clasicc,Megatone - Black and White 04.mp3,inicio
129.19921875,1397.668375382156,1437.1110453838132,2250.4030587872485,0.04399274229634288,0.1526147723197937,0.20273110270500183,0.7667850255966187,1.5002621412277222,0.0845114216208458,7280.6533203125,-254.52972412109375,68.53282928466797,163.58700561523438,32.518802642822266,-20.50652503967285,26.594722747802734,-11.728818893432617,14.800396919250488,-0.37372124195098877,14.396308898925781,-9.07526683807373,13.60280990600586,-0.8320773839950562,17.372737884521484,-2.2243990898132324,13.46219539642334,-8.151904106140137,12.858248710632324,-10.696487426757812,10.029330253601074,-10.900491714477539,11.00588607788086,-8.245294570922852,12.09714126586914,-7.783506393432617,12.759718894958496,9.73965597294482,3.631393701652996e-05,0.2584479248914526,0.29734842548073137,0.3485471196958456,0.31247883927147113,0.12437262474216933,0.14680194382682,0.09185330138708933,30.8962016715799,clasicc,Megatone - Black and White 04.mp3,mitad
101.33272058823529,1985.8434325415192,2262.818157062123,3813.485273709607,0.04837706952641254,0.06609790772199631,0.21386319398880005,0.6194775104522705,1.1424022912979126,0.0837291032075882,4585.87158203125,-344.41278076171875,88.6440200805664,130.052978515625,57.125587463378906,-0.9392392039299011,26.98219871520996,-13.469385147094727,13.546406745910645,-0.9788588881492615,13.480714797973633,-2.86617112159729,12.2680025100708,0.16262146830558777,14.563028335571289,-0.10094666481018066,9.501822471618652,-5.324267387390137,10.102326393127441,-6.891681671142578,10.015320777893066,-2.6866984367370605,10.532869338989258,1.857130527496338,10.82872200012207,4.099180221557617,12.070013046264648,7.803605218231127,0.002442389726638794,0.30179193166927587,0.3266404978370941,0.1948115000473732,0.35409942213565204,0.12943824970678908,0.13670249476139265,0.09952723561238788,41.80221673895288,clasicc,Megatone - Black and White 04.mp3,final
105.46875,2557.3986573765847,3839.4881177013913,5369.059200700222,0.04058724512625774,0.014391889795660973,0.5056630373001099,0.6118215918540955,1.0576120615005493,0.07420986890792847,172.9255828857422,-465.0971984863281,87.73834228515625,166.35728454589844,51.80882263183594,19.16407585144043,32.85089874267578,-8.185135841369629,12.2794771194458,10.272459030151367,11.777496337890625,1.8413848876953125,11.16955280303955,-3.3095786571502686,7.912487506866455,-1.740485668182373,5.503695011138916,-2.349773645401001,6.91364049911499,-3.180082082748413,5.4583306312561035,-7.977444648742676,5.825427055358887,-11.7388916015625,5.290042400360107,-10.923039436340332,4.990681171417236,3.821631496809672,0.006221825256943703,0.21339220392251818,0.17487719021557235,0.2618165196920416,0.06285563681530512,0.09793132141458055,0.056881461035680515,0.0352870620619109,102.03898451518502,clasicc,Megatone - Black and White 12.mp3,inicio
103.359375,1782.622915805419,2558.7973580007497,3627.386399024042,0.03322693437983746,0.04623604565858841,0.28043797612190247,0.5205792188644409,1.093144416809082,0.09524644166231155,798.6795043945312,-373.1543884277344,85.70574188232422,154.00624084472656,48.93389129638672,9.545076370239258,30.788131713867188,-4.511656761169434,14.431193351745605,6.394017219543457,11.616654396057129,-5.679638862609863,10.769404411315918,-6.66191291809082,8.679350852966309,-4.8847575187683105,6.821877956390381,-7.159317970275879,7.1848578453063965,-8.444239616394043,7.408657550811768,-10.854138374328613,6.252191543579102,-11.369450569152832,6.060285568237305,-8.961746215820312,4.966956615447998,8.254422972384786,0.0017255616839975119,0.18103812237690803,0.2888086897221952,0.3063379615633748,0.2989397114611727,0.14218855909400946,0.11235012867326431,0.08134760471105629,53.98952590128573,clasicc,Megatone - Black and White 12.mp3,mitad
132.51201923076923,2273.377852201956,2754.195109484021,3999.1508176821303,0.05970579920907508,0.0473349429666996,0.23541830480098724,0.5223986506462097,1.1611055135726929,0.09189439564943314,3856.927490234375,-367.2489929199219,82.23168182373047,115.87181854248047,57.48527145385742,6.313706874847412,23.141437530517578,-15.645673751831055,12.763799667358398,0.012991229072213173,12.809545516967773,7.744972229003906,10.296235084533691,10.564629554748535,11.292829513549805,7.68320369720459,10.984277725219727,-0.6033421754837036,10.8073091506958,-7.953384876251221,7.5357866287231445,-10.00312328338623,12.037827491760254,-9.318202018737793,11.911054611206055,-9.281438827514648,11.916566848754883,7.7762868266567935,0.00409522233530879,0.21921084104529204,0.34367132273213724,0.32696102931959,0.2796955234108289,0.1294446793403444,0.12741281783342284,0.0804638167284909,65.69801993868977,clasicc,Megatone - Black and White 12.mp3,final
126.04801829268293,2511.604951741326,3179.355169655172,5944.764052825078,0.05029920453995743,0.17367494106292725,0.3585841953754425,0.9728689193725586,0.666077733039856,0.09152907133102417,5177.93359375,-170.7049560546875,100.89657592773438,154.7755584716797,39.86419677734375,9.829062461853027,31.67734718322754,29.29654884338379,24.758508682250977,-15.40153694152832,20.819515228271484,28.419281005859375,14.602645874023438,-18.833696365356445,16.982685089111328,18.30160140991211,15.175361633300781,-6.728650093078613,13.211276054382324,-3.5184288024902344,11.976344108581543,4.221805572509766,11.195113182067871,-2.234374523162842,8.015608787536621,-2.3175389766693115,7.6952009201049805,3.6259801223400636,0.0023155412636697292,0.23913963100796962,0.1550713209392588,0.2324825559385042,0.17576522263429545,0.09396155058813305,0.08933292903160643,0.08096019344922203,33.17867901951036,Electronica,Alan Walker - Alone.mp3,inicio
97.50884433962264,2835.593376480459,3551.3788527049437,6709.384429270269,0.055338856605553405,0.2490348219871521,0.36050787568092346,1.0782030820846558,0.9968210458755493,0.08411935716867447,8218.4462890625,-93.5718002319336,46.351810455322266,152.12042236328125,27.269134521484375,-14.929677963256836,20.102582931518555,37.85393142700195,15.756075859069824,-26.00853729248047,14.70187759399414,30.54067039489746,11.35003662109375,-21.662073135375977,14.079916954040527,22.677831649780273,10.98856258392334,-13.233243942260742,10.646821975708008,3.657443046569824,9.758441925048828,-0.5801357626914978,12.102039337158203,1.0328463315963745,7.79847526550293,-2.1660315990448,8.111486434936523,3.0584176399724683,0.0006053150864318013,0.11542399795487038,0.07307216454868137,0.14783968562286925,0.10586022001599064,0.044101680810084094,0.05198438198890824,0.04333044477280082,35.56526450267799,Electronica,Alan Walker - Alone.mp3,mitad
97.50884433962264,3618.9696579162483,3817.1494229983355,8120.125898709607,0.07539731430195433,0.2910802662372589,0.4020392596721649,1.017502784729004,0.9462183713912964,0.08746223896741867,14882.3447265625,-85.92546844482422,155.6028594970703,112.52718353271484,30.40024757385254,-24.308801651000977,43.282657623291016,33.14899444580078,18.250497817993164,-24.43094253540039,21.88378143310547,25.8349552154541,15.404708862304688,-16.780906677246094,11.955652236938477,24.528446197509766,15.590262413024902,-9.773741722106934,9.764589309692383,16.315593719482422,10.801705360412598,-0.8026166558265686,7.44847297668457,7.288749694824219,8.245772361755371,-4.317647457122803,6.2794036865234375,2.6403616785025172,0.006722901947796345,0.09391545503802083,0.08738723991102414,0.11322574884364575,0.07658949269876426,0.039654159095021936,0.03525769106705717,0.0196240009282545,18.89399492824419,Electronica,Alan Walker - Alone.mp3,final
129.19921875,2911.2783322611244,3129.3263630976253,6180.045963440886,0.07338863408233359,0.12544572353363037,0.39067551493644714,0.9864463210105896,0.5432717800140381,0.08325965702533722,3073.364990234375,-163.19931030273438,84.19596099853516,139.16302490234375,28.077608108520508,-30.487873077392578,24.197208404541016,37.00862121582031,34.45594024658203,-30.295318603515625,17.16737937927246,17.783960342407227,22.11239242553711,-20.073471069335938,13.344704627990723,-2.926699161529541,10.736777305603027,-1.0323346853256226,13.103668212890625,3.583409547805786,12.494193077087402,-6.701634407043457,11.16213321685791,-1.063145637512207,9.286663055419922,0.5182197093963623,8.94791030883789,2.587049690252694,0.0037819279823452234,0.1410485017910801,0.14453882668514287,0.2114079174752689,0.16152341056999225,0.07597903476446514,0.06503860524374337,0.08097303546538837,23.68462532812805,Electronica,Alan Walker - The Spectre.mp3,inicio
129.19921875,2694.312117845943,3372.226115894452,6234.5623004547215,0.04407418549245356,0.3119085133075714,0.5246419310569763,1.0667667388916016,1.0006815195083618,0.07304098457098007,12302.4111328125,-82.68379974365234,46.799034118652344,147.75900268554688,25.17967414855957,-15.762054443359375,19.44089126586914,44.39448547363281,16.776676177978516,-28.84741973876953,14.931607246398926,35.5610237121582,10.080154418945312,-7.329153060913086,10.98820686340332,9.820786476135254,10.307982444763184,-1.6545990705490112,11.2127685546875,11.491201400756836,9.334036827087402,-2.6422412395477295,8.391912460327148,10.891833305358887,7.074117183685303,10.65300464630127,7.6577372550964355,3.8521341290992086,0.0005798850324936211,0.193274532933813,0.13316329335773566,0.23597317177654145,0.19117731246251357,0.09960114143044116,0.084585677978834,0.03727757613756928,51.55065765391404,Electronica,Alan Walker - The Spectre.mp3,mitad
129.19921875,2757.5098756010984,2647.584607013204,5825.706439416844,0.05613269156346749,0.17890778183937073,0.30795222520828247,0.6154402494430542,1.0020657777786255,0.11009927839040756,16368.3388671875,-256.61956787109375,221.80880737304688,47.812705993652344,46.382633209228516,-19.866941452026367,21.501848220825195,23.41588020324707,27.427221298217773,-13.150260925292969,14.204558372497559,16.215696334838867,21.170738220214844,-4.64806604385376,8.057860374450684,17.666406631469727,20.816661834716797,-3.3500497341156006,6.887735843658447,7.928204536437988,11.847037315368652,-3.508755922317505,7.202229022979736,6.009768486022949,9.142306327819824,0.7695080637931824,4.630760192871094,3.8793031636154556,0.3677689731121063,0.05956060208960727,0.08582577998161671,0.15432816368118374,0.06875887116087162,0.030044658322452348,0.03459094643909092,0.02707721536834973,22.643868987238847,Electronica,Alan Walker - The Spectre.mp3,final
90.7258064516129,1802.3673665047863,2289.283631899418,3553.068343405617,0.04157004032616424,0.1345507651567459,0.33994802832603455,0.8667632937431335,0.8627015948295593,0.08939420431852341,2245.679931640625,-224.9792022705078,79.43807983398438,192.66197204589844,39.70875930786133,10.456329345703125,29.699045181274414,9.380210876464844,34.0283203125,-11.021806716918945,17.838668823242188,15.353700637817383,10.972366333007812,-10.657395362854004,16.496706008911133,12.85119915008545,15.352596282958984,0.11101561784744263,9.058143615722656,-0.7702537178993225,9.061787605285645,5.464324474334717,9.196381568908691,-2.883413553237915,8.441154479980469,-1.4171658754348755,7.245340347290039,4.428339758216361,0.00038924103137105703,0.1411208036159265,0.18654308038568468,0.2871615503345516,0.19388744185631118,0.08791667541608474,0.09431726361907757,0.048924443229584,51.39912892281843,Electronica,alan-walker-faded-128-ytshorts.savetube.me.mp3,inicio
90.7258064516129,3142.3818614586453,3540.332252172867,6771.171236224671,0.06405857708629577,0.2357252985239029,0.3019084632396698,1.0985853672027588,0.9714549779891968,0.08416005223989487,5542.796875,-98.44295501708984,57.58125686645508,146.49356079101562,26.700876235961914,-33.240440368652344,15.759461402893066,46.399417877197266,18.4256649017334,-23.36522674560547,15.832341194152832,26.293106079101562,13.288368225097656,-22.7542667388916,12.765198707580566,19.77923583984375,12.784059524536133,-4.493869781494141,9.568361282348633,4.527079105377197,11.222131729125977,3.811371088027954,9.528881072998047,-0.810790479183197,7.913046836853027,1.4301825761795044,7.005599021911621,3.6596628249136502,4.892701326753013e-05,0.10799831751275625,0.1657275574065363,0.18194113320324315,0.18755573628500657,0.05263971394167279,0.07561148855226964,0.013937303802907716,24.43274448844262,Electronica,alan-walker-faded-128-ytshorts.savetube.me.mp3,mitad
119.68085106382979,2512.7771701276624,3077.079582588172,5521.443410060434,0.04601300046658372,0.1786077320575714,0.4228568375110626,0.7906976938247681,0.4589229226112366,0.08110810816287994,7133.435546875,-208.15077209472656,173.57925415039062,138.75254821777344,55.14546585083008,-4.631223678588867,44.230262756347656,29.480789184570312,33.41182327270508,-11.253713607788086,20.890851974487305,21.86296844482422,18.337060928344727,-10.036900520324707,14.61746597290039,13.658934593200684,16.91357421875,-2.8251733779907227,6.479955196380615,5.300693988800049,11.340548515319824,-0.7513202428817749,7.108980178833008,-0.4462319612503052,6.782416343688965,-0.6296629905700684,7.48068380355835,4.291056686768382,7.339594594668597e-05,0.1132377823037484,0.1560411182717418,0.2361441539130507,0.13344913692220078,0.062344812759204817,0.05558586667831082,0.007985537673624513,32.69261048055867,Electronica,alan-walker-faded-128-ytshorts.savetube.me.mp3,final
129.19921875,1393.9333391130024,1378.0985206583493,2362.152383054373,0.04413654339202786,0.08307410776615143,0.39743372797966003,0.8290303349494934,0.842060387134552,0.09938507527112961,3795.851318359375,-304.61053466796875,72.40589141845703,157.38565063476562,47.28074264526367,-3.951397180557251,34.02333450317383,-19.971866607666016,32.74357223510742,-0.280278742313385,25.855419158935547,-3.3807222843170166,15.324934959411621,-8.29403018951416,16.23907470703125,-8.454877853393555,16.559152603149414,-6.1994147300720215,11.709775924682617,-0.8315740823745728,10.076682090759277,0.18503913283348083,10.77696704864502,3.2465269565582275,8.379159927368164,2.80110239982605,7.538956165313721,4.2746713235969205,0.011935623362660408,0.132760031798232,0.18425676970408983,0.15210272101563546,0.14246633482545829,0.07364390296779436,0.06657213435026298,0.07457054187329197,92.1689409603978,Electronica,"AronChupa, Little Sis Nora - I_m an Albatraoz _ OFFICIAL VIDEO.mp3",inicio
129.19921875,2474.0390577472876,2399.4334874279634,4702.929895359665,0.0662358050744969,0.20765237510204315,0.45844772458076477,1.4385654926300049,1.9235732555389404,0.09967862814664841,8808.060546875,-178.53260803222656,83.43173217773438,138.2915802001953,42.583919525146484,-54.10251235961914,30.14384651184082,28.483171463012695,25.424081802368164,9.072644233703613,23.330577850341797,0.8311646580696106,28.667098999023438,1.5983834266662598,19.381860733032227,12.52490520477295,21.281368255615234,-1.3015601634979248,16.481582641601562,6.0289998054504395,17.752532958984375,-4.719729900360107,12.03512191772461,-0.2733982801437378,12.744758605957031,-7.135965824127197,10.163774490356445,3.1330524797555084,0.000221006412175484,0.0852283343634549,0.10656197913186852,0.13060097638133328,0.13027019587185706,0.046842152520812884,0.0474002298367596,0.04888269383973211,37.14081143003539,Electronica,"AronChupa, Little Sis Nora - I_m an Albatraoz _ OFFICIAL VIDEO.mp3",mitad
129.19921875,2122.210624422547,2250.7939731458787,4061.3754414183436,0.051563180267995355,0.19475635886192322,0.47322431206703186,1.226591944694519,1.7850090265274048,0.09818533062934875,8763.828125,-208.50074768066406,118.2680892944336,132.530517578125,43.94002151489258,-46.089599609375,50.47380447387695,22.137298583984375,25.079753875732422,4.156533241271973,21.432741165161133,3.6497254371643066,28.021963119506836,7.288835525512695,17.400775909423828,9.750555038452148,21.78438377380371,2.6072099208831787,15.284808158874512,7.351515769958496,14.4619779586792,-3.1731679439544678,11.38971996307373,3.986091136932373,10.121047019958496,-4.085903644561768,9.733174324035645,3.483057679081904,0.00017704538186080754,0.1402010503675629,0.10545313681142275,0.15245275397579983,0.1414774000929897,0.051690556764579704,0.059043536270118366,0.030487727729748934,45.58727918013262,Electronica,"AronChupa, Little Sis Nora - I_m an Albatraoz _ OFFICIAL VIDEO.mp3",final
126.04801829268293,2324.1384093041424,2499.949752030524,4568.380708960188,0.058426139524477554,0.07405471801757812,0.33920133113861084,0.9621940851211548,0.9028713703155518,0.09100187569856644,725.6435546875,-247.05447387695312,95.70328521728516,157.30299377441406,35.01333999633789,-46.600406646728516,33.115234375,45.42662048339844,27.743209838867188,-19.176855087280273,18.415746688842773,17.018098831176758,16.500690460205078,-11.972912788391113,13.795028686523438,-0.31576529145240784,14.640162467956543,-15.013786315917969,11.300738334655762,-9.26417350769043,10.601553916931152,-12.717188835144043,8.887964248657227,-12.634675979614258,9.812851905822754,-1.2435106039047241,8.733105659484863,3.710656254931172,0.01309583056718111,0.18858317560225032,0.17050920479841433,0.2702511546206781,0.2693844821084445,0.09435828021421863,0.09298613369923345,0.03631812548070529,18.88908150458985,Electronica,Avicii - Hey Brother.mp3,inicio
126.04801829268293,3483.567671015584,3540.5375314859944,7359.538831208882,0.08764988571497678,0.11873479932546616,0.426972359418869,1.0188597440719604,0.7781903147697449,0.07656046748161316,1688.4361572265625,-129.61788940429688,69.63031005859375,129.63978576660156,24.691450119018555,-43.6388053894043,19.200199127197266,50.16486740112305,17.067094802856445,-19.159313201904297,17.112993240356445,33.643577575683594,9.943507194519043,-14.470916748046875,11.650362968444824,19.61893081665039,13.815672874450684,-11.148151397705078,9.666350364685059,14.57248592376709,8.534806251525879,-4.38288688659668,7.117917060852051,8.056118965148926,8.038663864135742,0.7428756356239319,6.165741443634033,2.870601610366574,0.0005096450331620872,0.08699850717074026,0.09998029047358663,0.12891561199713328,0.12392808134902517,0.04226098507528025,0.042625397761762746,0.03546493575607169,20.702959385290743,Electronica,Avicii - Hey Brother.mp3,mitad
126.04801829268293,2595.3080259362746,2588.698484927219,5496.600096144543,0.06498392299970976,0.06333374977111816,0.25173574686050415,0.6199735999107361,0.6504902243614197,0.08745265007019043,1211.391357421875,-316.8819274902344,213.09439086914062,84.22713470458984,68.55069732666016,-28.898014068603516,28.638477325439453,24.27799415588379,25.904560089111328,-10.285745620727539,15.991806983947754,14.1696138381958,16.661455154418945,-6.862683296203613,12.620443344116211,10.092899322509766,11.563663482666016,-7.73256778717041,10.328581809997559,7.8066534996032715,8.820804595947266,-1.2890162467956543,7.136599063873291,4.0103607177734375,6.613363265991211,0.7747853398323059,5.3266282081604,2.8456657699352803,0.2930697798728943,0.11145514589382281,0.14588672217794907,0.18449804218955904,0.10883137220857769,0.05189367089419307,0.05495089909520479,0.011518852082678666,17.80255678338209,Electronica,Avicii - Hey Brother.mp3,final
126.04801829268293,3247.415100240671,3427.466946975391,6925.666454775784,0.07166944568740326,0.20020103454589844,0.4072957932949066,0.9941456317901611,1.2681185007095337,0.08635828644037247,9863.8603515625,-90.58169555664062,62.34184646606445,123.7291259765625,19.386045455932617,-39.1882209777832,12.521952629089355,53.08173370361328,15.23446273803711,-22.28998565673828,12.856244087219238,19.675996780395508,11.735397338867188,-14.876368522644043,9.430659294128418,9.552839279174805,10.299829483032227,-9.475820541381836,10.458343505859375,7.173546314239502,7.584959030151367,-2.8237712383270264,8.042360305786133,3.04988169670105,7.680443286895752,1.5109920501708984,7.187099456787109,3.3059061964116934,0.0032758270390331745,0.16428718782072035,0.1612636717992293,0.14469818300183246,0.16488752878672722,0.04739377123145683,0.05533667935346962,0.01977953069975361,25.667848225407894,Electronica,Avicii - Levels Lyrics.mp3,inicio
126.04801829268293,2300.0436177427964,2432.4518288451054,4383.415160754886,0.06323317772832818,0.15717512369155884,0.3393169939517975,0.9586521983146667,0.7704567313194275,0.08246083557605743,3743.157958984375,-152.81170654296875,73.17520904541016,163.9041290283203,27.563919067382812,-43.4337158203125,32.398040771484375,32.55361557006836,22.59286117553711,-6.98712158203125,17.711986541748047,12.751567840576172,15.70144271850586,-15.803305625915527,12.124954223632812,7.924445629119873,11.70205020904541,5.597527027130127,12.682693481445312,-9.11650562286377,13.096071243286133,-1.0907435417175293,8.578189849853516,1.3570228815078735,8.649686813354492,-6.865721225738525,7.955070495605469,3.348866346002394,0.00011779326450778171,0.2178915984538909,0.12219196431572292,0.178895955453381,0.15560369336671104,0.05811866009204623,0.06027665580207844,0.05774174858076398,18.74622815068165,Electronica,Avicii - Levels Lyrics.mp3,mitad
126.04801829268293,3554.230806720298,3734.5784486467746,7673.986929784249,0.07567735796004257,0.1921319216489792,0.4800282418727875,0.8767763376235962,0.9332901239395142,0.07524381577968597,11628.5439453125,-170.9796905517578,190.2451171875,98.77071380615234,52.4296989440918,-26.11321258544922,20.33572006225586,40.53427505493164,26.56925392150879,-18.840898513793945,15.833059310913086,16.972658157348633,16.1561222076416,-14.46384334564209,12.010566711425781,9.662960052490234,12.478791236877441,-11.987434387207031,10.417570114135742,5.700348854064941,8.976287841796875,-3.5682830810546875,7.653684616088867,2.8019914627075195,7.227529525756836,-0.10955366492271423,6.07190465927124,2.601184671232331,0.04273480549454689,0.07557304268438543,0.10068638214438769,0.11642935343511654,0.07325803971234512,0.03503601188046936,0.04108685827147704,0.007003424994380985,24.952057573613313,Electronica,Avicii - Levels Lyrics.mp3,final
127.8409090909091,2633.1882369592545,2813.6757655749057,5412.262819943121,0.05856580357936367,0.211910679936409,0.39478424191474915,1.1370952129364014,1.260429859161377,0.08601929247379303,17212.5,-137.01739501953125,82.80250549316406,156.38470458984375,40.59929656982422,-32.3083381652832,27.32733154296875,37.277950286865234,28.082178115844727,-16.2974853515625,21.784805297851562,6.8831868171691895,19.708375930786133,-5.98749303817749,12.706193923950195,-5.80608606338501,14.818072319030762,-3.044163703918457,10.655784606933594,-4.357090473175049,10.088111877441406,-4.182839393615723,9.657663345336914,-4.527887344360352,8.884150505065918,-0.8991604447364807,7.874350070953369,1.6368435500113667,0.0011635392438620329,0.20453931556042382,0.15966266832128442,0.1615506752602212,0.21772726845430543,0.07903615105341025,0.07476915333785762,0.02404591800001874,23.746319397927042,Electronica,avicii-waiting-for-love-128-ytshorts.savetube.me.mp3,inicio
127.8409090909091,3585.441616813602,3918.950286932082,8075.997600426591,0.062285628388286524,0.30603548884391785,0.34390559792518616,1.1587895154953003,1.048297643661499,0.09761622548103333,19171.259765625,-64.80175018310547,48.21876525878906,128.89854431152344,22.392337799072266,-32.198421478271484,17.147754669189453,52.68849563598633,15.832716941833496,-29.746448516845703,14.29464340209961,26.45929527282715,14.866930961608887,-21.437456130981445,12.74101448059082,11.606237411499023,14.872737884521484,-14.715544700622559,11.366243362426758,6.6135382652282715,11.02978229522705,-4.933013439178467,10.084342002868652,3.120145320892334,11.056714057922363,1.748025894165039,9.823556900024414,2.695030522263157,7.361811731243506e-05,0.12705516717962792,0.11684145310174035,0.13669268724776643,0.14983580989013356,0.05451691796742075,0.0599903635933532,0.022930148684269947,23.330250404352153,Electronica,avicii-waiting-for-love-128-ytshorts.savetube.me.mp3,mitad
127.8409090909091,4324.570609025002,4387.084631684007,9807.448120334162,0.0764159288348738,0.31961706280708313,0.33408066630363464,1.0688401460647583,0.7815189957618713,0.09988687187433243,18834.859375,-48.872013092041016,37.85077667236328,114.28510284423828,18.702394485473633,-32.96737289428711,15.69731616973877,54.72627258300781,16.70944595336914,-34.509708404541016,14.451629638671875,36.5988883972168,13.855110168457031,-22.877918243408203,13.697850227355957,25.656658172607422,11.181611061096191,-11.409436225891113,9.27613353729248,14.903375625610352,9.050106048583984,0.6979497075080872,9.05709457397461,11.100958824157715,8.294601440429688,6.761086940765381,9.142642974853516,3.138441525624431,9.072614921024069e-05,0.09274625021543892,0.09674524788909981,0.09685400372108764,0.10661975912388952,0.03595019967154435,0.04218490601305272,0.006657456083195281,25.076542707747745,Electronica,avicii-waiting-for-love-128-ytshorts.savetube.me.mp3,final
129.19921875,1769.8621993820925,2117.8214643171846,3647.486277482827,0.03474808920278638,0.20951007306575775,0.47249695658683777,1.1768158674240112,1.815983772277832,0.07998210936784744,7916.96484375,-157.3303680419922,82.89170837402344,179.47691345214844,34.47018814086914,-34.81906509399414,23.670433044433594,18.985851287841797,33.94824981689453,1.380294680595398,22.829593658447266,8.314284324645996,18.137121200561523,-13.058462142944336,13.868992805480957,2.524646043777466,16.071046829223633,-4.757771968841553,10.75354290008545,3.816767454147339,11.973541259765625,0.23580582439899445,8.360800743103027,3.716686248779297,8.640507698059082,-1.3278173208236694,6.8790764808654785,3.2881170216783673,0.0020801068749278784,0.16663927581377624,0.26057989003900095,0.23957815813191347,0.378894413695281,0.13194650827578475,0.12040194424777032,0.013518887909447089,52.59386595910197,Electronica,Axol x Alex Skrindo - You _ Electro House _ NCS - Copyright Free Music.mp3,inicio
129.19921875,2876.6536856259663,3141.796621269307,6198.329186218073,0.05497982627467105,0.3211911916732788,0.43004852533340454,1.0861444473266602,1.0370771884918213,0.07965327054262161,11882.6875,-66.69953918457031,60.15606689453125,145.73300170898438,21.01902961730957,-47.50459671020508,14.721015930175781,54.609580993652344,23.535938262939453,-26.293373107910156,12.37999153137207,27.220182418823242,15.442658424377441,-6.245690822601318,12.674818992614746,13.423531532287598,13.93897533416748,-7.596796035766602,9.852246284484863,11.292490005493164,10.66488265991211,3.8484725952148438,8.813551902770996,5.630441188812256,8.081228256225586,11.01842212677002,9.128683090209961,3.445397709601303,0.0009095099521800876,0.08685728658372907,0.13360494487455182,0.11659347666072216,0.17402481894023558,0.06283175244957297,0.05905069157474666,0.011927423143385364,34.92720310733265,Electronica,Axol x Alex Skrindo - You _ Electro House _ NCS - Copyright Free Music.mp3,mitad
129.19921875,3498.0696823944068,3596.0953683006037,7588.237448299632,0.05282129813273994,0.29183873534202576,0.5840731859207153,1.1010825634002686,1.0989015102386475,0.07028074562549591,12472.984375,-76.85971069335938,99.63861083984375,113.1214828491211,24.28594207763672,-40.57169723510742,29.234622955322266,52.30630874633789,19.9049015045166,-16.657825469970703,20.533964157104492,41.36579132080078,13.580528259277344,-13.371710777282715,14.536688804626465,25.79305076599121,12.8904390335083,-1.8600144386291504,11.256771087646484,17.593341827392578,11.55972671508789,2.731663942337036,9.182123184204102,12.821141242980957,9.542352676391602,7.043605327606201,8.852216720581055,3.3371851825634513,0.0015691370936110616,0.17525720258040797,0.264414794415693,0.2480372782911683,0.2481814175699899,0.12288636664082035,0.10175619770190034,0.03299137358927908,28.424116665593463,Electronica,Axol x Alex Skrindo - You _ Electro House _ NCS - Copyright Free Music.mp3,final
123.046875,2853.0835679458924,2830.8036164561017,5764.681808424439,0.07844075772784442,0.16372188925743103,0.34884873032569885,1.0130279064178467,0.9667109847068787,0.09296553581953049,11343.8720703125,-140.03680419921875,101.6396255493164,126.7182388305664,39.2408447265625,-46.92201232910156,34.029808044433594,14.1974515914917,21.77671241760254,-15.099305152893066,22.85496711730957,21.02212142944336,21.646570205688477,-18.03040885925293,15.927597999572754,-3.0839993953704834,14.372262001037598,-17.444154739379883,11.639227867126465,-3.5452001094818115,8.381224632263184,-7.382913112640381,11.752237319946289,-4.532826900482178,8.822829246520996,-5.309910297393799,9.307604789733887,2.4543783265409203,0.046464864164590836,0.13407664863495075,0.1447442977730224,0.162164656407192,0.17462927426213098,0.0580680526112107,0.06300201906982579,0.0675736452392535,12.945318481453207,Electronica,"Axwell _ Ingrosso, Axwell, Sebastian Ingrosso - More Than You Know.mp3",inicio
123.046875,2908.1005568429664,3451.684522409622,6475.269178266496,0.05577649568256579,0.30696114897727966,0.5243620276451111,1.4200752973556519,1.8433549404144287,0.0903661847114563,25026.97265625,-109.2909164428711,65.83403015136719,132.3979949951172,33.95221710205078,-11.968777656555176,23.460643768310547,44.661563873291016,17.938688278198242,-2.9972784519195557,19.164600372314453,40.26123809814453,16.6457462310791,-14.247356414794922,17.176759719848633,10.984902381896973,13.733698844909668,-6.4420576095581055,11.952961921691895,5.931737899780273,9.384895324707031,-2.1077566146850586,10.990680694580078,1.9319127798080444,9.145936965942383,3.7648329734802246,8.912114143371582,2.6726016895256635,0.0011322209611535072,0.04473136939581138,0.04801891003037389,0.0726952653300208,0.07613194193843144,0.036001671186115844,0.0232341656491763,0.019511643921827988,42.71936103488957,Electronica,"Axwell _ Ingrosso, Axwell, Sebastian Ingrosso - More Than You Know.mp3",mitad
123.046875,3329.1564879942694,3617.7449787968903,7357.488843604876,0.07049239309210527,0.29338762164115906,0.41490238904953003,1.0597556829452515,0.9483444690704346,0.08665443956851959,19434.16796875,-77.24407196044922,129.58627319335938,120.8416976928711,38.77412414550781,-37.596107482910156,16.964994430541992,26.898948669433594,18.41144371032715,-16.62653923034668,15.069037437438965,32.400726318359375,20.19475555419922,-12.927054405212402,10.950665473937988,14.073382377624512,11.21279525756836,-12.656832695007324,8.854522705078125,11.357144355773926,9.161476135253906,-3.114569902420044,8.164895057678223,8.413384437561035,7.95217227935791,2.7323122024536133,7.670317649841309,2.688777917646979,0.029505690559744835,0.0854375706835649,0.09684186644864047,0.0842534888124507,0.09126793196300884,0.04004399925178949,0.03922305551466518,0.010543012730255676,24.926482401183325,Electronica,"Axwell _ Ingrosso, Axwell, Sebastian Ingrosso - More Than You Know.mp3",final
172.265625,2318.951822220034,2776.475981117943,4731.529722420424,0.053269330193014705,0.12486276775598526,0.4000791609287262,1.0406692028045654,1.2944271564483643,0.08571475744247437,2239.55029296875,-179.23223876953125,74.35640716552734,162.0253448486328,27.077356338500977,-31.799711227416992,18.211688995361328,43.81165313720703,18.262229919433594,-12.062539100646973,20.813282012939453,30.045413970947266,16.92656135559082,-16.50600242614746,16.766803741455078,14.151640892028809,9.002507209777832,-2.911775588989258,9.932531356811523,-5.903068542480469,9.202323913574219,-0.42992880940437317,8.48038101196289,-6.667628765106201,10.447819709777832,-9.243902206420898,8.991571426391602,2.5480587045627363,0.001692066784016788,0.1478845480745131,0.16758569695463965,0.20149672836570184,0.2972018665508314,0.07815330692459196,0.11172002888472507,0.06895683003489377,23.81234976384248,Electronica,Calvin Harris - Blame Audio ft. John Newman.mp3,inicio
129.19921875,2441.8327466694086,2954.2884601771093,5005.436399477554,0.050801280113196595,0.28943854570388794,0.4444788992404938,1.0791635513305664,0.9300212860107422,0.08776013553142548,10319.4755859375,-64.19338989257812,32.78599166870117,164.45596313476562,21.04172134399414,-43.18378829956055,15.463839530944824,38.00585174560547,13.477161407470703,-21.61566925048828,10.412078857421875,29.83919906616211,9.879980087280273,-11.980234146118164,10.506118774414062,20.08955192565918,8.771763801574707,-5.082761287689209,7.726820468902588,6.288601398468018,7.875424861907959,1.61725914478302,8.298072814941406,2.860283613204956,6.568130016326904,2.889298677444458,6.816323280334473,2.63556732170948,0.00021380656107794493,0.0635590461600663,0.0794581568817064,0.0891094727147354,0.13940329195386786,0.04277173172950377,0.04288441647178427,0.016098659702586567,37.763480825970646,Electronica,Calvin Harris - Blame Audio ft. John Newman.mp3,mitad
129.19921875,3683.5134187594585,3783.833722618028,7718.069996553309,0.07770172213622291,0.25182846188545227,0.510308027267456,0.847663164138794,0.8312928676605225,0.07509695738554001,14963.3564453125,-139.88961791992188,193.8162078857422,102.97702026367188,51.98917770385742,-40.029762268066406,23.405481338500977,35.375667572021484,27.894241333007812,-18.938480377197266,11.471437454223633,24.686758041381836,24.410783767700195,-11.80567741394043,9.482406616210938,21.225996017456055,12.755690574645996,-6.382279396057129,6.74221134185791,14.002134323120117,13.511143684387207,-6.852080821990967,5.544271469116211,5.236791610717773,8.121115684509277,-2.5641326904296875,4.708209991455078,2.8359955632617813,0.0064461613073945045,0.10761157960626692,0.11905374207442213,0.13169091871520955,0.11455039228057902,0.047518837490337806,0.04601049289716234,0.011917773266902106,31.71767869353687,Electronica,Calvin Harris - Blame Audio ft. John Newman.mp3,final
117.45383522727273,1665.175628728583,2248.015923184105,3024.765042992937,0.04048255944030573,0.01077059842646122,0.4775312840938568,1.0009599924087524,0.7039594650268555,0.0878276526927948,74.1428451538086,-448.33062744140625,68.40989685058594,169.79315185546875,35.056880950927734,-11.133293151855469,25.998516082763672,4.194787979125977,21.312442779541016,4.8296427726745605,19.58187484741211,-3.5899579524993896,15.978445053100586,-5.820892810821533,11.533249855041504,-5.488855838775635,14.372550010681152,-3.4988908767700195,14.206317901611328,-0.4306064248085022,8.065149307250977,-3.4248452186584473,10.519220352172852,-2.498594284057617,10.08430290222168,1.646649718284607,8.048130989074707,2.418776404782081,0.006697730626910925,0.15372083204407902,0.09594016060912638,0.15828397082669451,0.14944137873661864,0.059924166464408984,0.06328543378875294,0.06764019944216777,42.24474581880774,Electronica,Calvin Harris - Feel So Close Official Video.mp3,inicio
129.19921875,3357.619819742635,3898.6164399694,7921.777098097668,0.056739074895994585,0.09908588975667953,0.6080196499824524,1.2519534826278687,1.5457404851913452,0.05664963647723198,1421.14453125,-184.47451782226562,50.465511322021484,134.1668701171875,25.87186050415039,-15.637285232543945,24.242897033691406,61.27812194824219,14.664320945739746,-28.27907943725586,15.742563247680664,47.45212936401367,11.0193452835083,-14.248824119567871,10.644050598144531,22.654830932617188,11.912392616271973,-8.463446617126465,9.992518424987793,17.13604736328125,8.968684196472168,-6.732421875,7.490963935852051,5.827847003936768,7.736813068389893,2.740257740020752,8.39167594909668,2.5644128435484657,0.0004249030607752502,0.05086614030088662,0.08805559275412003,0.06966166495801258,0.08660135687428465,0.027117392481709367,0.029194665846100067,0.0056457422927068505,41.00039783026933,Electronica,Calvin Harris - Feel So Close Official Video.mp3,mitad
129.19921875,2774.6044437139244,3230.813774887022,6320.9951111406735,0.05240368916892415,0.07599768042564392,0.5541608929634094,0.9311993718147278,1.0680638551712036,0.06146794185042381,1279.484619140625,-243.07861328125,148.7160186767578,140.92286682128906,47.734519958496094,-25.050697326660156,28.16782569885254,34.77531814575195,31.720735549926758,-10.739474296569824,17.687091827392578,34.62869644165039,23.039470672607422,-13.300411224365234,12.651409149169922,22.563817977905273,14.270671844482422,-7.181176662445068,10.329628944396973,9.983592987060547,10.293092727661133,-6.001454830169678,7.827913284301758,6.047085285186768,7.547790050506592,1.0699729919433594,7.602519512176514,2.858793684976788,0.0008053065394051373,0.13808000722955235,0.14619364309009789,0.13468404914052717,0.09767658765562376,0.05075977196916272,0.052641775992786015,0.02370832730129628,34.146829125415465,Electronica,Calvin Harris - Feel So Close Official Video.mp3,final
129.19921875,2192.718066738438,2593.0079191847108,4304.107306985294,0.04862291082140093,0.11734215170145035,0.31785598397254944,1.1773080825805664,1.269218921661377,0.09411732852458954,2575.435791015625,-219.54026794433594,95.54496765136719,147.79483032226562,37.118614196777344,-30.503814697265625,18.679607391357422,25.157777786254883,28.091798782348633,-13.924653053283691,19.202085494995117,8.206079483032227,13.564970970153809,-17.659852981567383,17.316925048828125,3.465837240219116,10.838288307189941,-12.098678588867188,11.65362548828125,-8.258625984191895,8.744561195373535,-13.77841567993164,9.239465713500977,-16.730072021484375,9.868614196777344,-10.143428802490234,8.505308151245117,3.214237377578943,0.004368692636489868,0.22056289404507273,0.13203014219391143,0.2214437963008547,0.2691504371708537,0.09649056034636981,0.08996322369590909,0.023251138292198666,19.39069247260994,Electronica,Calvin Harris - Outside Lyrics ft. Ellie Goulding.mp3,inicio
129.19921875,2923.641079667194,3312.058838006837,6275.370387027138,0.06527284793440402,0.2887437045574188,0.4063485860824585,1.0541802644729614,0.740505576133728,0.08393099904060364,12637.359375,-56.270172119140625,38.265132904052734,146.7050323486328,20.407957077026367,-37.66644287109375,20.361927032470703,48.76780319213867,16.6129207611084,-23.946256637573242,13.988478660583496,30.43306541442871,10.24843978881836,-19.83431053161621,12.79068374633789,19.882410049438477,8.53328800201416,-7.919895648956299,8.152214050292969,2.6879658699035645,8.760893821716309,-1.4274985790252686,7.6620588302612305,1.526417851448059,6.948205471038818,3.4313478469848633,7.329849720001221,2.4305244687261673,0.0003993748396169394,0.15476239836881722,0.11710784414580017,0.13045508433606337,0.1714638420693526,0.06107454618438796,0.03516255858265016,0.04698938838847479,26.39134836898984,Electronica,Calvin Harris - Outside Lyrics ft. Ellie Goulding.mp3,mitad
129.19921875,3318.393858046425,3552.736627558812,7373.630412665683,0.06349640364986456,0.3441213071346283,0.4512036144733429,0.9976420998573303,0.5394132137298584,0.07653694599866867,15375.400390625,-41.24709701538086,74.43046569824219,128.53839111328125,19.853994369506836,-46.0221061706543,12.463550567626953,52.077362060546875,25.324039459228516,-26.915319442749023,8.398855209350586,35.993431091308594,14.166630744934082,-15.487232208251953,9.434637069702148,24.349788665771484,9.421650886535645,-7.5349440574646,7.238409519195557,13.10432243347168,7.550791263580322,-0.8193002343177795,6.959489345550537,6.069187164306641,6.451016902923584,3.212533950805664,6.706376552581787,3.2040404277752756,0.001221847371198237,0.0704448510222665,0.07402460743656196,0.07498793903343146,0.08301737584871177,0.033806604242192534,0.021465997540387426,0.01201641098570375,30.233682401184907,Electronica,Calvin Harris - Outside Lyrics ft. Ellie Goulding.mp3,final
117.45383522727273,2492.69970703442,2652.79550724963,4977.253236563951,0.06392988553357198,0.08659584820270538,0.4016832709312439,0.9946708679199219,1.0438339710235596,0.10886481404304504,3663.88134765625,-274.3323974609375,124.7776870727539,121.22689819335938,56.26742172241211,-20.427995681762695,25.73636817932129,19.064115524291992,27.067340850830078,-16.34665298461914,18.03893280029297,7.107687950134277,20.10839080810547,-12.157660484313965,27.069011688232422,5.644891262054443,16.470401763916016,-5.911627769470215,23.122406005859375,-0.6203590631484985,15.866011619567871,-3.3328728675842285,8.420413970947266,-12.43789005279541,14.270968437194824,-5.720251560211182,11.388497352600098,2.9968858593218095,0.050693076103925705,0.1616070498033929,0.22554269152769257,0.31773150191553634,0.18352684375491704,0.12153471493973461,0.0964757309507055,0.07716415986694233,26.960652388519296,Electronica,"Calvin Harris, Rihanna - This Is What You Came For Official Video.mp3",inicio
123.046875,3089.8435910030926,3449.3127395342644,6794.3839152900055,0.0678070351804373,0.3001367449760437,0.4537177085876465,1.1496326923370361,1.3455368280410767,0.07772386074066162,18256.439453125,-52.0175666809082,51.35392761230469,145.34991455078125,30.345510482788086,-31.634151458740234,18.406217575073242,40.615760803222656,14.429814338684082,-21.207056045532227,21.145227432250977,32.526092529296875,12.106263160705566,-22.19229507446289,11.787704467773438,18.00723648071289,10.43317699432373,-5.923924922943115,11.639172554016113,8.726789474487305,7.97898530960083,-4.610536575317383,8.270702362060547,0.4665869474411011,7.730618953704834,-3.3727691173553467,7.232773780822754,2.105911321312415,0.00040979901677928865,0.08320530553488224,0.09074160156918615,0.14436727509108188,0.09504573133117629,0.03288839935773356,0.048637535539854025,0.015875194550046032,26.549032457588048,Electronica,"Calvin Harris, Rihanna - This Is What You Came For Official Video.mp3",mitad
123.046875,3169.347683188593,3777.682806320921,7605.437344294214,0.05198230093846749,0.2798879146575928,0.4088638126850128,0.9965128898620605,1.3560988903045654,0.09228214621543884,17746.6875,-116.2278060913086,157.9561004638672,116.42119598388672,44.95326232910156,-13.402155876159668,16.768402099609375,43.23019790649414,27.074060440063477,-24.031129837036133,12.554058074951172,30.138107299804688,19.398052215576172,-15.344393730163574,9.063305854797363,21.456382751464844,15.808483123779297,-10.052105903625488,8.153876304626465,7.238886833190918,9.498581886291504,-5.339065074920654,6.951303958892822,1.6468408107757568,8.851219177246094,-1.4219335317611694,6.924066543579102,2.268092133543075,0.03530365601181984,0.10538547603010316,0.09333028419835614,0.14374601143172736,0.13513157712842397,0.04232826897273515,0.050021098814749504,0.03718191747972677,35.54300592400702,Electronica,"Calvin Harris, Rihanna - This Is What You Came For Official Video.mp3",final
114.84375,2377.711851064353,2907.89726061828,5261.543184168198,0.049627061967879256,0.18659788370132446,0.4429297149181366,0.9868080019950867,0.854049801826477,0.09492380917072296,3862.181884765625,-178.220703125,107.65731048583984,165.80116271972656,44.47866439819336,9.714849472045898,29.541765213012695,30.477088928222656,29.47194480895996,-16.16537857055664,19.96673011779785,32.06710433959961,15.419289588928223,-11.111684799194336,24.29147720336914,19.88473129272461,12.373905181884766,-8.462674140930176,11.82284927368164,5.080592155456543,12.109368324279785,-3.1797471046447754,7.727207183837891,6.610069751739502,9.083346366882324,1.2884602546691895,6.107025623321533,2.8926342668721525,0.0033645492512732744,0.12741640130864645,0.10030031574256218,0.1822406720091128,0.1902126820933352,0.07050893689309319,0.07370861800521446,0.08838858347236536,47.405371820035896,Electronica,"Cartoon, Jéja - On & On feat. Daniel Levi _ Electronic Pop _ NCS - Copyright Free Music.mp3",inicio
114.84375,2779.0802627483904,3559.8644299173625,6124.887963640432,0.05426384420955882,0.2999535799026489,0.37060338258743286,1.1138173341751099,0.895771861076355,0.09788770228624344,13633.8701171875,-86.12950134277344,39.391231536865234,149.6089324951172,26.64084815979004,-7.5670976638793945,17.977123260498047,35.43717956542969,18.305706024169922,-17.188268661499023,15.089375495910645,35.700157165527344,14.362222671508789,-21.024057388305664,13.34163761138916,20.262340545654297,14.765201568603516,-7.573441028594971,10.198448181152344,6.605742454528809,10.680373191833496,-2.6734278202056885,9.669367790222168,7.349020004272461,10.179272651672363,1.0468153953552246,8.159764289855957,2.8338760230799425,0.00033709369017742574,0.1230060747487482,0.1533941286638884,0.15828137758617428,0.1665013028009695,0.07773367361142444,0.07602370233616912,0.07105698184363146,44.668127275411535,Electronica,"Cartoon, Jéja - On & On feat. Daniel Levi _ Electronic Pop _ NCS - Copyright Free Music.mp3",mitad
114.84375,2182.215917349959,2872.560311931186,4526.36429636102,0.03920894658233359,0.24881808459758759,0.4122312664985657,0.9968109726905823,1.1190305948257446,0.09237276017665863,16415.8046875,-184.93161010742188,149.3826446533203,138.79129028320312,51.45257568359375,0.8611761927604675,24.637226104736328,17.530126571655273,25.76688003540039,-13.255138397216797,17.1521053314209,27.22653579711914,18.07933235168457,-3.6289985179901123,20.199865341186523,18.02428436279297,11.917036056518555,-6.043450355529785,8.337342262268066,-0.24093127250671387,14.406052589416504,-3.302053689956665,9.113785743713379,5.4048261642456055,8.67003059387207,4.585784912109375,7.797824382781982,3.5625609052519462,0.0287061408162117,0.09408068361170058,0.09076834594380176,0.12356840904784815,0.15939914122128387,0.05030390684185634,0.04002698875258282,0.0714883887921708,52.74938732424936,Electronica,"Cartoon, Jéja - On & On feat. Daniel Levi _ Electronic Pop _ NCS - Copyright Free Music.mp3",final
117.45383522727273,2263.2139593010775,2683.179686855698,4695.321608032605,0.04519587183146285,0.15957272052764893,0.39989712834358215,0.9806822538375854,0.8984281420707703,0.09287816286087036,8203.1181640625,-185.31655883789062,60.372772216796875,145.88571166992188,34.519195556640625,-25.835163116455078,25.35628318786621,10.389154434204102,32.235198974609375,-12.210638046264648,16.59661865234375,15.33602523803711,19.51407241821289,-6.949108600616455,14.470978736877441,8.170331954956055,15.174559593200684,-3.8391306400299072,8.960761070251465,-0.6300989985466003,12.492439270019531,-0.285250723361969,10.119311332702637,-5.376898765563965,12.286900520324707,1.0924108028411865,9.022089004516602,3.988465399002586,0.0028698493260890245,0.11896976993472315,0.1603817267527795,0.16985548071041942,0.20485397522758875,0.08994209493348432,0.056633534394998436,0.0540926397765903,64.73221291535964,Electronica,"Cartoon, Jéja - Why We Lose feat. Coleman Trapp _ DnB _ NCS - Copyright Free Music.mp3",inicio
117.45383522727273,3996.936036118825,4143.022732014585,8924.054370797456,0.06671293748790634,0.4275628924369812,0.5652729272842407,1.3298271894454956,1.4526151418685913,0.06607231497764587,19603.69921875,-15.576556205749512,33.46243667602539,112.36483001708984,21.592702865600586,-25.51273536682129,15.402984619140625,58.500205993652344,8.903877258300781,-24.052749633789062,8.642815589904785,39.38698196411133,6.658064842224121,-14.223710060119629,7.0200982093811035,23.49178695678711,6.207275390625,-8.754786491394043,6.89970588684082,11.366711616516113,6.068357467651367,-4.837978839874268,5.555736064910889,6.072434902191162,4.9660515785217285,2.1746320724487305,5.920046806335449,3.066829867222259,0.004789223428815603,0.07007329302255663,0.09361366172286996,0.17655654422814096,0.12558946421610967,0.037846015390498026,0.0645537171729297,0.011057485913916101,29.26466187362985,Electronica,"Cartoon, Jéja - Why We Lose feat. Coleman Trapp _ DnB _ NCS - Copyright Free Music.mp3",mitad
117.45383522727273,3943.084731989913,3992.2206850622206,8569.539847831607,0.06887373318982198,0.3916719853878021,0.42766907811164856,1.1438804864883423,1.0410979986190796,0.08888217806816101,18976.67578125,-52.11691665649414,120.86553192138672,103.8567886352539,22.104219436645508,-25.783565521240234,18.94940757751465,50.44313049316406,25.642995834350586,-24.171110153198242,11.83970832824707,31.220108032226562,19.477874755859375,-18.5927791595459,9.135472297668457,17.127418518066406,14.306645393371582,-9.96644401550293,8.368364334106445,8.915103912353516,11.758965492248535,-5.872864723205566,7.72177267074585,4.240035057067871,9.528899192810059,-0.6572129726409912,7.056930065155029,3.2755049368331424,0.004603986628353596,0.07889133520228601,0.15184498925145185,0.20746604329643908,0.12571994846054918,0.07346673512931011,0.06614538953827455,0.013141771585659117,25.419126886192736,Electronica,"Cartoon, Jéja - Why We Lose feat. Coleman Trapp _ DnB _ NCS - Copyright Free Music.mp3",final
135.99917763157896,1606.1405466895626,2454.666875359257,3711.4358907882643,0.03167516749709752,0.07472849637269974,0.4030818045139313,0.848558247089386,0.9920826554298401,0.09109548479318619,583.2174072265625,-303.0598449707031,115.63821411132812,167.30902099609375,34.54551696777344,18.613557815551758,35.402347564697266,35.563106536865234,15.172626495361328,0.20177504420280457,27.635770797729492,21.255563735961914,19.052669525146484,-5.8262128829956055,15.386350631713867,18.26996421813965,12.325738906860352,-1.9243584871292114,10.675851821899414,7.432685375213623,6.96107816696167,3.193324327468872,11.971685409545898,9.141599655151367,12.178536415100098,6.6984968185424805,11.392074584960938,4.732752275792289,0.012140391394495964,0.08800504952460911,0.27328769583966345,0.18695518244795933,0.18381701141427773,0.13032571056463116,0.06082068386717863,0.03608803956255711,90.81468566006485,Electronica,Children.mp3,inicio
135.99917763157896,2678.9592824700057,3528.7324534816735,6283.537004311387,0.038791526581849846,0.1781216263771057,0.683888852596283,1.3529601097106934,2.296623468399048,0.04501505568623543,7800.3671875,-182.90945434570312,82.80216979980469,127.22100067138672,25.6491641998291,9.917154312133789,19.543624877929688,62.38389587402344,20.943897247314453,-15.292052268981934,25.481876373291016,35.2393798828125,11.082728385925293,-4.934861660003662,11.615730285644531,18.932910919189453,7.830364227294922,0.4307946264743805,11.652223587036133,11.298291206359863,6.677227020263672,1.8199489116668701,6.591213226318359,5.721006870269775,6.088972091674805,4.129348278045654,6.738480091094971,2.5565687576431113,0.000208188735996373,0.03186163069854943,0.0490141014967243,0.034356726719499305,0.024179297054450908,0.013513691950123507,0.016479478633371233,0.013304464301715965,66.33133656358943,Electronica,Children.mp3,mitad
135.99917763157896,4405.33661536254,4336.777364156568,9633.61674683751,0.09317895281056501,0.17110826075077057,0.5820524096488953,1.1943279504776,1.5012425184249878,0.05783114209771156,7747.7373046875,-149.00506591796875,129.76451110839844,97.8813705444336,36.62472152709961,-11.776881217956543,10.070281028747559,61.63174819946289,22.53909683227539,-26.790761947631836,14.869630813598633,34.762813568115234,15.299388885498047,-14.970403671264648,8.058692932128906,21.469449996948242,10.426100730895996,-15.649051666259766,7.661556243896484,10.847860336303711,8.562772750854492,-5.4869585037231445,5.416146755218506,10.131471633911133,7.094537734985352,4.277912139892578,6.88129186630249,2.2842625246138395,0.004451754502952099,0.07153130661114224,0.044208075643128106,0.04089398684038073,0.05800827166002439,0.02855146436851639,0.024865784977098425,0.05232122644893827,34.44279970836338,Electronica,Children.mp3,final
117.45383522727273,3889.1739256793344,2762.2160528676854,6440.777720164958,0.15561111497436145,0.011972007341682911,0.35073521733283997,1.0461533069610596,0.45325618982315063,0.09066657721996307,299.16015625,-375.425537109375,54.71217346191406,83.89147186279297,25.653963088989258,-61.188194274902344,20.7576904296875,28.834861755371094,21.879518508911133,-4.516505718231201,16.20366668701172,-13.782453536987305,14.718018531799316,-5.2022223472595215,10.980772972106934,-5.176434516906738,10.350608825683594,-1.573603630065918,11.232088088989258,-4.031000137329102,10.513753890991211,-7.832311153411865,8.72381591796875,-6.608743190765381,9.860339164733887,-7.808165073394775,11.332865715026855,1.7330759997310465,0.0037738014943897724,0.06363615049287089,0.0694197923201316,0.10009629686787852,0.09292993910826754,0.040133695186901894,0.03753142987793913,0.059779739031818366,2.8651845487230285,Electronica,Coldplay - Adventure Of A Lifetime Official Video.mp3,inicio
112.34714673913044,2209.6038498862795,2780.500415801584,4741.821326855166,0.044835140830592105,0.16017881035804749,0.48876500129699707,1.157394289970398,1.0607397556304932,0.08929577469825745,4637.8193359375,-174.2986602783203,74.53296661376953,152.0440216064453,33.04884719848633,-19.927518844604492,30.21268081665039,47.418373107910156,22.314210891723633,-5.133556842803955,21.167625427246094,27.10692024230957,12.070270538330078,3.7115988731384277,12.760616302490234,7.290431976318359,13.178393363952637,-0.25392723083496094,13.090102195739746,12.171005249023438,9.585172653198242,0.6108671426773071,9.783199310302734,5.461187839508057,8.794601440429688,7.0227861404418945,9.76140022277832,2.690683163685833,0.00012971590331289917,0.16592986241570598,0.05640731885926849,0.18724991144547065,0.07256630528162661,0.029831525385984447,0.08358816598197345,0.05420540987038631,65.48022938644552,Electronica,Coldplay - Adventure Of A Lifetime Official Video.mp3,mitad
120.18531976744185,4475.724196312594,2739.4589827415853,7010.524274985488,0.20340390987809598,0.031026285141706467,0.29631975293159485,0.9562473297119141,0.297710120677948,0.10278932750225067,829.5047607421875,-406.79876708984375,88.31438446044922,58.469093322753906,53.55569839477539,-32.328487396240234,18.526124954223633,40.088436126708984,17.012239456176758,-11.626379013061523,15.816465377807617,0.03588791564106941,12.69359016418457,0.47236260771751404,12.86355209350586,-18.814613342285156,12.909218788146973,4.343024730682373,13.300832748413086,-10.658554077148438,10.182987213134766,-8.968021392822266,8.890905380249023,-1.184731364250183,11.937824249267578,-24.87417984008789,14.603317260742188,8.122076244058455,0.0008739677723497152,0.14435988447262485,0.1138749895029048,0.13867927263309965,0.15755232510436332,0.05929044186767323,0.06219515174726948,0.07150290755436114,10.229458182266251,Electronica,Coldplay - Adventure Of A Lifetime Official Video.mp3,final
130.8139534883721,1374.7714795936422,2336.111940873196,2481.233891752577,0.023981500511020264,0.09485199302434921,0.5396187901496887,0.8566799163818359,0.5103285908699036,0.08659695833921432,4903.00830078125,-268.2806701660156,77.06889343261719,159.42620849609375,32.816650390625,22.94877052307129,29.187294006347656,8.245525360107422,20.701833724975586,8.9923095703125,15.680746078491211,16.590173721313477,9.321699142456055,5.981531143188477,9.610065460205078,8.618498802185059,7.61207914352417,4.562046527862549,7.845389366149902,8.433280944824219,9.275063514709473,3.22514009475708,8.92657470703125,6.531180381774902,7.696086406707764,0.3957643508911133,8.735135078430176,4.4616444321954205,1.87980622285977e-05,0.0914068284339792,0.1215183556544858,0.11692235717639841,0.09227569733671045,0.043391698438425164,0.0436181749200426,0.058341843369795275,148.84260222849883,Electronica,david-guetta-play-hard-ft-ne-yo-akon-official-video-128-ytshorts.savetube.me.mp3,inicio
130.8139534883721,2791.988018463035,3509.8252710968663,6139.1502621756135,0.03610417175835407,0.25322386622428894,0.6440261602401733,1.1883630752563477,1.1924101114273071,0.06185871362686157,7896.056640625,-104.69061279296875,42.87419509887695,150.78614807128906,20.63581085205078,-39.98160934448242,17.037782669067383,33.80754852294922,20.73035430908203,-23.858469009399414,15.123832702636719,27.393951416015625,13.549870491027832,-11.606866836547852,10.314562797546387,24.95376968383789,10.407906532287598,0.6070243120193481,9.695284843444824,18.065364837646484,9.698253631591797,5.646656513214111,8.22255802154541,10.003026008605957,7.275841236114502,10.888476371765137,6.910868167877197,4.558289670838787,3.754855424631387e-05,0.08025509723191854,0.06935953131785122,0.08375129767212326,0.08175891660340558,0.034798766467257464,0.023667644472994173,0.010814015249313193,55.50343520675576,Electronica,david-guetta-play-hard-ft-ne-yo-akon-official-video-128-ytshorts.savetube.me.mp3,mitad
130.8139534883721,2646.226563035542,2750.1042405643952,5300.34938233203,0.06004505449031283,0.14450781047344208,0.39633888006210327,0.8784452080726624,0.5402763485908508,0.08473003655672073,4588.61669921875,-165.53070068359375,151.72901916503906,134.89219665527344,54.870967864990234,-55.40543746948242,25.306856155395508,19.402793884277344,22.863988876342773,-28.64432144165039,17.027257919311523,13.25886058807373,17.37682342529297,-16.045082092285156,10.329358100891113,11.443690299987793,10.573899269104004,2.2545197010040283,7.556860446929932,11.093332290649414,7.695025444030762,4.336192607879639,7.450841426849365,3.7336108684539795,6.402078628540039,9.807738304138184,7.0280866622924805,2.4885766854666533,0.10818077623844147,0.12585505963327467,0.12942895419666972,0.15617285205903714,0.18345415505471996,0.07816705734839517,0.06475751633843753,0.027596866281072007,19.930220015027732,Electronica,david-guetta-play-hard-ft-ne-yo-akon-official-video-128-ytshorts.savetube.me.mp3,final
125.0,1820.1528707702007,2433.225628061462,4149.828919303235,0.03488720060878066,0.18173973262310028,0.4205015301704407,1.1064844131469727,1.3309258222579956,0.09132672101259232,7997.6572265625,-216.69363403320312,103.47045135498047,175.4747314453125,34.7634162902832,9.557044982910156,35.55863571166992,13.480764389038086,38.21839904785156,-1.7249778509140015,18.07457160949707,19.197343826293945,18.19624137878418,-14.578044891357422,19.831777572631836,13.985844612121582,25.551111221313477,-3.1865994930267334,11.317826271057129,-8.255534172058105,12.181803703308105,6.507331371307373,16.827056884765625,-7.685100555419922,9.31046199798584,-5.407044410705566,13.281472206115723,3.6441785379572638,0.003919185604900122,0.19273113887074028,0.1449785966738537,0.15681341512814173,0.24141406895827794,0.06803765029979064,0.09044579354771343,0.011547894288111748,62.27694615970869,Electronica,david-guetta-titanium-ft-sia-official-video-128-ytshorts.savetube.me.mp3,inicio
125.0,3359.957169758203,3609.74628694394,7653.722671525063,0.07828018074564522,0.2942867577075958,0.4865972399711609,1.1543914079666138,0.9106283783912659,0.07958082109689713,15158.56640625,-71.33749389648438,39.82167434692383,148.59634399414062,28.357837677001953,-36.69239807128906,22.548295974731445,38.734676361083984,23.051898956298828,-21.975683212280273,18.872051239013672,27.958471298217773,14.875858306884766,-27.77640724182129,19.22559356689453,29.57216453552246,14.364419937133789,0.46045443415641785,10.38746452331543,-9.138836860656738,16.165515899658203,19.129831314086914,13.159160614013672,-4.321387767791748,10.719433784484863,1.8571523427963257,10.621203422546387,2.9601981690574513,3.8367423258023337e-05,0.07759264704045467,0.0910775132374089,0.08864906784169851,0.10384165749460525,0.02562700607427778,0.04333323261461398,0.048813177863969937,27.00328943820941,Electronica,david-guetta-titanium-ft-sia-official-video-128-ytshorts.savetube.me.mp3,mitad
125.0,3930.0773794196284,4011.748545400293,8327.461229114824,0.09505914226359759,0.15189722180366516,0.45471569895744324,0.7480769753456116,0.47883450984954834,0.09486421197652817,7873.4521484375,-226.01466369628906,199.91688537597656,78.75679016113281,40.39352798461914,-46.82591247558594,29.846363067626953,-0.8354876041412354,56.41069030761719,-33.1088981628418,14.858616828918457,19.592144012451172,25.531030654907227,-6.747036457061768,22.626707077026367,24.300460815429688,8.29672622680664,0.00970626063644886,11.430088996887207,2.6611015796661377,15.692906379699707,-5.031802177429199,7.488739013671875,-2.8870162963867188,11.87503719329834,-0.6801080703735352,7.871234893798828,2.985267970183561,0.0009375283261761069,0.07528414316111982,0.1154207428628982,0.10760569722203557,0.10109768242626628,0.03524328917790237,0.044566328015901775,0.022818939148201246,18.623356227989156,Electronica,david-guetta-titanium-ft-sia-official-video-128-ytshorts.savetube.me.mp3,final
99.38401442307692,3044.358279510509,3041.773508967353,6658.543070034346,0.05870372665924923,0.28074198961257935,0.44270122051239014,1.0565201044082642,1.2924771308898926,0.09214286506175995,29168.98828125,-121.9687271118164,138.36045837402344,119.48350524902344,26.826025009155273,-33.33860397338867,19.361967086791992,11.928351402282715,60.219505310058594,-19.731430053710938,10.200590133666992,17.280412673950195,29.85693359375,-25.109386444091797,12.659323692321777,7.031228065490723,25.00975799560547,-10.648738861083984,7.338095664978027,4.6339287757873535,16.650379180908203,-10.451681137084961,9.38536262512207,-1.070733904838562,13.143399238586426,-5.386371612548828,9.497654914855957,2.9275436162642943,0.004422604572027922,0.14023829537803026,0.17413636352659995,0.2241898058083866,0.216932848875622,0.08448197513027873,0.07535030299459242,0.010010935072070149,29.551247523961223,Electronica,DEAF KEV - Invincible _ Glitch Hop _ NCS - Copyright Free Music.mp3,inicio
99.38401442307692,2036.5370115223961,2197.9909818456695,4435.064848436291,0.038975765830592105,0.259003609418869,0.5227680802345276,0.8711540102958679,0.8807048201560974,0.07502979785203934,18302.01953125,-155.7733917236328,119.81527709960938,165.30592346191406,49.10456085205078,7.5243239402771,52.36587142944336,25.426265716552734,38.890533447265625,-6.952015399932861,18.56584930419922,20.075721740722656,17.838621139526367,-4.445444583892822,10.68356990814209,9.448214530944824,15.85513973236084,-5.4607744216918945,7.9709272384643555,4.378791332244873,11.393973350524902,-3.0356948375701904,7.17557954788208,-0.5570436716079712,8.607370376586914,-3.3134305477142334,6.939328670501709,3.806523861020427,0.0010401519248262048,0.16639246815444764,0.24192269510120853,0.34486836036363455,0.2278684996683059,0.13139199606129906,0.0913564167877089,0.03601269116527295,44.65641564285367,Electronica,DEAF KEV - Invincible _ Glitch Hop _ NCS - Copyright Free Music.mp3,mitad
99.38401442307692,2724.196113355132,3031.7201303520806,5951.872343175552,0.050865905572755415,0.27573341131210327,0.5090926885604858,1.0738674402236938,1.4628281593322754,0.09480247646570206,28633.587890625,-157.83880615234375,174.11862182617188,107.28275299072266,36.99081802368164,-2.8737270832061768,38.47639846801758,45.64421463012695,24.319313049316406,-9.172809600830078,21.072717666625977,24.535253524780273,17.688024520874023,-10.80692195892334,11.241836547851562,14.751762390136719,17.087980270385742,-6.646302223205566,8.38232421875,8.709882736206055,13.572214126586914,-5.641634464263916,7.924595832824707,2.09556245803833,10.902240753173828,-2.9380624294281006,9.616535186767578,2.6809251258769504,0.002004711888730526,0.12809980170305393,0.12684027810262627,0.18299988654406033,0.1404060879525639,0.07247880804879374,0.05993971074559034,0.07230707510133712,33.81116974679616,Electronica,DEAF KEV - Invincible _ Glitch Hop _ NCS - Copyright Free Music.mp3,final
129.19921875,2417.8892890107713,2866.796130621209,4939.186800079818,0.05083302595297988,0.21474827826023102,0.501028835773468,1.3186355829238892,1.8143788576126099,0.08222999423742294,13338.056640625,-164.31497192382812,104.75408935546875,130.36976623535156,37.56574249267578,-21.23790168762207,45.726837158203125,42.51481628417969,23.807296752929688,-5.507471561431885,24.50286293029785,28.999610900878906,20.07424545288086,-3.424018621444702,15.340241432189941,9.534039497375488,12.499980926513672,1.8207727670669556,10.656200408935547,2.882197618484497,10.03997802734375,2.6773416996002197,9.313826560974121,3.894132614135742,9.845611572265625,3.030538558959961,8.88017749786377,2.7872938618628176,0.02299615740776062,0.10555341550501009,0.05422939025068746,0.1366973536019753,0.05169167978089316,0.03580612287597179,0.04644283032644829,0.08650175859845972,51.81833712374806,Electronica,"Deorro, Chris Brown - Five More Hours.mp3",inicio
129.19921875,2971.233136654856,3491.4186815234125,6843.458618541989,0.05367087727360681,0.3390396535396576,0.48014193773269653,1.2378064393997192,1.2059046030044556,0.09374014288187027,15022.3154296875,-80.63243103027344,60.25376510620117,129.63815307617188,24.192047119140625,-28.215944290161133,21.233217239379883,55.80852127075195,16.333946228027344,-17.653329849243164,17.577829360961914,38.259239196777344,14.185948371887207,-11.530601501464844,14.104815483093262,19.943204879760742,12.200721740722656,-2.284921407699585,11.053853988647461,9.2130126953125,10.216641426086426,1.9963181018829346,9.117013931274414,7.971959590911865,8.354483604431152,5.115825653076172,8.583000183105469,2.8053917033842484,0.0001907014229800552,0.055055718668261144,0.05797200168586561,0.0697352008695437,0.05810536523633927,0.02751359466660351,0.027259690084448555,0.062456852020768686,44.3441634602815,Electronica,"Deorro, Chris Brown - Five More Hours.mp3",mitad
129.19921875,3489.8856290828758,3462.7624486151335,7389.77198172649,0.08254825367647059,0.2558704912662506,0.3700435161590576,1.086630940437317,0.745806872844696,0.0913550928235054,9665.8408203125,-67.23281860351562,59.44203186035156,122.42758178710938,26.635513305664062,-47.71208190917969,21.613365173339844,47.23775863647461,17.38278579711914,-30.452299118041992,13.809263229370117,28.72873306274414,17.657079696655273,-19.2419490814209,11.517312049865723,16.110700607299805,14.41998291015625,-7.747646331787109,9.834494590759277,7.282832622528076,9.20080852508545,-0.2927713394165039,10.44249153137207,4.420229434967041,10.117315292358398,0.24787107110023499,9.117433547973633,2.4227994482266375,0.007879704236984253,0.0907511393996579,0.08304653343915332,0.09336136383925699,0.09923349662263721,0.03756933543764324,0.03732579164185567,0.0342618386476411,20.040282840641442,Electronica,"Deorro, Chris Brown - Five More Hours.mp3",final
172.265625,3749.2166298833026,3801.3230449183375,8014.451537708011,0.08033039104827787,0.14311766624450684,0.3345361649990082,1.0696901082992554,0.910157322883606,0.09570252895355225,3866.832763671875,-134.1499481201172,71.3436508178711,108.30487060546875,23.66884422302246,-35.48833465576172,21.594097137451172,40.02683639526367,19.098011016845703,-26.506675720214844,14.334909439086914,25.345930099487305,13.987048149108887,-27.153806686401367,13.141514778137207,13.568222045898438,11.835800170898438,-17.547746658325195,9.376019477844238,2.1357905864715576,12.735119819641113,-10.674678802490234,9.487984657287598,-2.21358060836792,10.835417747497559,-8.022660255432129,8.606537818908691,3.5176633803707693,0.0066430531442165375,0.1890394862337652,0.11150190789174279,0.23070394011533885,0.2021228137195273,0.0819348932590772,0.07292565685459106,0.033249985631100126,12.13798158919946,Electronica,Different Heaven & EH!DE - My Heart _ Drumstep _ NCS - Copyright Free Music.mp3,inicio
172.265625,3926.9610681093927,3905.5812829340152,8435.090660827447,0.08444922479682662,0.15519867837429047,0.33718979358673096,1.04323410987854,0.8403198719024658,0.092131108045578,6325.75390625,-116.47404479980469,55.71725845336914,101.1375503540039,20.309289932250977,-33.22539520263672,15.661469459533691,39.97820281982422,13.795262336730957,-25.096364974975586,13.995878219604492,21.213272094726562,13.87350082397461,-24.927547454833984,12.4011869430542,10.661324501037598,11.979118347167969,-16.669382095336914,9.571823120117188,0.37757641077041626,12.649120330810547,-11.189943313598633,8.825398445129395,-3.63403582572937,10.46461009979248,-8.077518463134766,8.962057113647461,3.5246363839088226,0.0005604301695711911,0.19591712313109305,0.1103228973447761,0.22988759341550816,0.20451598802384774,0.08527625171980684,0.07496159416847128,0.0401161013007858,12.365970439918602,Electronica,Different Heaven & EH!DE - My Heart _ Drumstep _ NCS - Copyright Free Music.mp3,mitad
114.84375,4191.016559867698,3882.94817150319,8578.389794317192,0.10516300732875387,0.1592123955488205,0.4465748071670532,1.0130417346954346,1.014114499092102,0.07722395658493042,8647.5126953125,-111.99677276611328,78.87614440917969,95.41424560546875,26.689687728881836,-33.737186431884766,17.043210983276367,42.545780181884766,16.109189987182617,-23.50871467590332,18.860179901123047,23.135337829589844,16.764667510986328,-22.759435653686523,10.662154197692871,12.116043090820312,11.351274490356445,-17.67702293395996,10.694009780883789,2.9974889755249023,13.749833106994629,-10.43663215637207,9.473281860351562,-0.09373223781585693,9.718713760375977,-9.389241218566895,7.624411582946777,3.433248267456078,0.0008921750704757869,0.19702679205224258,0.10634009890876146,0.24456155399144752,0.16586313818200463,0.07181366291892137,0.06215898669737647,0.04108204751193715,15.775387685032653,Electronica,Different Heaven & EH!DE - My Heart _ Drumstep _ NCS - Copyright Free Music.mp3,final
129.19921875,3813.3930042831835,3813.286172319646,8183.708847565547,0.07562539304373066,0.17914818227291107,0.43255680799484253,1.3657965660095215,2.1374313831329346,0.0861099511384964,11144.0126953125,-131.50979614257812,84.13970947265625,107.64628601074219,14.974457740783691,-29.48566246032715,14.997658729553223,45.75469970703125,22.55599594116211,-24.025474548339844,14.895930290222168,21.945039749145508,20.956674575805664,-19.580707550048828,10.798786163330078,11.853192329406738,18.86560821533203,-7.544221878051758,11.063765525817871,13.175681114196777,14.63733196258545,-0.10651686042547226,9.576111793518066,5.0921478271484375,10.102018356323242,1.6057932376861572,7.955247402191162,2.3399445256435327,0.002496462082490325,0.13797834924240432,0.10133322284237567,0.14111523826024241,0.17604465731574814,0.04574481341772718,0.06033646497456157,0.012054220099904344,23.919021253927866,Electronica,Different Heaven - Nekozilla _ Electro _ NCS - Copyright Free Music.mp3,inicio
129.19921875,2780.391098315145,3034.3284151005723,5949.105693238438,0.04956980607827012,0.1857805848121643,0.5071231722831726,0.9569752216339111,0.7430911064147949,0.08029770106077194,19744.572265625,-175.30868530273438,112.18485260009766,128.17425537109375,40.86922073364258,-11.990870475769043,21.01428985595703,31.857614517211914,29.11941146850586,-6.1493072509765625,21.91639518737793,10.181180000305176,30.91299819946289,-5.823249816894531,10.372447967529297,15.799164772033691,15.373764991760254,-1.8757095336914062,9.415757179260254,4.710820198059082,13.918519973754883,-4.304282188415527,6.775042533874512,4.518726825714111,9.444029808044434,-0.5740018486976624,7.480434417724609,3.771027344855947,0.000655784853734076,0.17171249200615088,0.1492199504603076,0.15966525760111816,0.20162755287454173,0.05469031192454211,0.07672380798127035,0.01280985533121965,38.31224545526621,Electronica,Different Heaven - Nekozilla _ Electro _ NCS - Copyright Free Music.mp3,mitad
129.19921875,4032.2037774911937,4117.776301934117,8953.720858074932,0.06217536099554954,0.3468703627586365,0.5663270354270935,1.09662663936615,1.0873112678527832,0.07259473949670792,28940.0625,-99.57099151611328,129.40676879882812,88.84530639648438,27.918453216552734,-20.3853759765625,18.078189849853516,49.758636474609375,30.6407470703125,-23.452348709106445,12.203756332397461,35.93798828125,25.035606384277344,-12.608241081237793,7.306333065032959,28.001529693603516,13.799917221069336,-7.859802722930908,8.150420188903809,16.784488677978516,13.109894752502441,-2.1269335746765137,6.885437488555908,13.013072967529297,7.969223976135254,3.382934093475342,5.887879371643066,4.050805792673559,0.0015300913946703076,0.07916857747138202,0.13105305489101465,0.1565088238513434,0.10983230380988696,0.04085121553891445,0.05108082118851471,0.03604113901893574,35.32373098786922,Electronica,Different Heaven - Nekozilla _ Electro _ NCS - Copyright Free Music.mp3,final
129.19921875,2564.1903193763833,3045.6848351978747,5541.724823281492,0.048942636779218264,0.16490983963012695,0.49348360300064087,1.2841800451278687,1.7260082960128784,0.08097007125616074,5471.27001953125,-150.50621032714844,121.55070495605469,139.74118041992188,38.20245361328125,-15.340191841125488,34.04008102416992,27.08633041381836,21.867326736450195,-8.760407447814941,19.431421279907227,22.343801498413086,17.543804168701172,-10.421466827392578,14.153250694274902,20.05432891845703,13.723718643188477,-3.7267820835113525,8.934696197509766,9.685932159423828,10.410004615783691,-0.46932199597358704,6.830739974975586,3.3784902095794678,7.500940322875977,0.8052681684494019,7.283267498016357,2.666145495494882,0.0026970095932483673,0.1451911586175725,0.20441537434701446,0.10944634552078475,0.3028734898359493,0.05949956661213562,0.10369358815356708,0.023668995204312683,33.45685428717832,Electronica,"Dimitri Vegas, Martin Garrix, Like Mike - Tremor Official Music Video.mp3",inicio
129.19921875,2368.7398368863373,2844.109522068309,5428.800506119389,0.03571936072948916,0.2622155249118805,0.5292965769767761,1.2098525762557983,1.900712251663208,0.08023104071617126,16601.625,-137.69383239746094,122.48285675048828,147.3885498046875,35.997501373291016,-16.21126937866211,34.07598114013672,26.101221084594727,21.406911849975586,-10.007463455200195,19.862796783447266,22.919130325317383,30.195802688598633,-1.522742748260498,11.226901054382324,20.952186584472656,18.27755355834961,0.4919452369213104,13.719539642333984,17.45722198486328,14.912199020385742,2.9973983764648438,9.53807544708252,7.91962194442749,8.977760314941406,5.317148685455322,8.388683319091797,3.7183118282917587,0.0013369483640417457,0.06939827121530921,0.08063950640336441,0.1225352048179011,0.14254562300619236,0.043865560347194396,0.04602743417524211,0.01200486465170844,46.7906355484846,Electronica,"Dimitri Vegas, Martin Garrix, Like Mike - Tremor Official Music Video.mp3",mitad
129.19921875,3555.9821231264114,3976.1553901189177,8456.04053414643,0.04850480873887384,0.40499576926231384,0.633203387260437,1.1564767360687256,1.501015067100525,0.06448564678430557,21832.58203125,-56.58760452270508,109.09285736083984,107.02937316894531,30.937456130981445,-44.42870330810547,17.27213478088379,31.389360427856445,17.111160278320312,-20.29537582397461,13.6884183883667,50.28581237792969,15.959986686706543,0.19998934864997864,12.657806396484375,35.11717224121094,13.633720397949219,-4.942968845367432,9.947940826416016,24.816049575805664,10.943344116210938,1.9959568977355957,8.731345176696777,14.033024787902832,6.955177307128906,9.20921802520752,7.530037879943848,4.281585491219329,0.025199567899107933,0.03798323235780596,0.06633991266465222,0.03868480679765574,0.08253835929494453,0.01865780529006366,0.02662393497359888,0.012004864651707726,41.99353963202114,Electronica,"Dimitri Vegas, Martin Garrix, Like Mike - Tremor Official Music Video.mp3",final
132.51201923076923,2014.5702665273209,2929.051670302698,4679.705035797214,0.03158314235439241,0.1563376784324646,0.535070538520813,1.143418312072754,1.1698510646820068,0.07235801219940186,6608.07080078125,-210.5754852294922,62.0297737121582,157.56362915039062,34.81756591796875,15.991192817687988,24.944625854492188,40.21437072753906,22.96607208251953,-7.778473854064941,20.81538200378418,32.82466506958008,18.783714294433594,-3.595319986343384,16.770004272460938,17.020751953125,10.556337356567383,10.161827087402344,10.75015926361084,9.044822692871094,7.274379253387451,3.475863218307495,8.558731079101562,3.904642343521118,8.23969554901123,6.8612260818481445,7.376424789428711,2.946685470282232,0.0008715410367585719,0.12250262335014388,0.15419867410952964,0.1275987586655832,0.1572158065440009,0.06591007479836068,0.06702119298526692,0.0929295837060664,107.8556641658532,Electronica,DJ Snake - Let Me Love You ft. Justin Bieber.mp3,inicio
132.51201923076923,2639.0094827988464,3516.5856718257332,6487.152439743372,0.044653736031830496,0.18419937789440155,0.5003536939620972,1.1179280281066895,0.8682541847229004,0.07876580953598022,7180.38720703125,-169.30589294433594,48.17768478393555,145.0267333984375,23.9521484375,4.171168327331543,22.423114776611328,47.37728500366211,16.65399932861328,-16.37604522705078,18.72753143310547,45.27951431274414,15.434545516967773,-12.01267147064209,16.287769317626953,19.25288200378418,9.735029220581055,6.6342620849609375,10.038590431213379,5.2584147453308105,9.725333213806152,8.435132026672363,10.438882827758789,1.4992973804473877,8.38035774230957,9.015244483947754,7.521187782287598,2.900389816163889,7.999921217560768e-05,0.06737195799173598,0.07986105006163156,0.06935812699604177,0.0993359872703373,0.036138776894233435,0.036730854218449654,0.0719418112170136,78.82487195504274,Electronica,DJ Snake - Let Me Love You ft. Justin Bieber.mp3,mitad
132.51201923076923,2942.2191088819054,3423.66668380442,6669.90966796875,0.06486393128386223,0.11508610844612122,0.3930862545967102,0.9396939873695374,0.6484017372131348,0.08837147057056427,1793.4932861328125,-212.48440551757812,134.81622314453125,143.3822021484375,49.98564147949219,-24.126623153686523,18.98851776123047,32.07543182373047,20.4425106048584,-23.310543060302734,18.921367645263672,34.071353912353516,17.78632354736328,-17.54662322998047,16.513731002807617,14.321513175964355,11.192655563354492,-3.446098566055298,9.29025650024414,3.614128828048706,10.259681701660156,1.3380224704742432,9.5368070602417,0.8236258029937744,9.341473579406738,6.7895097732543945,6.930967330932617,3.5105553768599442,0.002256769686937332,0.18166408559393982,0.20304192272091726,0.13687505349113244,0.23033796901577108,0.09997440471793578,0.10722792297911356,0.0831245725622671,41.91509677871322,Electronica,DJ Snake - Let Me Love You ft. Justin Bieber.mp3,final
105.46875,1424.6334729972682,2239.374435570755,2535.3680023098877,0.027450325319272446,0.04910401627421379,0.38793420791625977,0.8137868642807007,0.5819453597068787,0.0933406800031662,1815.7843017578125,-357.09332275390625,83.54024505615234,149.95875549316406,34.64978790283203,44.30115509033203,35.4443473815918,17.739665985107422,19.842662811279297,-2.7431015968322754,22.448902130126953,2.191943645477295,19.753015518188477,-7.922041416168213,14.120257377624512,-6.792537689208984,9.229488372802734,-3.6068179607391357,12.550411224365234,-5.652900218963623,10.00294017791748,-5.36902379989624,11.128293991088867,-1.2841347455978394,11.320128440856934,-5.413497447967529,7.377593994140625,3.499704447019812,0.0036603938788175583,0.11468120193578422,0.15568476977794662,0.22385142356797866,0.17950094053191343,0.07102493504977939,0.063830781805513,0.03612556235839114,34.928641842303655,Electronica,DJ Snake - Middle ft. Bipolar Sunshine.mp3,inicio
105.46875,2246.5990188955316,2971.181880428765,5015.969669117647,0.0316545704939048,0.32026463747024536,0.4849163293838501,1.1600439548492432,1.3378055095672607,0.09507487714290619,9413.5595703125,-136.50282287597656,63.38302993774414,154.3844757080078,35.2869758605957,-4.357715129852295,29.078786849975586,41.59038543701172,22.21612548828125,-23.387876510620117,18.996057510375977,24.432151794433594,18.639591217041016,-6.086976051330566,21.54693603515625,6.128025054931641,15.760039329528809,-2.921292543411255,13.931075096130371,4.222229480743408,14.262777328491211,-3.2643725872039795,11.336414337158203,9.71307373046875,8.444052696228027,4.517924785614014,8.94623851776123,5.397467412627694,0.00026421918300911784,0.18637146828453874,0.14228593885818408,0.165464307838331,0.26152450350217044,0.09961749236548276,0.058165194462658436,0.06693833728928134,71.83993184345125,Electronica,DJ Snake - Middle ft. Bipolar Sunshine.mp3,mitad
135.99917763157896,1381.7307508696933,1562.8487628972132,2740.4167624080883,0.03149470751499613,0.06308046728372574,0.21196392178535461,0.4761841893196106,0.7275394201278687,0.08623238652944565,2392.45263671875,-399.2806396484375,170.7556610107422,87.20670318603516,90.40576171875,-6.485774993896484,29.141998291015625,18.619321823120117,35.70212173461914,-10.594858169555664,19.350399017333984,-1.019836664199829,9.146949768066406,-0.019956594333052635,7.783570289611816,-10.840646743774414,14.751517295837402,-2.8476808071136475,7.569521427154541,-6.4263691902160645,9.251120567321777,-6.663906097412109,8.218151092529297,-4.763071537017822,6.86787748336792,-1.4413522481918335,6.425914764404297,3.80036874407809,0.38207903504371643,0.12907395874689592,0.15724198601612333,0.13911833007265945,0.13901851970631598,0.05943654305204785,0.04253056748761848,0.12101578675167858,15.851939621250278,Electronica,DJ Snake - Middle ft. Bipolar Sunshine.mp3,final
103.359375,1861.8239720127763,2348.5891054314257,3808.24363873839,0.03775921989889706,0.2746497392654419,0.3736616373062134,1.14650297164917,1.430877685546875,0.07611997425556183,4556.275390625,-101.18437957763672,43.60422134399414,177.4323272705078,21.24877166748047,-41.76295852661133,11.303093910217285,42.102867126464844,9.46787166595459,-10.634830474853516,9.630376815795898,12.674220085144043,12.673373222351074,-7.075238227844238,9.34631061553955,1.068576693534851,11.355676651000977,-6.314139366149902,9.51372241973877,4.08218240737915,9.353869438171387,4.060639381408691,9.669803619384766,5.2451863288879395,7.747435092926025,3.357605457305908,9.013751029968262,4.189024925724864,0.0016942463116720319,0.14659667308988278,0.2582003348205403,0.3378677840881982,0.212238705444569,0.1357931971908093,0.1096984342895669,0.049528200550000644,55.90907636910399,Electronica,Elektronomia - Energy _ Progressive House _ NCS - Copyright Free Music.mp3,inicio
129.19921875,2901.2878950640566,3140.4772252701005,6118.229670568885,0.06190589928405573,0.3281683623790741,0.4555215835571289,1.0461115837097168,0.7587082386016846,0.07045981287956238,13784.4267578125,-52.26144027709961,71.80338287353516,143.1016845703125,33.85885238647461,-39.17396926879883,10.019692420959473,47.28302001953125,18.288522720336914,-14.374123573303223,14.68716049194336,24.04437255859375,12.93209457397461,-14.2507905960083,10.441203117370605,10.966063499450684,13.148371696472168,-7.488193511962891,8.513325691223145,8.544693946838379,11.222424507141113,3.098719835281372,8.560646057128906,7.086601257324219,7.575280666351318,5.38921594619751,7.2574076652526855,3.191582177037621,0.0040051196701824665,0.19444630224846107,0.24683388730514497,0.31052066184596155,0.1914359929950327,0.13085690139648323,0.10239078760574385,0.05757623762377231,26.361436676980208,Electronica,Elektronomia - Energy _ Progressive House _ NCS - Copyright Free Music.mp3,mitad
129.19921875,3812.486831661605,3424.577578651831,7601.804032931018,0.09890303006482198,0.3080143332481384,0.4438108801841736,0.9683038592338562,0.6453472375869751,0.07373364269733429,19323.291015625,-69.99040222167969,168.17205810546875,102.67547607421875,37.575687408447266,-43.36268997192383,24.519025802612305,26.19505500793457,34.23284149169922,-20.77532196044922,14.714471817016602,23.2611026763916,17.04444122314453,-11.156681060791016,11.870930671691895,12.109734535217285,16.524450302124023,-8.637259483337402,8.105034828186035,7.255426406860352,13.48783016204834,-2.1108436584472656,8.047481536865234,4.5572991371154785,8.17520809173584,3.055783987045288,7.353115558624268,2.1584247865838617,0.010633490979671478,0.10245884226931123,0.06936342136276369,0.07355359363157322,0.13903575824553263,0.059028057014410745,0.035228909564275004,0.08894869717151534,13.457624634292058,Electronica,Elektronomia - Energy _ Progressive House _ NCS - Copyright Free Music.mp3,final
129.19921875,2788.793712896892,3080.6862606672194,5818.848147554663,0.06040590835429566,0.26617351174354553,0.3104909062385559,1.2231169939041138,1.5442081689834595,0.08150909841060638,10701.8564453125,-68.4870834350586,60.406471252441406,145.81651306152344,23.407150268554688,-48.400814056396484,13.239511489868164,32.28487014770508,17.55567741394043,-35.402706146240234,11.897887229919434,20.13092041015625,14.049498558044434,-15.624201774597168,8.863051414489746,14.801809310913086,10.36705493927002,-10.469010353088379,9.127851486206055,-3.0174174308776855,13.686129570007324,-6.806909084320068,9.762025833129883,0.4050980806350708,10.984416961669922,0.05613798275589943,10.337285041809082,2.8412120690026903,0.005843598861247301,0.17096708271837568,0.17467636754088126,0.1897768209868172,0.25254745988370897,0.08197357841581908,0.07370456211436055,0.030029011446830085,20.567275239461804,Electronica,Elektronomia - Sky High _ Progressive House _ NCS - Copyright Free Music.mp3,inicio
129.19921875,2980.4441065065585,3491.030599240218,6815.200456081899,0.05800834159732972,0.35484522581100464,0.474502831697464,1.066763997077942,1.077325701713562,0.06786845624446869,13200.2880859375,-34.9279670715332,44.17933654785156,148.88372802734375,18.33135414123535,-44.934017181396484,14.915346145629883,33.499046325683594,15.873096466064453,-31.47577667236328,11.177812576293945,38.12227249145508,13.044877052307129,-23.106098175048828,7.388706684112549,19.412363052368164,8.899426460266113,-10.76723861694336,8.137982368469238,9.510765075683594,8.461297988891602,-0.6163139939308167,8.175090789794922,7.215823173522949,8.790488243103027,-1.75838303565979,6.861574649810791,3.597686495078953,0.0015724428230896592,0.176958329709761,0.17041850672022457,0.1625756693607592,0.25296488349788643,0.08875970590944163,0.09123064473567384,0.01195668063408553,27.796686926597168,Electronica,Elektronomia - Sky High _ Progressive House _ NCS - Copyright Free Music.mp3,mitad
129.19921875,3325.310646211323,3184.480355857914,6713.451071346507,0.08069943643575851,0.20998609066009521,0.3412233591079712,0.9297533631324768,0.9249887466430664,0.08691439032554626,14618.693359375,-161.24073791503906,193.28460693359375,86.72332000732422,41.57345199584961,-40.33427810668945,22.051305770874023,11.996896743774414,38.48513412475586,-29.487930297851562,13.23604965209961,13.47431468963623,23.86630630493164,-3.1931183338165283,19.926170349121094,21.770156860351562,13.167754173278809,-8.190343856811523,8.154333114624023,-3.528481960296631,22.78329086303711,-7.638772487640381,9.01661205291748,3.468449831008911,9.372100830078125,-1.6185344457626343,8.600082397460938,2.833695419895309,0.05787413567304611,0.0981741528425699,0.1679839695834279,0.13487968469892417,0.14853353173936187,0.054321888734911665,0.06327294725558852,0.01199063493470657,16.540742852183442,Electronica,Elektronomia - Sky High _ Progressive House _ NCS - Copyright Free Music.mp3,final
125.0,2876.0588376339497,3075.4838794502784,5599.387886597938,0.06707366607047636,0.09005704522132874,0.38965681195259094,1.114087462425232,0.8012282848358154,0.10112756490707397,1996.390380859375,-241.9864501953125,116.5262222290039,132.3134765625,23.938440322875977,-35.31529235839844,44.66388702392578,51.488372802734375,24.11945343017578,-5.485126495361328,30.298904418945312,5.358203887939453,11.838253021240234,-17.403377532958984,18.254610061645508,4.429378032684326,10.96366024017334,-9.252473831176758,11.659422874450684,-4.269593238830566,9.540060043334961,3.9444198608398438,9.734733581542969,-10.104924201965332,9.60516357421875,-2.116661548614502,8.517696380615234,2.5281621464589277,0.000430728163337335,0.16739365226384118,0.14778751304802312,0.21547514382299934,0.17290762674450472,0.07709254438146812,0.07333756124248769,0.0788360230255974,9.348224579544386,Electronica,galantis-no-money-official-video-128-ytshorts.savetube.me.mp3,inicio
125.0,2999.139858462025,3022.622589390295,6061.988979736936,0.062229561966761465,0.26976796984672546,0.5619823932647705,1.230579137802124,1.1920565366744995,0.07394861429929733,12646.6650390625,-98.32560729980469,53.91181945800781,139.39002990722656,27.116025924682617,-54.4528694152832,25.158546447753906,71.56645202636719,20.33580780029297,-5.613978862762451,20.988208770751953,21.350831985473633,14.652459144592285,-2.827277421951294,13.786285400390625,13.01627254486084,11.077872276306152,1.1054966449737549,9.06684684753418,5.451206684112549,9.134073257446289,10.49117660522461,9.09769058227539,-0.24857546389102936,9.11629867553711,10.415252685546875,8.068504333496094,2.697202002452952,2.936072451120708e-05,0.043580085331244175,0.045206284197524746,0.058260292040118504,0.06986589680824015,0.025798752863950666,0.020697057462353185,0.0128742144668384,37.78840298088292,Electronica,galantis-no-money-official-video-128-ytshorts.savetube.me.mp3,mitad
125.0,2230.1518467738597,2320.437207395543,4470.880176857448,0.05359758959518308,0.1373230665922165,0.46937453746795654,0.7591167688369751,0.880179762840271,0.08692459762096405,11637.919921875,-262.69244384765625,186.5963897705078,113.98877716064453,49.7828369140625,2.5848515033721924,63.54301452636719,37.30001449584961,28.713716506958008,-5.428866863250732,28.893774032592773,17.243022918701172,20.272140502929688,-5.123130798339844,13.359944343566895,7.235660076141357,11.330925941467285,-8.509757041931152,12.296178817749023,-2.6376068592071533,11.225408554077148,0.43389439582824707,8.514037132263184,-6.441885948181152,8.499347686767578,-1.1159582138061523,11.51414966583252,2.273939848830631,0.0007128480938263237,0.17772616251741752,0.1566462754429589,0.1610656559448306,0.19566786972641131,0.07078820780779906,0.05979246236551731,0.013961378856337232,22.84492290891925,Electronica,galantis-no-money-official-video-128-ytshorts.savetube.me.mp3,final
120.18531976744185,2210.6071665642253,2432.723961324335,4216.691168912055,0.056317497702205885,0.0839504525065422,0.3914649486541748,1.0824055671691895,1.7104004621505737,0.08967362344264984,4624.8955078125,-269.6797790527344,98.59581756591797,156.35626220703125,42.46529006958008,-7.137959957122803,41.61919403076172,14.08283805847168,31.88124656677246,-26.31685447692871,23.798809051513672,6.468627452850342,24.86365509033203,14.368907928466797,12.967325210571289,9.414678573608398,11.106648445129395,-23.393348693847656,9.817349433898926,-1.9577842950820923,11.913994789123535,6.592146873474121,11.548868179321289,-9.92214298248291,13.863368034362793,-7.880275726318359,7.264859199523926,2.3634378577231354,0.0031295486260205507,0.13070949635118398,0.2623652614580519,0.11229586155096796,0.18739054314805437,0.04830340117386412,0.1093685719492185,0.06194936458845136,36.61517211413613,Electronica,Habits (Stay High) (Hippie Sabotage Remix).mp3,inicio
120.18531976744185,2204.2022939040544,2473.761567302101,4284.832423537878,0.056329969282120744,0.10545367747545242,0.4206176996231079,1.0706846714019775,1.659576416015625,0.09086877852678299,6535.34765625,-233.76828002929688,83.4140396118164,142.08644104003906,38.81805419921875,6.682948112487793,37.857120513916016,11.218688011169434,33.13960647583008,-20.802846908569336,21.425491333007812,8.156856536865234,24.226364135742188,16.971372604370117,12.651768684387207,9.745357513427734,9.884905815124512,-19.139060974121094,11.338937759399414,-0.6784157752990723,11.182014465332031,6.444457054138184,10.355925559997559,-6.035213470458984,11.98967456817627,-7.633371829986572,7.5619401931762695,2.5620479405277066,0.00020082936680410057,0.1324967397232946,0.24214374728175284,0.11946214020583,0.186915481616553,0.046057405398773635,0.11062100877013305,0.06137526755459359,44.04574289723273,Electronica,Habits (Stay High) (Hippie Sabotage Remix).mp3,mitad
120.18531976744185,1967.1466105308461,2390.395549250596,3813.6769392172987,0.03287376191224845,0.19728733599185944,0.5895007848739624,0.9296833276748657,1.6794360876083374,0.07191919535398483,5002.25634765625,-260.9760437011719,106.78845977783203,155.3162078857422,62.08063507080078,19.563600540161133,30.713998794555664,23.94978904724121,23.65935707092285,-9.090404510498047,21.827863693237305,16.435096740722656,18.845943450927734,24.99091148376465,15.289494514465332,17.673505783081055,9.640069007873535,-10.763894081115723,7.13642692565918,7.460506439208984,8.375592231750488,14.570611953735352,12.070535659790039,1.4004333019256592,9.432998657226562,1.0903058052062988,5.091754913330078,8.326004850173314,0.009883306920528412,0.21886975071538428,0.3727490427364488,0.1902922813690982,0.250610911392306,0.09814694081379763,0.1746283920144206,0.005697791838169757,121.88257549260021,Electronica,Habits (Stay High) (Hippie Sabotage Remix).mp3,final
101.33272058823529,2413.639606286263,2783.261461523289,5032.561235457382,0.0509430026122291,0.2543622553348541,0.3468359112739563,1.105199933052063,0.9544910788536072,0.09327643364667892,9906.556640625,-97.38299560546875,49.62713623046875,157.30531311035156,27.879636764526367,-44.24253845214844,13.927457809448242,35.10747146606445,16.425405502319336,-17.856197357177734,17.136167526245117,18.648427963256836,15.33757209777832,-5.375063896179199,12.77762508392334,-0.2391805201768875,12.533787727355957,-10.068483352661133,10.63271427154541,5.5136189460754395,8.854632377624512,-6.713824272155762,9.408008575439453,-0.9608815908432007,9.293120384216309,5.43021297454834,9.836889266967773,3.448238376001181,0.0004646654997486621,0.15251123536063818,0.12919679644256982,0.15862804252808554,0.2101467524752785,0.074407924123118,0.07852973859669544,0.04809269823607148,30.524698780041994,Electronica,Hymn for the Weekend Seeb Remix.mp3,inicio
101.33272058823529,2891.4793500737123,3205.202085907181,6291.003625828415,0.06148999099022833,0.3101330101490021,0.40059080719947815,1.0684717893600464,0.7994691133499146,0.091456837952137,10890.115234375,-55.6900520324707,35.419273376464844,147.58392333984375,25.041906356811523,-42.630279541015625,13.029929161071777,47.16622543334961,11.897171974182129,-24.444515228271484,13.71070671081543,30.511714935302734,11.466705322265625,-7.13193941116333,10.618048667907715,11.437938690185547,11.346839904785156,-3.428001880645752,10.751216888427734,5.335975170135498,9.410938262939453,-0.00012584957585204393,8.619070053100586,0.9657778143882751,6.962985992431641,6.996102809906006,9.0945463180542,3.241322649082565,0.0009907367639243603,0.10467255530959962,0.127852740779802,0.1085066406386262,0.17886328610701258,0.05295987327947369,0.06483094490407988,0.041785994402102906,29.484036604844807,Electronica,Hymn for the Weekend Seeb Remix.mp3,mitad
101.33272058823529,3164.540523617288,3545.86802191033,6944.058010231231,0.06450943607294891,0.19740359485149384,0.3703030049800873,0.8398686647415161,0.632785975933075,0.08913170546293259,7059.9931640625,-154.73629760742188,168.4558563232422,120.29576110839844,54.031307220458984,-22.90032196044922,32.69743347167969,38.58330535888672,21.42496109008789,-16.872650146484375,19.641027450561523,20.947301864624023,13.162223815917969,-11.915875434875488,14.041264533996582,19.255247116088867,12.05020809173584,-6.138051509857178,8.205252647399902,4.143708229064941,8.948057174682617,1.6192638874053955,8.757047653198242,2.6473536491394043,7.136063575744629,-2.563845157623291,6.883599281311035,2.8683497760238894,0.020477397367358208,0.1404475489639368,0.1298602468581272,0.15989533425767674,0.21125750618624628,0.06929494518534068,0.08868857398090974,0.05392766558107835,22.847699090442646,Electronica,Hymn for the Weekend Seeb Remix.mp3,final
129.19921875,2213.4647717761954,2381.288028240138,4394.131762619727,0.05148910664183436,0.10205594450235367,0.5522902607917786,0.9696403741836548,1.510607123374939,0.06332024931907654,883.2395629882812,-194.69918823242188,54.639888763427734,162.60382080078125,21.313222885131836,-57.37857437133789,20.4107608795166,57.012977600097656,15.786258697509766,7.273215293884277,12.067590713500977,19.208812713623047,9.219983100891113,0.6893848180770874,10.901185035705566,0.00687958812341094,7.102474212646484,7.050930023193359,6.794258117675781,7.341794013977051,5.444477081298828,0.5892868638038635,6.492267608642578,0.9516702890396118,5.327126502990723,6.748030185699463,6.126314163208008,4.439341950369757,0.00010491005377843976,0.1653162724669673,0.28580849107039347,0.21323307675525602,0.3467386765370621,0.12706345572580027,0.15928408836258945,0.01193790375511591,36.49925801549394,Electronica,I Gotta Feeling.mp3,inicio
129.19921875,2595.480700907749,3116.183530964947,5573.049633864648,0.04540392046004257,0.24675047397613525,0.4928019344806671,1.1367121934890747,1.4435151815414429,0.09430303424596786,11278.529296875,-108.76797485351562,63.02648162841797,143.0494842529297,26.88484001159668,-32.67517852783203,17.206331253051758,44.23827362060547,18.529560089111328,-5.484567642211914,16.027263641357422,33.461692810058594,14.59283447265625,-7.8385725021362305,10.300872802734375,8.728562355041504,12.516191482543945,-1.290318489074707,8.847612380981445,9.744823455810547,10.521069526672363,1.0576691627502441,8.573988914489746,4.320483684539795,10.13892650604248,4.634082317352295,7.463508129119873,3.10638534043331,0.00019990411237813532,0.14687632222876718,0.18427310241576514,0.14818954996624212,0.1471266380570894,0.07098211811807385,0.06918335093730528,0.012075085092854666,47.29542015823412,Electronica,I Gotta Feeling.mp3,mitad
129.19921875,2682.7884041687994,3219.167368209267,5857.1729158100325,0.04727768086058436,0.2877684235572815,0.4792802929878235,1.0646929740905762,1.1306498050689697,0.09554855525493622,11824.8212890625,-99.44390106201172,83.8302001953125,138.57469177246094,33.21886444091797,-33.48722457885742,13.036796569824219,46.95381164550781,20.538969039916992,-11.459136962890625,15.481513023376465,31.470651626586914,17.93869400024414,-11.101338386535645,8.694303512573242,10.395933151245117,11.073209762573242,-3.1238090991973877,8.855112075805664,9.32756233215332,12.241827011108398,-0.8612861037254333,9.327363014221191,4.906053066253662,9.329534530639648,3.2732269763946533,7.68637752532959,3.3944356980962818,0.00039354123873636127,0.11669588587235775,0.11756675971322496,0.1631444704473029,0.05889747238172527,0.05324644429995119,0.06633877232298167,0.012046746345284373,50.15742965690033,Electronica,I Gotta Feeling.mp3,final
126.04801829268293,2841.787258908283,2932.1738977481236,5593.482843641157,0.07176789558339783,0.21825218200683594,0.3713967800140381,1.011074185371399,0.8622210025787354,0.08308489620685577,6641.615234375,-95.91014099121094,40.08274841308594,147.34425354003906,29.950145721435547,-46.21724319458008,14.854214668273926,41.081878662109375,15.663402557373047,-27.62441062927246,19.362760543823242,12.062097549438477,14.981711387634277,-15.21777057647705,12.131092071533203,6.7346110343933105,11.777541160583496,-12.665157318115234,11.782546043395996,3.324934482574463,9.691654205322266,-3.8886568546295166,11.253498077392578,-5.1031599044799805,12.572480201721191,0.4144723117351532,9.655010223388672,3.0512315789139377,0.0018318837974220514,0.17409831910959983,0.20329381282867015,0.2611010915752414,0.189091122756663,0.10142443396735235,0.08861182545266952,0.08435234223880402,19.6072714649244,Electronica,Janji - Heroes Tonight feat. Johnning _ Progressive House _ NCS - Copyright Free Music.mp3,inicio
129.19921875,2676.6466558546167,2936.4218534254496,5429.508835169553,0.05893841911764706,0.28889310359954834,0.42887216806411743,0.9927721619606018,0.6003513932228088,0.08392699062824249,8914.005859375,-71.61270141601562,30.133207321166992,153.06515502929688,25.220365524291992,-49.249507904052734,16.79716682434082,46.521663665771484,15.794865608215332,-19.667007446289062,16.53073501586914,18.702417373657227,13.078866958618164,-14.38680362701416,13.524517059326172,9.729411125183105,10.215991973876953,-9.010642051696777,11.149612426757812,4.891885757446289,10.676569938659668,-2.5380029678344727,11.047225952148438,-4.382280349731445,9.565184593200684,-1.9986300468444824,8.953744888305664,3.5301096512351875,0.00018539282609708607,0.13335606424920093,0.14110962461634213,0.18475694926598313,0.13179337673953945,0.0576693726929115,0.05556547394682403,0.054320149634598934,28.589685096346116,Electronica,Janji - Heroes Tonight feat. Johnning _ Progressive House _ NCS - Copyright Free Music.mp3,mitad
129.19921875,3023.5104348484624,2982.2748642129686,5808.389877461059,0.07793679252128483,0.20717620849609375,0.33496156334877014,0.8514277935028076,0.6441640853881836,0.0874403566122055,7543.705078125,-139.0412139892578,147.00245666503906,116.19144439697266,41.15574264526367,-56.59156036376953,30.985450744628906,22.812896728515625,26.006195068359375,-34.03905487060547,18.554683685302734,8.389427185058594,26.694469451904297,-16.428466796875,10.739483833312988,5.179577350616455,17.31125831604004,-14.672866821289062,11.03222370147705,-0.903601884841919,15.101141929626465,-9.554845809936523,9.45871639251709,-7.398430824279785,12.162538528442383,-5.598446846008301,9.119088172912598,3.229566865881479,0.0006289985030889511,0.20311218291186206,0.18168267782998823,0.2505780500851131,0.22558409035619825,0.0815395694739567,0.08237053155127157,0.07432000108966061,13.432964723585954,Electronica,Janji - Heroes Tonight feat. Johnning _ Progressive House _ NCS - Copyright Free Music.mp3,final
117.45383522727273,2268.853817625426,2669.365521564184,4454.2397324883905,0.04699763720249613,0.12909731268882751,0.4198269248008728,1.1825312376022339,1.3366496562957764,0.0942244678735733,4262.17919921875,-197.48260498046875,93.636962890625,156.99826049804688,44.83742904663086,-30.535385131835938,28.9031925201416,14.973134994506836,26.570648193359375,-7.600061416625977,24.936296463012695,8.953721046447754,19.646738052368164,-15.71204662322998,15.256946563720703,5.19808292388916,13.254518508911133,-12.198823928833008,12.266027450561523,-0.3395797312259674,9.51032543182373,-1.137578010559082,9.294584274291992,-4.75732946395874,10.93649959564209,1.9161537885665894,9.744527816772461,2.6157539674550128,0.0018493501702323556,0.10965384212874438,0.13205481441353148,0.21851433575722823,0.12840266327538447,0.06543815752671724,0.0650754222452287,0.05242248356510708,35.9708637810907,Electronica,Kid Cudi - Pursuit Of Happiness Official Music Video ft. MGMT.mp3,inicio
114.84375,2499.986039268189,2998.0516998890826,5281.63472934404,0.04854184555195434,0.20774666965007782,0.4337659776210785,1.0082260370254517,0.782696008682251,0.09855343401432037,7229.810546875,-153.29136657714844,84.99881744384766,141.2321319580078,29.99077796936035,-17.701589584350586,22.98184585571289,27.438800811767578,26.43299102783203,-17.162097930908203,18.618148803710938,12.529606819152832,21.122392654418945,-14.534380912780762,12.094232559204102,5.22505521774292,14.614364624023438,-11.028594970703125,11.156798362731934,1.6984946727752686,10.939605712890625,-3.3340067863464355,9.823856353759766,-0.4339810311794281,9.970818519592285,5.240183353424072,8.86746883392334,3.8014604200758435,0.00022293424990493804,0.13875449254010425,0.11859555222734766,0.1823773624287873,0.1796099338367352,0.05691195642377344,0.07810863879128516,0.023016282449538926,50.14755150903646,Electronica,Kid Cudi - Pursuit Of Happiness Official Music Video ft. MGMT.mp3,mitad
114.84375,2009.0632246859284,2080.252279475727,3527.1870049160702,0.05704198311726006,0.05243320390582085,0.30738726258277893,0.9261461496353149,0.6230045557022095,0.08577745407819748,561.405029296875,-292.5845642089844,145.6458740234375,146.37466430664062,58.38202667236328,-59.84529113769531,31.9229679107666,-0.7398090362548828,15.301508903503418,-21.591585159301758,16.338760375976562,-7.4717183113098145,15.280317306518555,-16.494108200073242,11.26562786102295,-5.932350158691406,9.64210319519043,-11.941814422607422,11.24626350402832,-2.0787601470947266,8.037555694580078,-4.147504806518555,8.104886054992676,-1.2102693319320679,6.523764610290527,-0.4417475163936615,6.191995620727539,2.774274977587211,0.08847268670797348,0.11039160222886626,0.12471199651617386,0.16322886145073193,0.17583966969554934,0.05258562194719555,0.07807492092932154,0.1110336749278247,5.940971951182825,Electronica,Kid Cudi - Pursuit Of Happiness Official Music Video ft. MGMT.mp3,final
123.046875,2690.0954550571923,3241.915191215245,5671.515705120452,0.04963462050116099,0.19544188678264618,0.4308042824268341,1.2262423038482666,1.5375903844833374,0.09631276875734329,8654.4990234375,-152.6212921142578,82.20431518554688,136.06141662597656,34.32805633544922,-26.6364803314209,25.835975646972656,25.8939151763916,18.855382919311523,-5.865548133850098,19.820079803466797,28.23287010192871,16.46685791015625,-20.92237663269043,14.476051330566406,14.17441463470459,12.882975578308105,5.653210639953613,12.424666404724121,10.360573768615723,10.961019515991211,-2.0228168964385986,9.995491981506348,10.948323249816895,10.118300437927246,-1.6696758270263672,9.538058280944824,3.9003810391800857,0.01989981345832348,0.08793710422909504,0.10011930653190972,0.15749717700572183,0.10473751885945883,0.05121924906092519,0.05112498537489753,0.017367964925318453,41.67705709839742,Electronica,Kungs vs Cookin’ on 3 Burners - This Girl.mp3,inicio
123.046875,2638.080371823026,2793.1616814058384,5274.384773183533,0.061467882280379256,0.16395676136016846,0.387749046087265,1.151155948638916,1.4433660507202148,0.09827528148889542,5562.93994140625,-172.866943359375,92.17347717285156,136.57870483398438,43.09649658203125,-33.63728332519531,30.525772094726562,24.11905860900879,26.10121726989746,-14.452319145202637,22.579294204711914,9.278985023498535,27.137405395507812,-20.113452911376953,17.568866729736328,1.803251028060913,21.103853225708008,-5.443525791168213,18.540447235107422,2.7150719165802,14.597685813903809,-8.696885108947754,12.975177764892578,0.5205748081207275,12.481846809387207,-0.39578360319137573,10.485420227050781,3.5388231691324745,0.0002776427718345076,0.1667126343961098,0.14057683135412213,0.22702092957277392,0.20615771344213427,0.07521723050357396,0.08737476565148405,0.005332671913899049,26.26277804558998,Electronica,Kungs vs Cookin’ on 3 Burners - This Girl.mp3,mitad
123.046875,2536.3763853413748,2809.446905157363,5212.543480462703,0.05371906292327786,0.18423248827457428,0.5093486905097961,1.054893136024475,1.5652613639831543,0.09335228055715561,8834.1826171875,-197.77171325683594,130.3375701904297,132.423828125,55.07540512084961,-30.876684188842773,29.201244354248047,16.557584762573242,26.620267868041992,2.940354108810425,30.7845516204834,16.105525970458984,21.83433723449707,-16.407033920288086,18.173139572143555,11.740880012512207,18.27996063232422,3.1219918727874756,15.180639266967773,9.409841537475586,13.086090087890625,0.8523629307746887,11.282353401184082,7.106562614440918,12.445900917053223,1.664017915725708,13.271657943725586,3.8841518851892842,0.03933875262737274,0.11961780029107592,0.08135221626506603,0.10677301229171902,0.13943588311924407,0.040767092648002025,0.04222971058009385,0.05108639354525151,47.03809412841299,Electronica,Kungs vs Cookin’ on 3 Burners - This Girl.mp3,final
129.19921875,1802.8655306760975,2583.678827997124,3849.043392027864,0.029580319998065017,0.1493067443370819,0.5438968539237976,1.1974375247955322,1.5782424211502075,0.08957872539758682,5141.6689453125,-211.6637420654297,63.20165252685547,144.6407012939453,32.73410415649414,-7.080363750457764,21.924762725830078,32.01203155517578,20.63582992553711,5.709537506103516,16.389860153198242,14.008553504943848,14.536919593811035,3.289918899536133,12.911750793457031,3.334975242614746,13.560708999633789,-2.317978620529175,13.253925323486328,1.3849751949310303,9.776354789733887,-1.9952600002288818,11.92513656616211,3.7055935859680176,11.408390045166016,4.147093772888184,11.66163444519043,4.403324257557882,0.0016863890923559666,0.06056162216218839,0.08717788299456165,0.1613600097528887,0.09940974129636161,0.04429323711237176,0.05098836910553093,0.030447836373305837,103.53533930816361,Electronica,Lensko - Let_s Go! _ House _ NCS - Copyright Free Music.mp3,inicio
129.19921875,2766.9293956534,3450.147363570551,6093.796484979683,0.044410351260158666,0.3071292042732239,0.4621450901031494,1.1466991901397705,1.2537264823913574,0.08060874789953232,14345.943359375,-99.5292739868164,39.9931640625,132.29165649414062,23.976192474365234,-27.342613220214844,12.405182838439941,39.2950439453125,15.392848014831543,-17.861600875854492,14.577266693115234,26.701770782470703,9.100491523742676,-14.198213577270508,10.03345775604248,14.909680366516113,8.842257499694824,-11.030244827270508,9.435603141784668,9.580883026123047,7.899203300476074,-1.4577115774154663,9.637532234191895,8.951726913452148,9.123282432556152,3.6406242847442627,10.101024627685547,4.480150813820412,0.00030701389187015593,0.06545281977675012,0.04322633568799257,0.08504569372176188,0.06221894317339889,0.03274838446365353,0.02393137117958783,0.01196559902702472,55.010127638843265,Electronica,Lensko - Let_s Go! _ House _ NCS - Copyright Free Music.mp3,mitad
129.19921875,3254.858953673306,3696.99621308889,7144.3401324859715,0.0605455522566757,0.18590416014194489,0.4370599091053009,0.9905944466590881,1.0909065008163452,0.09666884690523148,11266.0380859375,-190.9943084716797,132.51971435546875,95.35553741455078,46.686065673828125,-22.646589279174805,17.909561157226562,26.633968353271484,20.7061824798584,-16.74367904663086,13.301559448242188,13.654410362243652,17.61593246459961,-11.71562671661377,12.630576133728027,7.896538734436035,15.220988273620605,-5.974052906036377,9.703850746154785,7.279877185821533,12.186182975769043,-0.9288659691810608,8.831982612609863,6.641514778137207,8.611586570739746,4.355630397796631,8.231447219848633,4.490933202029374,0.023907169699668884,0.07553305467834781,0.09232484065325329,0.16280593257303183,0.10150682258135327,0.05569089926229699,0.05177148907568052,0.0418513611757191,57.67563292467127,Electronica,Lensko - Let_s Go! _ House _ NCS - Copyright Free Music.mp3,final
139.6748310810811,2571.0930158821493,2776.485913331602,5108.385776956753,0.06161678538602941,0.19978582859039307,0.41736316680908203,1.0618647336959839,0.9325752258300781,0.08521831780672073,13137.6123046875,-127.5658950805664,99.05216217041016,146.56658935546875,33.688602447509766,-45.742652893066406,27.8038272857666,28.0247745513916,28.741941452026367,-25.24814796447754,14.490907669067383,7.836705684661865,20.7277889251709,-24.33237075805664,12.35633373260498,0.7246456742286682,17.624164581298828,-13.365946769714355,10.386272430419922,-7.6276936531066895,10.694576263427734,-9.262696266174316,9.876876831054688,-7.162576675415039,9.11403751373291,-6.831657886505127,8.9185209274292,1.2772948897880487,0.0023952145129442215,0.10184565240024515,0.0920820919561168,0.1444097604717976,0.16449834492470178,0.050260838220802836,0.06111794577548923,0.030222457082489124,18.975045453721,Electronica,Levianth & Axol - Remember feat. The Tech Thieves _ Trap _ NCS - Copyright Free Music.mp3,inicio
139.6748310810811,3007.050145974822,3428.2350584670125,6557.827012383901,0.05141219856569272,0.2590843737125397,0.5063961148262024,1.1761642694473267,1.1593719720840454,0.08242718875408173,12966.6728515625,-94.329833984375,50.84585189819336,134.9131622314453,30.680313110351562,-32.129547119140625,20.008268356323242,46.670387268066406,14.065653800964355,-8.900107383728027,20.764652252197266,30.546602249145508,14.921381950378418,-14.671086311340332,12.664834022521973,21.314125061035156,9.915260314941406,-4.376607894897461,11.068770408630371,10.893738746643066,10.880046844482422,-0.18666459619998932,12.401704788208008,9.189009666442871,8.796411514282227,0.1210857406258583,7.7431111335754395,3.509867291330106,0.0008566830074414611,0.1768126179296392,0.17585542069830357,0.27842338077001544,0.17390179258162916,0.09493855962249148,0.12313416502859105,0.01654131912514251,36.180493005573695,Electronica,Levianth & Axol - Remember feat. The Tech Thieves _ Trap _ NCS - Copyright Free Music.mp3,mitad
139.6748310810811,2699.992924812247,3367.0581917485283,6385.136389953802,0.035356929058630034,0.2730502188205719,0.5761317610740662,1.1647225618362427,1.4872868061065674,0.08483795821666718,18909.990234375,-155.04298400878906,113.92057037353516,121.3565444946289,41.609596252441406,-10.818142890930176,25.338420867919922,41.66773986816406,22.86957359313965,-16.250659942626953,17.413944244384766,30.017763137817383,20.296037673950195,-8.425393104553223,15.845863342285156,15.80312728881836,14.960650444030762,-2.0911788940429688,12.637777328491211,8.873987197875977,12.715351104736328,-1.2989660501480103,10.760558128356934,6.371706962585449,10.575485229492188,1.8450219631195068,8.508267402648926,4.330603301084569,0.042123787105083466,0.11510161937459897,0.11775069287191203,0.17082818733750643,0.10386543136017948,0.0583548050698184,0.07110348349487938,0.01357721432964304,58.615264740503974,Electronica,Levianth & Axol - Remember feat. The Tech Thieves _ Trap _ NCS - Copyright Free Music.mp3,final
126.04801829268293,3138.9795650242413,2929.731517701844,6142.412857669795,0.08340520238728716,0.24255318939685822,0.6167237162590027,1.5621986389160156,3.0908286571502686,0.06653998792171478,20550.017578125,-163.9072723388672,115.65770721435547,103.46637725830078,60.35728073120117,-20.642786026000977,45.91295623779297,51.49632263183594,23.542428970336914,4.4644293785095215,33.15337371826172,32.604530334472656,21.5961856842041,3.0036613941192627,18.497913360595703,21.509790420532227,14.130104064941406,1.96156907081604,13.45494556427002,8.076375961303711,9.975799560546875,2.494678497314453,9.56932544708252,5.2425689697265625,9.19397258758545,2.261774778366089,7.884983539581299,1.6533806309243766,0.0012259240029379725,0.10638941570876441,0.08964794569048147,0.12908002857640816,0.09809396691984619,0.026439102628753167,0.044873165355322375,0.031875989783372506,37.93521457278756,Electronica,Losing It.mp3,inicio
126.04801829268293,2999.057572837149,3022.5337103747656,5877.639458718315,0.07636594034200851,0.2813439965248108,0.6476784348487854,1.5497515201568604,2.3608574867248535,0.05347336083650589,19955.140625,-82.12896728515625,84.92587280273438,133.81788635253906,41.70145797729492,-37.50984573364258,41.11845779418945,42.59646987915039,20.917800903320312,-13.30514144897461,21.682823181152344,24.790502548217773,16.389999389648438,-8.122832298278809,16.19619369506836,14.438946723937988,12.639710426330566,-3.7708959579467773,12.450423240661621,5.991044044494629,9.35405158996582,-2.713169574737549,9.881083488464355,3.6637613773345947,8.61987018585205,-0.9120553135871887,7.928678035736084,1.6194716119334525,0.0013790990924462676,0.06472172608842486,0.05848379592272432,0.06248766056963606,0.05706070231861723,0.02391712771787969,0.026365199282457657,0.011404924317406643,32.28848431300361,Electronica,Losing It.mp3,mitad
126.04801829268293,2942.047547257133,3088.141992537991,5975.70553239285,0.0661551177317144,0.3180839717388153,0.6726852655410767,1.7500922679901123,3.1294870376586914,0.05896959826350212,25575.26171875,-148.77545166015625,119.74798583984375,105.13798522949219,58.00851058959961,-25.676959991455078,31.963956832885742,55.568450927734375,24.006290435791016,10.807793617248535,40.74234390258789,34.392765045166016,20.614492416381836,0.8205419182777405,18.367935180664062,22.324121475219727,14.012907028198242,3.375149726867676,12.721760749816895,11.985395431518555,9.883495330810547,6.159254550933838,10.868441581726074,9.00967025756836,8.573519706726074,6.539984703063965,9.117655754089355,1.7952005630082541,0.002624769927933812,0.04275460729983561,0.05434010068241693,0.05611129038068363,0.05746099076903711,0.021821147858135596,0.02541738047841244,0.011605391692334833,52.729756539300595,Electronica,Losing It.mp3,final
126.04801829268293,2217.9889807479503,2696.9007724173107,4936.770148026316,0.046808484907120744,0.1426679939031601,0.41372308135032654,0.9611994028091431,0.6878364086151123,0.08191150426864624,2199.164794921875,-179.5073699951172,67.44720458984375,175.29022216796875,39.28373718261719,-18.99121856689453,34.6011962890625,36.57793426513672,27.57737159729004,-12.443398475646973,27.1270751953125,22.33958625793457,22.502660751342773,-9.901372909545898,17.6624755859375,17.95737648010254,14.184931755065918,-0.5074062347412109,13.272862434387207,-0.16190341114997864,10.111876487731934,-1.36785888671875,10.515021324157715,6.0123066902160645,9.972053527832031,3.737440347671509,8.446977615356445,3.259262923121471,0.0001114541373681277,0.18625465331942245,0.16986224009067596,0.2986034466199011,0.20337785018195792,0.1135136895719891,0.08728886811133883,0.0609885842164934,44.202991790693076,Electronica,Love Tonight Robin Schulz Remix.mp3,inicio
123.046875,2807.2242613646117,3295.1399799756887,6195.412537187984,0.05805331487035604,0.24163523316383362,0.48172253370285034,1.0701642036437988,0.7226362228393555,0.0786915272474289,5818.46630859375,-96.30052947998047,47.01548385620117,157.37765502929688,33.14235305786133,-19.90770149230957,20.036041259765625,43.295555114746094,20.445796966552734,-22.28368377685547,21.040504455566406,36.30052185058594,15.16733455657959,-17.7232608795166,11.524765968322754,19.53369903564453,10.18326187133789,0.3417753279209137,10.7075777053833,0.3257213830947876,11.835602760314941,0.09426955133676529,9.279356956481934,8.125272750854492,8.802311897277832,2.039945125579834,9.05313777923584,2.887267274775345,0.0005393098690547049,0.15138846593284158,0.1643506646930285,0.259983388455984,0.15674347466945526,0.0951319557573121,0.07047541127622588,0.04781371130737357,40.044992594546734,Electronica,Love Tonight Robin Schulz Remix.mp3,mitad
123.046875,2733.380615496823,3487.9536179674387,6329.728391665054,0.04553865131578947,0.27756163477897644,0.5948474407196045,1.0261051654815674,0.6524706482887268,0.05856408178806305,8908.724609375,-103.2582015991211,103.34213256835938,142.928955078125,32.09307861328125,-15.422667503356934,14.419273376464844,41.562469482421875,16.628942489624023,-24.02335548400879,13.463708877563477,31.87079429626465,16.543947219848633,-14.73263931274414,9.152636528015137,19.65970230102539,11.195189476013184,-2.440256118774414,7.140371322631836,7.740337371826172,8.816211700439453,-3.5311155319213867,7.871706962585449,7.465549945831299,8.48178482055664,4.499350070953369,7.311387538909912,3.1029758824296976,0.0008629309595562518,0.09439684743738437,0.08785438383559213,0.13627256049670258,0.10830706748892048,0.04821587298128676,0.03485870547893633,0.013552364549469054,56.72403202807436,Electronica,Love Tonight Robin Schulz Remix.mp3,final
130.8139534883721,1880.5692099384326,2301.792900152517,3997.555990046214,0.04015657633087451,0.13495133817195892,0.4409734308719635,1.047666311264038,0.8935924768447876,0.10053711384534836,3565.384033203125,-223.8295135498047,99.53418731689453,154.04783630371094,30.990497589111328,14.52176570892334,46.58991622924805,32.217445373535156,24.674884796142578,-10.003565788269043,26.400911331176758,15.548783302307129,14.798202514648438,2.4516987800598145,16.041458129882812,16.515949249267578,12.055359840393066,5.269904613494873,9.422764778137207,-6.127166748046875,10.230598449707031,12.53226375579834,10.48816967010498,0.3298785984516144,9.643362998962402,-3.631873846054077,8.955859184265137,3.200307878218843,7.718899723840877e-05,0.1442141838724689,0.11533620284078094,0.2650279563114899,0.1323401842334293,0.08592747163740884,0.057839689911481175,0.09648960739346353,67.14504737040137,Electronica,major-lazer-dj-snake-lean-on-feat-mo-official-4k-music-video-128-ytshorts.savetube.me.mp3,inicio
98.6842105263158,2796.6748475842687,3225.611798412173,6014.772373800213,0.05009803812655528,0.2544592320919037,0.5421352982521057,1.2700450420379639,1.052947998046875,0.08033452928066254,12616.6611328125,-118.63618469238281,44.370643615722656,140.20045471191406,26.220130920410156,-33.88409423828125,24.391193389892578,47.293453216552734,19.62178611755371,-15.977652549743652,20.02238655090332,27.531614303588867,17.606998443603516,1.4734241962432861,14.326038360595703,19.51738929748535,13.366960525512695,5.48849630355835,12.066418647766113,6.097601413726807,12.126690864562988,15.268736839294434,9.79488468170166,0.008218677714467049,10.615527153015137,6.231460094451904,9.843351364135742,3.265328826653742,2.8614060283871368e-05,0.14872148696677234,0.11264186740032055,0.23115990613833154,0.11817427921286848,0.0798217700485496,0.06598199068965678,0.037189378780953866,50.51901943778937,Electronica,major-lazer-dj-snake-lean-on-feat-mo-official-4k-music-video-128-ytshorts.savetube.me.mp3,mitad
98.6842105263158,3096.9720274599313,3230.165574677283,6605.234069498756,0.05646548252532883,0.24271941184997559,0.5009846687316895,1.2318159341812134,1.174660086631775,0.10177693516016006,14195.603515625,-129.2953338623047,98.18738555908203,122.75881958007812,27.068571090698242,-43.82279968261719,23.224546432495117,43.9382209777832,34.726436614990234,-31.990074157714844,19.715198516845703,10.814549446105957,38.56452941894531,2.842867612838745,15.669322967529297,16.069047927856445,11.83229923248291,2.0960705280303955,12.82262134552002,3.8439743518829346,16.86406707763672,5.923122882843018,10.743682861328125,2.1614906787872314,10.381377220153809,3.5790398120880127,10.040711402893066,3.057737793331153,3.26114495692309e-05,0.1556547803616439,0.15613304771442363,0.18821475517450129,0.15763554493295695,0.07086479436120036,0.06788604719488803,0.04556998479509242,36.37960924512009,Electronica,major-lazer-dj-snake-lean-on-feat-mo-official-4k-music-video-128-ytshorts.savetube.me.mp3,final
143.5546875,2323.4728818703798,2813.2042958194097,5311.426215865664,0.03853623712025929,0.25036299228668213,0.40693017840385437,0.9626652002334595,1.0537928342819214,0.09622326493263245,25185.3984375,-131.98219299316406,98.02757263183594,150.83482360839844,37.83830261230469,-5.607724189758301,35.0264778137207,23.888187408447266,26.491880416870117,-8.0833158493042,18.619977951049805,16.840681076049805,15.779690742492676,-13.17311954498291,12.163896560668945,6.284435749053955,16.61709976196289,-11.182320594787598,8.341704368591309,1.8918012380599976,11.305387496948242,-5.704998970031738,7.591547966003418,5.047507286071777,10.329686164855957,1.535221815109253,8.269618034362793,3.6081962738385154,0.0038135217037051916,0.14379790889125676,0.16946078372297085,0.2119541398103633,0.1572937321191449,0.08335755867027557,0.09128192270722774,0.024550048207836364,44.51015409814884,Electronica,Marshmello - Alone Official Music Video.mp3,inicio
143.5546875,3610.8937217008624,3938.4676599211425,7995.509985578318,0.056794063225619196,0.3386797308921814,0.49752652645111084,1.1914414167404175,1.3970240354537964,0.09403786808252335,27169.41796875,-66.1635513305664,71.61457824707031,117.83893585205078,29.626253128051758,-22.407922744750977,15.674982070922852,52.61064529418945,23.70794677734375,-12.990275382995605,13.090054512023926,31.324188232421875,18.310205459594727,-16.80948257446289,8.28238296508789,18.73816680908203,15.281567573547363,-9.893167495727539,9.092843055725098,10.008310317993164,11.426793098449707,-6.598259449005127,7.66271448135376,8.359638214111328,8.553540229797363,1.5349786281585693,6.791017532348633,3.5548506387913705,0.0027408769819885492,0.12042503501825373,0.17735532055782305,0.22295312475158377,0.17614597813703833,0.08813849824144049,0.09665047313304956,0.013436367279696108,30.21070527533739,Electronica,Marshmello - Alone Official Music Video.mp3,mitad
143.5546875,3825.797193309928,4079.830731837019,8476.165412454044,0.05490575264851006,0.42241495847702026,0.5859156250953674,1.338050365447998,1.8403489589691162,0.06957291811704636,30964.373046875,-59.56275939941406,110.90467071533203,103.0338134765625,26.544532775878906,-20.814697265625,18.620250701904297,64.57661437988281,26.07860565185547,-7.154748916625977,15.563127517700195,37.421966552734375,16.024221420288086,-16.26777458190918,9.642561912536621,24.99582290649414,10.617730140686035,-7.7965006828308105,6.8271379470825195,13.590187072753906,8.850876808166504,-4.657157897949219,7.999260425567627,11.918071746826172,8.268881797790527,6.372817039489746,6.859429359436035,3.4988556512244107,0.00369156408123672,0.11393720878604477,0.18326061644949326,0.2681916108365674,0.16817837826823798,0.10531281584418263,0.09613458958151329,0.013423089335688036,31.316321907251037,Electronica,Marshmello - Alone Official Music Video.mp3,final
127.8409090909091,2805.1749809300054,3373.1814983534864,6228.867645751866,0.052762668581141134,0.1593649685382843,0.49058350920677185,1.2787855863571167,2.041127920150757,0.10088987648487091,11509.353515625,-214.79823303222656,98.10433959960938,124.03548431396484,45.80889129638672,15.530150413513184,32.81902313232422,34.062801361083984,30.113794326782227,-20.3402042388916,23.561267852783203,17.656522750854492,24.564130783081055,-19.294992446899414,16.395854949951172,4.161793231964111,19.320384979248047,-10.177087783813477,12.321651458740234,4.250612258911133,11.832716941833496,7.2173919677734375,8.532459259033203,7.720426559448242,6.983356475830078,9.448846817016602,6.814378261566162,3.3641485336789096,0.0011322543723508716,0.04955012808523902,0.12128857414404526,0.10244998884561786,0.09020067100715624,0.035818065134644105,0.06508174704417212,0.017758432005186377,63.25519586353911,Electronica,martin-garrix-animals-official-video-128-ytshorts.savetube.me.mp3,inicio
127.8409090909091,2885.1012121339154,3192.781102717913,6253.83820654106,0.048891308211873444,0.34879493713378906,0.5991061925888062,1.5014556646347046,2.443765878677368,0.09084199368953705,21333.384765625,-124.0027084350586,89.22696685791016,142.24644470214844,40.4220085144043,-23.404356002807617,29.997888565063477,40.1240234375,28.89359474182129,-15.582478523254395,25.32638931274414,28.062116622924805,17.85089111328125,-3.6846210956573486,18.772119522094727,28.815954208374023,13.486945152282715,8.269876480102539,19.9002685546875,18.881912231445312,12.797882080078125,6.013068675994873,13.65756607055664,3.1270315647125244,9.82507610321045,3.955712080001831,9.198598861694336,4.7942490860910105,8.27865005703643e-05,0.0434616884502257,0.0815673153300712,0.09203243971706386,0.09625115284516189,0.028230989217134288,0.039868922208343344,0.007690161165119214,59.24763364145791,Electronica,martin-garrix-animals-official-video-128-ytshorts.savetube.me.mp3,mitad
127.8409090909091,2433.1903480057035,3189.4360368210414,6006.823786882332,0.025658980070209742,0.35406967997550964,0.6706473231315613,1.3565850257873535,1.9763398170471191,0.07378499209880829,22021.349609375,-159.71591186523438,115.95943450927734,131.0965576171875,40.118263244628906,-15.534971237182617,29.64817237854004,38.03882598876953,27.501970291137695,-18.5434513092041,23.217021942138672,26.728906631469727,18.512258529663086,-0.16995380818843842,17.57877540588379,29.27034568786621,15.597737312316895,10.627354621887207,15.372102737426758,19.070064544677734,13.756205558776855,6.162727355957031,12.735289573669434,3.0983991622924805,9.778454780578613,5.146674156188965,8.721323013305664,5.953876919570826,2.7411302653490566e-05,0.05743708789751586,0.05966890645726809,0.13070545097897138,0.12496256071538389,0.041090389876741955,0.03802602860459648,0.018831027564276927,85.67789068361579,Electronica,martin-garrix-animals-official-video-128-ytshorts.savetube.me.mp3,final
129.19921875,2542.7308961643166,2855.9683386236075,5602.032791940789,0.0457706982875387,0.34500694274902344,0.6039639115333557,1.0873249769210815,1.4844046831130981,0.0658215582370758,18392.083984375,-90.5617446899414,74.15703582763672,157.24069213867188,44.33335876464844,-36.9544563293457,17.126178741455078,28.76253890991211,26.262828826904297,-8.604369163513184,30.962806701660156,29.856502532958984,23.810293197631836,-3.360720157623291,13.924139976501465,13.974885940551758,12.289257049560547,-0.09702558815479279,10.304422378540039,12.622396469116211,10.10066032409668,1.722772240638733,9.481743812561035,4.052820205688477,8.753324508666992,1.6061007976531982,9.144558906555176,3.4355230939941452,0.011025267653167248,0.033427026802710244,0.04093979590695567,0.0703341133676421,0.06622215249007896,0.015076534492773191,0.01637734948399447,0.015613102575372068,45.99804219806069,Electronica,Memories feat. Kid Cudi.mp3,inicio
129.19921875,3726.979423209977,3653.1986368736093,8062.059583162007,0.08776931054082818,0.2996545135974884,0.48735395073890686,1.018777847290039,0.5800842046737671,0.07589299231767654,14174.4306640625,-37.56059265136719,34.562164306640625,123.4697036743164,17.187891006469727,-44.98135757446289,16.098316192626953,49.853973388671875,13.674224853515625,-32.58198165893555,13.297578811645508,41.359107971191406,18.368513107299805,-16.37202262878418,8.877567291259766,11.045766830444336,13.524707794189453,-7.870838165283203,10.190800666809082,7.3274312019348145,13.207625389099121,-5.804617404937744,7.875392436981201,-0.2282748818397522,11.763827323913574,-2.9895589351654053,8.819068908691406,2.5837193247946644,0.0007432783022522926,0.08801725667038689,0.09167990775701369,0.14586717953099132,0.15153553166985934,0.04124895683354848,0.06028049461241866,0.030533560995636103,20.645047068351715,Electronica,Memories feat. Kid Cudi.mp3,mitad
129.19921875,3365.5961439295215,3808.925706784888,8015.384865397639,0.05392125368856424,0.3713819682598114,0.49048715829849243,0.9375616908073425,0.640448808670044,0.08664073795080185,20909.21875,-71.37841033935547,124.19352722167969,113.80848693847656,30.223617553710938,-26.718780517578125,15.425260543823242,47.33647155761719,14.442079544067383,-20.97468376159668,12.842690467834473,50.28371047973633,17.503280639648438,-12.096332550048828,10.51034164428711,17.58247184753418,13.365189552307129,-0.7402958869934082,8.988496780395508,14.284149169921875,8.549257278442383,-2.547872304916382,8.233080863952637,3.6842997074127197,12.786623001098633,-2.6246860027313232,9.40045166015625,3.6484735767209857,0.027955781668424606,0.14635541593518722,0.059245560012526205,0.18489105155229313,0.0511261952296001,0.02968814341731907,0.08777306665470844,0.0120439360262387,35.09388407757062,Electronica,Memories feat. Kid Cudi.mp3,final
126.04801829268293,3681.824082715783,3600.809456115289,7723.736628954624,0.08836152162345201,0.18451593816280365,0.4565264582633972,1.2886337041854858,1.3242323398590088,0.08120936155319214,10044.47265625,-96.3041763305664,78.24458312988281,111.37406921386719,25.647926330566406,-43.87665557861328,17.61884307861328,46.58069610595703,20.18720245361328,-12.685821533203125,14.181447982788086,30.059425354003906,14.312551498413086,-12.623659133911133,11.2554349899292,10.062990188598633,14.59439754486084,-7.261405944824219,8.165448188781738,4.697260856628418,11.170692443847656,-10.270777702331543,8.581896781921387,1.8922234773635864,8.226435661315918,0.11712400615215302,6.462965488433838,2.026553050899831,0.0018024116288870573,0.09886583242508457,0.10360684300719762,0.1661354277393776,0.11722341459333539,0.06628919182958905,0.04487449194714439,0.061630663225529424,19.654576808591308,Electronica,Mr. Saxobeat Radio Edit.mp3,inicio
126.04801829268293,3924.0106317296945,4034.4508723607382,8651.981015987809,0.08496188231666021,0.28564202785491943,0.4894896447658539,1.5113803148269653,2.001490592956543,0.08694947510957718,22514.69140625,-77.03439331054688,62.26233673095703,112.6306381225586,29.71525764465332,-13.763008117675781,20.663818359375,50.554771423339844,18.220783233642578,-21.45756721496582,17.02387046813965,36.645931243896484,12.191514015197754,-21.531503677368164,13.220808982849121,19.098268508911133,11.200113296508789,-5.440451622009277,12.11794662475586,8.622400283813477,11.081727981567383,-3.768366575241089,11.761490821838379,5.231379985809326,9.305176734924316,-1.263206124305725,9.595366477966309,1.9829853481194204,0.0027057682164013386,0.03989160551076447,0.055688519442414576,0.061089512466157125,0.0747052814802662,0.025830716516739228,0.029147316321764313,0.04476153354678223,27.538799643878765,Electronica,Mr. Saxobeat Radio Edit.mp3,mitad
126.04801829268293,4167.107032583898,4207.311972186892,9165.044580229296,0.08071833276896284,0.27446672320365906,0.5077338218688965,1.3209739923477173,1.7414636611938477,0.08352643251419067,20582.11328125,-96.7435531616211,142.1040802001953,98.33800506591797,39.446109771728516,-20.97181510925293,19.694114685058594,50.94776153564453,23.908214569091797,-16.911405563354492,15.55124282836914,33.188594818115234,16.74700927734375,-18.677030563354492,13.044292449951172,17.5867862701416,12.885418891906738,-8.61340618133545,9.564858436584473,11.167213439941406,9.875188827514648,-4.309307098388672,10.209375381469727,4.674670696258545,8.088663101196289,2.946913480758667,7.009696960449219,1.9404512824510725,0.004296900704503059,0.056367310325187714,0.06431389616445,0.09355951031541906,0.07153565850272947,0.03204867047939186,0.03363090289830181,0.013314164846536356,22.933979717710898,Electronica,Mr. Saxobeat Radio Edit.mp3,final
129.19921875,3141.2342825756587,3354.6201612129958,6600.443421354973,0.06490852663022446,0.30857187509536743,0.4815768003463745,1.4248899221420288,1.9700778722763062,0.10240820795297623,10346.85546875,-122.6913070678711,80.24080657958984,128.56076049804688,41.74666213989258,-6.926192283630371,38.610843658447266,36.60325622558594,28.83201026916504,-36.40061569213867,28.45167350769043,14.834877967834473,22.815750122070312,-33.470741271972656,18.351932525634766,-6.570699691772461,16.91634178161621,-18.161705017089844,15.254794120788574,-5.885233402252197,13.581506729125977,-11.575028419494629,12.961908340454102,-0.21457277238368988,12.671971321105957,-2.7505455017089844,11.490707397460938,2.7508613644570237,0.0011072258930653334,0.11948212732215618,0.09842273487635618,0.15112513797459629,0.1339583399355301,0.05340754735422248,0.053810312588530466,0.06792141462669118,21.30189235438631,Electronica,Sexy And I Know It.mp3,inicio
129.19921875,4163.20339798699,3996.4856088807987,8710.68899432203,0.09657122254740712,0.39704862236976624,0.5132781267166138,1.238486409187317,0.9606053233146667,0.08115394413471222,12927.9873046875,-14.009546279907227,47.917869567871094,119.53250885009766,33.64231872558594,-26.249404907226562,16.33738899230957,50.11819839477539,16.90414047241211,-34.934898376464844,17.56981086730957,37.07111358642578,13.715863227844238,-25.834558486938477,12.583854675292969,16.847476959228516,13.287296295166016,-12.546806335449219,12.819950103759766,7.895249366760254,11.700607299804688,-6.936322212219238,10.290026664733887,7.933690547943115,8.677101135253906,-1.8846384286880493,7.88718843460083,1.898661780284092,0.006020837929099798,0.039482626236186404,0.051081935850811166,0.07362696044039499,0.04969544948357688,0.020147183791566676,0.023259462941709372,0.062008240241372845,18.54169644636308,Electronica,Sexy And I Know It.mp3,mitad
129.19921875,3597.4205091333733,3254.2256781161377,6974.941156818401,0.09666551525009674,0.28788667917251587,0.4961021840572357,1.2973467111587524,1.9757848978042603,0.08557689189910889,10379.57421875,-135.69981384277344,135.99038696289062,115.98617553710938,58.362361907958984,-11.227636337280273,45.57550048828125,41.432167053222656,25.660741806030273,-29.234519958496094,25.210792541503906,17.42439079284668,27.406265258789062,-24.481510162353516,14.19037914276123,-0.19577054679393768,22.0866641998291,-11.785726547241211,11.376364707946777,1.2411534786224365,12.213403701782227,-6.482603073120117,10.783393859863281,0.9502400755882263,11.134222984313965,-2.6778311729431152,7.893700122833252,2.6453936172604964,0.00307157333008945,0.07119052857496577,0.09363754683558524,0.1232392748794985,0.07364327997522266,0.02633758924085934,0.030121059363578822,0.04745492671358176,20.660366829922467,Electronica,Sexy And I Know It.mp3,final
129.19921875,2273.562020714167,2874.281072282711,4780.337760618228,0.048029188032120744,0.19486942887306213,0.44256067276000977,0.9052753448486328,0.5000894665718079,0.07720665633678436,2671.21826171875,-130.3951416015625,71.53609466552734,167.9825897216797,32.057373046875,-14.907069206237793,29.293243408203125,49.73064041137695,15.514250755310059,-23.811979293823242,17.3409481048584,15.548133850097656,14.027181625366211,-14.029152870178223,11.659481048583984,5.208575248718262,17.230506896972656,-11.29171371459961,9.638068199157715,1.2580021619796753,10.067280769348145,-6.71216344833374,9.002618789672852,-3.4695780277252197,8.769197463989258,-5.930732250213623,7.046989440917969,3.334227806509125,0.0018880893476307392,0.11401655481467335,0.0998816780807365,0.27101040143479654,0.2200614518873397,0.07208959963008969,0.10034365928331423,0.032060557305855525,37.75141815088086,Electronica,Ship Wrek & Zookeepers - Ark _ Future Bass _ NCS - Copyright Free Music.mp3,inicio
147.65625,3811.86879312854,3981.156240920622,8635.489449043393,0.07163977844427244,0.32101312279701233,0.5774496793746948,1.0969542264938354,0.953352153301239,0.06384720653295517,13388.83203125,-48.64381408691406,45.94122314453125,117.12156677246094,26.54113006591797,-36.08934020996094,16.9849796295166,48.418216705322266,18.615779876708984,-22.736013412475586,14.273750305175781,34.551483154296875,12.303876876831055,-18.982643127441406,11.301179885864258,27.719934463500977,10.774240493774414,-8.049793243408203,11.856902122497559,12.9320650100708,8.868884086608887,-4.395034313201904,8.291963577270508,8.775144577026367,7.4490156173706055,2.994330883026123,7.43398904800415,3.310132174016924,0.00155598483979702,0.09004064086803636,0.12289677628430781,0.09059619325179338,0.16812609564735026,0.03447099780378938,0.07491934250966223,0.05268773056590882,27.264410845743477,Electronica,Ship Wrek & Zookeepers - Ark _ Future Bass _ NCS - Copyright Free Music.mp3,mitad
147.65625,4262.526054336529,3819.8153634116675,8718.113949424342,0.12613113450561145,0.17361463606357574,0.5868993401527405,0.9439054727554321,0.7689045071601868,0.06417703628540039,11283.853515625,-168.00872802734375,153.02037048339844,92.8585205078125,42.71049499511719,-37.69674301147461,18.68511390686035,29.157346725463867,24.671499252319336,-23.121089935302734,13.419670104980469,17.436622619628906,21.613147735595703,-12.567851066589355,11.790316581726074,12.478496551513672,20.23993492126465,-7.149188041687012,9.762557983398438,3.689764976501465,11.030243873596191,-3.4931046962738037,7.026797771453857,3.617048501968384,8.232516288757324,1.5011271238327026,7.120548248291016,2.8098023964150607,0.006207094062119722,0.07530325756267889,0.12720913040068452,0.08536199792906078,0.13771906347919408,0.027313846227377953,0.06187283076404586,0.011148238237413004,24.191624059960102,Electronica,Ship Wrek & Zookeepers - Ark _ Future Bass _ NCS - Copyright Free Music.mp3,final
109.95678191489361,3871.6060098811695,3380.7889297158868,7718.061663270366,0.09949467425744969,0.2632406949996948,0.4092453122138977,1.4692708253860474,1.5310642719268799,0.09835218638181686,17219.837890625,-105.42882537841797,109.01618194580078,97.9930419921875,44.87068176269531,-47.7034912109375,30.33851432800293,33.0269889831543,31.14505386352539,-23.81774139404297,25.22344398498535,14.770608901977539,30.671489715576172,-31.074193954467773,14.959043502807617,11.384858131408691,16.372207641601562,-6.58768367767334,15.13418197631836,5.741969585418701,13.404263496398926,-2.4453284740448,11.12829303741455,10.672011375427246,14.228861808776855,3.0063326358795166,12.846844673156738,2.3255860952829814,0.03812562674283981,0.13160217967484644,0.15595701417238844,0.1656101082687213,0.08558383938653308,0.04679910260113696,0.06703891129744802,0.028462561106683392,16.868413631899745,Electronica,SKRILLEX - Bangarang feat. Sirah [Official Music Video].mp3,inicio
109.95678191489361,5065.591846565842,4144.10501035967,9956.089796887094,0.132145459437887,0.3780058026313782,0.5247161984443665,1.4862536191940308,1.3645117282867432,0.09186273068189621,23442.75390625,-14.695733070373535,48.137935638427734,77.20404052734375,30.21015167236328,-49.381019592285156,24.218801498413086,58.822265625,16.71251106262207,-29.182952880859375,13.77173137664795,43.41473388671875,13.555129051208496,-24.218568801879883,12.760525703430176,22.418014526367188,10.46869945526123,-13.507148742675781,12.589290618896484,17.03205108642578,11.383731842041016,-4.973840236663818,10.50130844116211,10.496225357055664,12.490821838378906,3.48427677154541,13.20280647277832,1.9138463421320158,0.008249477483332157,0.054705141103004784,0.0654211921139642,0.09324924878283976,0.08189641770937568,0.03088802436002818,0.030283161431294996,0.011061155152799691,13.250472844324461,Electronica,SKRILLEX - Bangarang feat. Sirah [Official Music Video].mp3,mitad
109.95678191489361,4107.497208356724,3552.123236198565,8245.300141798085,0.0982029209196014,0.23058772087097168,0.417192667722702,1.1630305051803589,1.3950355052947998,0.11192702502012253,21426.7890625,-145.99131774902344,173.42552185058594,69.11119842529297,39.38437271118164,-35.230037689208984,25.34700584411621,39.724525451660156,29.519805908203125,-25.80451774597168,21.034543991088867,16.885250091552734,27.53950309753418,-25.740367889404297,20.08397674560547,11.304040908813477,18.066741943359375,-6.9427666664123535,11.860281944274902,3.518584966659546,18.46530532836914,-7.901909828186035,13.32972526550293,5.004085063934326,10.47486686706543,0.3199659287929535,8.684396743774414,1.9783331313410135,0.10927144438028336,0.08972385906709199,0.09105283935352497,0.1359233514013389,0.1308429755594661,0.052614830831003524,0.04779916818096765,0.03922475882980396,13.662597830552723,Electronica,SKRILLEX - Bangarang feat. Sirah [Official Music Video].mp3,final
166.70866935483872,1937.896512474629,2195.476367786988,3790.3187471277574,0.051322252019640094,0.1596897393465042,0.3997177481651306,1.0040686130523682,1.0835846662521362,0.08749895542860031,5194.41455078125,-184.14642333984375,84.49248504638672,177.59205627441406,42.79115295410156,-27.41317367553711,22.143470764160156,22.546228408813477,26.940288543701172,1.394326090812683,30.44150733947754,4.176082611083984,20.271465301513672,-27.72601890563965,14.666600227355957,-3.435338258743286,14.33337688446045,-4.436872482299805,13.691841125488281,0.7102702856063843,10.090327262878418,-6.342198848724365,9.90407943725586,-9.259069442749023,11.04903507232666,-7.4830498695373535,11.510923385620117,2.5735586662600194,0.006858497858047485,0.14057437797753064,0.1259706529116986,0.22310434150555913,0.2028306593484508,0.08420088203151878,0.05849898823708681,0.09890945485852111,35.91420539612376,Electronica,Swedish House Mafia - Don_t You Worry Child Traducida al Español.mp3,inicio
129.19921875,2214.327482150851,2551.2137837388104,4332.790466875484,0.05492068075174149,0.19266138970851898,0.39537546038627625,1.0551154613494873,0.834321141242981,0.0851307362318039,9067.9697265625,-143.5897216796875,81.79592895507812,163.65306091308594,37.70455551147461,-30.444351196289062,25.904069900512695,25.877365112304688,22.99651336669922,-10.197752952575684,28.31182289123535,13.243006706237793,16.49749755859375,-21.83322525024414,12.390379905700684,-5.032148838043213,12.989668846130371,-4.716738224029541,12.720993995666504,-0.5522344708442688,11.988985061645508,-8.847760200500488,9.881601333618164,-3.168654203414917,9.889412879943848,-0.3957459032535553,9.973275184631348,2.467150610288165,0.0002898423408623785,0.11018415394726656,0.11529650865802824,0.19038942467031894,0.15249885731445528,0.06102439639194289,0.0550910658326569,0.07080569479293664,27.646415765299764,Electronica,Swedish House Mafia - Don_t You Worry Child Traducida al Español.mp3,mitad
129.19921875,2706.4813690885208,2899.321601232961,5882.739427879499,0.05450685105456656,0.20925121009349823,0.3450295329093933,0.7540186047554016,0.6471022367477417,0.09577035158872604,9394.39453125,-201.87123107910156,233.2799072265625,94.66183471679688,59.95551681518555,-29.654312133789062,33.11587142944336,32.9167366027832,23.68378257751465,-20.38157081604004,22.017332077026367,23.408411026000977,16.758398056030273,-15.392260551452637,16.073400497436523,14.728739738464355,13.389653205871582,-5.772756576538086,7.544815540313721,5.864721298217773,8.629310607910156,0.19171105325222015,5.4191365242004395,6.363743305206299,7.251475811004639,6.830867767333984,9.000591278076172,3.3302004008765946,0.21307623386383057,0.06988976924777505,0.05629480396376305,0.08093558455450035,0.07140914176754244,0.029839635128236158,0.024994225790024818,0.014016824743985863,20.464165653112296,Electronica,Swedish House Mafia - Don_t You Worry Child Traducida al Español.mp3,final
129.19921875,2545.361358173491,2908.3110201779045,5258.184871142124,0.05894408801760836,0.15402986109256744,0.42053255438804626,1.1806279420852661,1.3747737407684326,0.08822079002857208,6880.56494140625,-134.10231018066406,84.83631896972656,148.20973205566406,26.472259521484375,-30.883129119873047,27.326148986816406,34.540008544921875,15.019393920898438,-16.202667236328125,14.156044006347656,14.52731990814209,14.975976943969727,-13.971131324768066,12.298836708068848,5.2345075607299805,12.362908363342285,-9.349196434020996,9.076055526733398,-0.027906861156225204,10.054697036743164,-6.287412643432617,7.526175022125244,-4.041662216186523,9.022507667541504,-1.9210389852523804,7.04310417175293,1.984092735025286,0.008054016157984734,0.08198141303781836,0.07892733948921903,0.08795310795908357,0.14545889909820373,0.04758861034403569,0.0410571031831312,0.07701018788801753,24.53414264887964,Electronica,Tsunami Radio Edit.mp3,inicio
129.19921875,2535.9963803696423,2878.215638959905,5141.977240500435,0.056853019785216716,0.22791065275669098,0.44796931743621826,1.1087868213653564,0.9287434220314026,0.0882447138428688,10483.6435546875,-100.9693603515625,57.27255630493164,153.4083251953125,37.00918960571289,-35.26758575439453,17.744483947753906,38.68764877319336,19.543611526489258,-16.181636810302734,9.359177589416504,18.387283325195312,17.868982315063477,-13.232630729675293,8.023886680603027,6.364961624145508,15.057453155517578,-8.312073707580566,7.022038459777832,1.0858354568481445,13.572086334228516,-4.7520432472229,7.581698894500732,-2.8715269565582275,10.78392219543457,-1.2921134233474731,6.43186616897583,2.604189534775133,0.001465253415517509,0.09891793297003686,0.08519424587464705,0.11645132006881129,0.1490177501120478,0.05371577318902172,0.03930809289188016,0.16445777097637904,30.475928464749728,Electronica,Tsunami Radio Edit.mp3,mitad
129.19921875,3396.557692794945,3546.965436617967,7398.896926549197,0.07310292152428406,0.2078443318605423,0.5617634057998657,1.2478346824645996,1.507042646408081,0.07676819711923599,14034.619140625,-114.40789794921875,105.25333404541016,122.30987548828125,40.22434616088867,-29.640195846557617,18.862844467163086,45.92751693725586,21.509462356567383,-19.512121200561523,12.539609909057617,30.962522506713867,17.20979118347168,-10.499412536621094,11.896294593811035,8.90613842010498,19.355247497558594,-1.898697853088379,10.022004127502441,6.572824954986572,14.853455543518066,-3.0146567821502686,8.780622482299805,1.8571531772613525,10.575959205627441,0.03470439091324806,7.682807445526123,1.7532757990969972,0.0027299909852445126,0.04412773351120926,0.03225937182151173,0.050645893854337376,0.07985519725878606,0.024275400163597003,0.02082835087889733,0.011892937949152749,27.898563286477547,Electronica,Tsunami Radio Edit.mp3,final
120.18531976744185,2219.218905601915,2839.26358541366,4742.162991455834,0.03956854380321207,0.19065922498703003,0.41375595331192017,1.2633482217788696,1.4543006420135498,0.09163462370634079,8844.302734375,-155.46749877929688,74.9772720336914,149.77952575683594,35.78392791748047,-12.696921348571777,19.84449005126953,23.80946922302246,21.47410011291504,-26.2558650970459,15.519752502441406,6.844587326049805,20.736318588256836,-10.856659889221191,12.397900581359863,5.444555759429932,15.197449684143066,3.402754068374634,11.300477027893066,1.6873854398727417,11.169778823852539,-2.7531051635742188,7.679327964782715,2.495107650756836,13.139405250549316,-0.9100583791732788,9.07645320892334,3.9015488130593843,0.0024743895046412945,0.21494566661252665,0.1257493871045477,0.13648776285052436,0.20562274391347204,0.1031749121908318,0.06807671914206495,0.04509049498294148,52.03997324213715,Electronica,Warriyo - Mortals feat. Laura Brehm _ Future Trap _ NCS - Copyright Free Music.mp3,inicio
120.18531976744185,2408.44942426875,3285.0564236361733,5521.4249460320725,0.04263258423229489,0.23639965057373047,0.3075525164604187,0.8969363570213318,0.45281484723091125,0.09115590155124664,2923.901611328125,-120.88906860351562,45.846988677978516,155.74305725097656,24.85420036315918,-9.741573333740234,15.648950576782227,46.6485595703125,17.6487979888916,-11.755516052246094,16.904878616333008,31.804004669189453,13.4209566116333,-17.814966201782227,15.264534950256348,21.458518981933594,10.477248191833496,-5.631910800933838,9.779668807983398,10.689967155456543,8.99967098236084,1.4574681520462036,9.93255615234375,-1.985433578491211,8.26158618927002,-0.8290857076644897,8.000191688537598,4.6736462855951,0.00010981176455970854,0.36445125254473865,0.14202155210879,0.26054280815633113,0.2602312137648042,0.17487739064920832,0.059929955304081246,0.03630004148283274,50.20099157628228,Electronica,Warriyo - Mortals feat. Laura Brehm _ Future Trap _ NCS - Copyright Free Music.mp3,mitad
120.18531976744185,2644.5929543512566,3154.6802613141576,5704.407172896914,0.047110448311726005,0.2669961750507355,0.5134464502334595,0.9990508556365967,1.1712809801101685,0.10092917829751968,13626.8916015625,-210.73287963867188,152.72259521484375,101.99867248535156,59.46983337402344,-12.953702926635742,26.383073806762695,26.841785430908203,31.726289749145508,-13.286214828491211,18.313451766967773,17.88784408569336,20.541528701782227,-10.447670936584473,14.03023910522461,11.42929458618164,16.343673706054688,5.023120403289795,10.16325855255127,5.333845138549805,11.116765022277832,-2.6210012435913086,7.331392765045166,6.680482864379883,10.118634223937988,3.162497043609619,5.81588888168335,5.182256934845455,0.07131898403167725,0.14301115988315835,0.08527457550360185,0.10924127239831746,0.1504555265160991,0.07142986598872299,0.03792639755162519,0.053407115096835336,92.66398623949489,Electronica,Warriyo - Mortals feat. Laura Brehm _ Future Trap _ NCS - Copyright Free Music.mp3,final
109.95678191489361,3320.664958716507,3462.093328086901,7228.056292932469,0.06500395311290634,0.16219475865364075,0.4443161189556122,1.1506675481796265,1.7526267766952515,0.10746908187866211,11537.083984375,-182.55038452148438,93.0920181274414,110.70504760742188,50.64084243774414,-3.7697746753692627,26.926294326782227,40.720455169677734,24.84858512878418,-5.736629009246826,17.138574600219727,20.053468704223633,27.432157516479492,-7.350554943084717,13.180274963378906,14.419929504394531,22.227602005004883,-7.969650745391846,10.25159740447998,4.971786975860596,17.18404197692871,-7.828729629516602,9.534435272216797,3.926091194152832,14.063041687011719,-2.8170933723449707,10.183409690856934,2.9708956073073565,0.036232903599739075,0.19911821561837806,0.18138612331305526,0.22939328191591973,0.2079412576672353,0.07549613150514776,0.09876762177442727,0.034691496095221395,34.21670390076612,Hip-Hop,2Pac - Changes ft. Talent.mp3,inicio
112.34714673913044,4074.981000801431,4384.614228061717,9510.809156104877,0.08195415296052631,0.23410435020923615,0.5408106446266174,1.2983592748641968,1.5400060415267944,0.07985591888427734,14009.8232421875,-100.51048278808594,53.79545211791992,109.42654418945312,30.820764541625977,-3.5950682163238525,20.47662353515625,53.38425064086914,15.95277214050293,-10.242819786071777,15.03612995147705,42.66593551635742,13.795697212219238,-14.868088722229004,11.703803062438965,27.231666564941406,12.04140853881836,-12.448345184326172,10.997262001037598,14.058418273925781,9.896049499511719,-7.599734783172607,9.744300842285156,9.284161567687988,8.645392417907715,0.48707008361816406,7.495763778686523,2.2992589478896024,0.0008919747197069228,0.0977270719943469,0.14274757875744892,0.12303033275432287,0.17341008664657753,0.052394335805460115,0.07573689170957033,0.030522765746217147,32.48486951119816,Hip-Hop,2Pac - Changes ft. Talent.mp3,mitad
112.34714673913044,3310.141038201828,3655.282879658434,7431.971726550406,0.06625904756433823,0.1968788355588913,0.4836399555206299,0.9980854392051697,0.8536794185638428,0.08371036499738693,9628.1220703125,-125.13264465332031,103.4327392578125,116.56458282470703,41.06631088256836,-15.234329223632812,18.164180755615234,54.43678665161133,20.531972885131836,-5.836061000823975,15.686400413513184,31.5347900390625,16.50847625732422,-13.265374183654785,13.300743103027344,12.544806480407715,13.678646087646484,-8.4082670211792,10.849397659301758,9.956724166870117,10.782208442687988,-4.117466449737549,10.072089195251465,6.493154048919678,9.565608024597168,3.6226613521575928,6.665319919586182,2.498682929805671,0.03674784302711487,0.09371133721935374,0.16320371060678346,0.17776012275705952,0.18733133566524676,0.06273346458645727,0.10069145349079797,0.05949696211146167,31.873515344747144,Hip-Hop,2Pac - Changes ft. Talent.mp3,final
95.703125,3023.1392281888,3281.859327811182,6295.08693447054,0.06443951964009288,0.09771960973739624,0.5050765872001648,1.546645998954773,1.9074146747589111,0.09124218672513962,4599.9423828125,-224.22412109375,96.95173645019531,117.55812072753906,39.51887893676758,-13.0178804397583,28.717905044555664,52.56444549560547,26.667654037475586,-8.763740539550781,20.21236801147461,22.762714385986328,20.335290908813477,-4.240407466888428,12.355098724365234,12.368932723999023,13.861148834228516,-1.8035966157913208,12.075850486755371,7.213926315307617,12.11972427368164,0.04565424844622612,10.378022193908691,3.348630428314209,10.113540649414062,-0.5944716930389404,9.809736251831055,1.6533533129402271,0.024239251390099525,0.06435305907178339,0.07402247369659357,0.08552921036659002,0.10496852280531928,0.031004877809359083,0.04260818077258169,0.04996451264604506,39.540904682989485,Hip-Hop,2Pac - Hit _Em Up Dirty Music Video HD.mp3,inicio
95.703125,3047.427963645765,3317.0675789839893,6324.145092093169,0.059555951286764705,0.11376406252384186,0.5082279443740845,1.695219874382019,1.9788494110107422,0.0922970101237297,4675.6513671875,-198.4747772216797,65.65180206298828,120.84070587158203,34.47834014892578,-18.36992073059082,28.93449592590332,58.30855178833008,27.109621047973633,-8.391633033752441,20.74786376953125,26.781291961669922,18.244956970214844,-4.132587432861328,13.785815238952637,13.084704399108887,13.852086067199707,3.220794677734375,13.70627212524414,8.66916561126709,12.492079734802246,-1.8621134757995605,10.778294563293457,5.5100836753845215,9.68858814239502,2.174687147140503,8.895527839660645,1.6125541329705648,0.00035340129397809505,0.06099422324486607,0.07621796398625297,0.07970457623789541,0.11123417818723974,0.03555585543405116,0.04263489246903667,0.012769608663645932,36.62382332271693,Hip-Hop,2Pac - Hit _Em Up Dirty Music Video HD.mp3,mitad
95.703125,2505.806519968042,2386.284175528377,4951.211727366728,0.05332280681598297,0.05222420394420624,0.31867173314094543,0.8341785073280334,1.56288480758667,0.11467685550451279,3377.037353515625,-370.16064453125,175.5138702392578,63.55963897705078,64.73624420166016,-9.639516830444336,24.150955200195312,24.064552307128906,31.108539581298828,-6.172369956970215,14.841097831726074,11.83045482635498,17.758176803588867,-2.9569475650787354,10.007354736328125,5.7334465980529785,12.504931449890137,-0.6481351256370544,9.73824405670166,5.2312750816345215,10.12080192565918,1.2509347200393677,8.980208396911621,1.8859446048736572,8.04565143585205,0.13805878162384033,7.574163436889648,1.677355200865914,0.3693569600582123,0.06680857409091898,0.07603071828834052,0.09559667695481787,0.09086784636880843,0.03727365727636981,0.04209467379745457,0.06964574807989325,35.29928137994152,Hip-Hop,2Pac - Hit _Em Up Dirty Music Video HD.mp3,final
86.1328125,3355.7063729426895,3048.1046503253215,6680.959601151316,0.0953525980190596,0.14515791833400726,0.4535512924194336,1.1188883781433105,1.4147754907608032,0.10555233061313629,12787.880859375,-183.5417938232422,139.61001586914062,94.87154388427734,56.87763595581055,-24.234546661376953,24.47829246520996,43.65236282348633,27.224042892456055,-10.422301292419434,19.89015769958496,23.654640197753906,20.115741729736328,-11.617759704589844,14.471609115600586,10.713668823242188,14.744507789611816,-4.1771016120910645,12.583430290222168,6.377547264099121,12.380578994750977,-4.426516532897949,10.322037696838379,1.232519507408142,9.173808097839355,1.0746288299560547,9.211185455322266,1.5904705000430286,0.1426175832748413,0.06468962754164191,0.08738159199278561,0.08713982845861941,0.14698878938938031,0.029833799739685234,0.056760597978841656,0.08645881421350023,26.998100673179295,Hip-Hop,2Pac - Keep Ya Head Up from album_ Strictly 4 My N.I.G.G.A.Z....mp3,inicio
86.1328125,2907.93831188846,3141.366943489979,6128.7046072283765,0.0643567537006579,0.20979906618595123,0.5172178149223328,1.322627305984497,1.3796443939208984,0.09215879440307617,16366.9326171875,-137.46002197265625,59.7944221496582,129.91900634765625,36.22513961791992,-27.11629295349121,27.195772171020508,49.54301834106445,22.372278213500977,-2.0851194858551025,22.359209060668945,23.216508865356445,21.601369857788086,-9.402667045593262,15.323580741882324,8.402754783630371,16.00641441345215,-0.21282559633255005,14.179771423339844,7.127109527587891,12.854835510253906,-1.8915754556655884,12.572057723999023,1.656753420829773,10.994644165039062,4.952249050140381,9.486166000366211,2.044201921975356,0.0003473192045930773,0.07096420391558518,0.057393562067878774,0.09697323327681975,0.1233243451396021,0.03997246424932161,0.04753345450954508,0.008549807327060307,45.04257310952889,Hip-Hop,2Pac - Keep Ya Head Up from album_ Strictly 4 My N.I.G.G.A.Z....mp3,mitad
86.1328125,2944.0801042922335,3173.9372425127713,6204.862480045472,0.0647212639681695,0.20865730941295624,0.5249578952789307,1.3155064582824707,1.4339431524276733,0.09053152799606323,16008.5224609375,-140.25668334960938,67.7193374633789,128.88668823242188,38.80437469482422,-28.610336303710938,26.785669326782227,55.38507843017578,24.426219940185547,-3.2861523628234863,21.62130355834961,26.499462127685547,21.427892684936523,-9.758185386657715,15.764054298400879,8.641883850097656,16.455469131469727,-1.0085158348083496,15.297130584716797,5.738683700561523,13.110040664672852,-2.051548719406128,11.592763900756836,1.2862070798873901,10.204469680786133,4.482168197631836,10.10891342163086,1.9793140439807402,0.0003684337716549635,0.04848197669936135,0.10560942852431099,0.07523629905709847,0.15460903259413022,0.026383634871775172,0.06917301583909256,0.030719829730427615,43.305867494933544,Hip-Hop,2Pac - Keep Ya Head Up from album_ Strictly 4 My N.I.G.G.A.Z....mp3,final
109.95678191489361,2070.4916436533113,2790.8739636331343,4200.141268987036,0.03585428054856811,0.2443399876356125,0.5251232385635376,1.2922898530960083,1.7452888488769531,0.0923609733581543,13072.03125,-210.52487182617188,78.97990417480469,154.98887634277344,32.19609832763672,24.347135543823242,36.52635192871094,27.34360694885254,22.988821029663086,-6.541062355041504,19.281429290771484,19.79554557800293,21.28412628173828,-10.955643653869629,18.187183380126953,2.9398574829101562,23.429859161376953,4.117938041687012,20.472848892211914,-1.2616091966629028,20.835262298583984,-16.591838836669922,14.270476341247559,3.168639898300171,18.85245704650879,0.004659458063542843,14.469900131225586,5.376233176922345,3.422358349780552e-05,0.1058169372919609,0.12054933424274283,0.15504045614116024,0.1517938774037718,0.055103812493131565,0.0780224258038759,0.01868831589844306,92.02576110702412,Hip-Hop,Chris Wolverine Matthew - CATCH A HAT FREESTYLE.mp3,inicio
109.95678191489361,2395.613979241229,3146.3665014585877,5371.292520528977,0.03173412405669505,0.33951425552368164,0.6787248849868774,1.5534141063690186,1.9440211057662964,0.042390041053295135,13932.75,-174.603759765625,69.47738647460938,148.69894409179688,36.237953186035156,19.000659942626953,35.5450325012207,42.255401611328125,24.833127975463867,4.688649654388428,15.81149673461914,31.960798263549805,16.779165267944336,-4.060890197753906,20.33618927001953,12.332921028137207,21.767337799072266,9.955194473266602,20.04407501220703,16.284183502197266,12.963823318481445,-12.441557884216309,12.745206832885742,10.683581352233887,10.814035415649414,7.104232311248779,10.893988609313965,5.649300286335631,2.1757612557848915e-05,0.10440295344221943,0.09735709828790665,0.1734109456644218,0.17415123662962273,0.0403173198825819,0.06697770304383449,0.08810723530281325,101.03158307688008,Hip-Hop,Chris Wolverine Matthew - CATCH A HAT FREESTYLE.mp3,mitad
109.95678191489361,2632.108984437859,3197.4888330089775,5623.440995821643,0.04458325270897833,0.27035871148109436,0.6394253969192505,1.4372283220291138,1.9548579454421997,0.057701438665390015,12457.43359375,-215.619140625,97.21939086914062,137.10812377929688,50.76457595825195,24.85777473449707,35.77284240722656,33.76155471801758,25.179466247558594,3.177304267883301,16.21294403076172,29.574018478393555,18.707502365112305,-4.9534783363342285,20.769107818603516,11.835494995117188,21.395294189453125,9.663118362426758,20.214113235473633,14.100513458251953,12.677369117736816,-11.970873832702637,13.371662139892578,10.406537055969238,10.821681022644043,6.39862585067749,10.873652458190918,5.747278128739813,0.00028711336199194193,0.10564390814372732,0.09381289359668309,0.16679209030829145,0.1696520989628892,0.043234215782617415,0.06489476762545565,0.032242432316415645,102.6413797746632,Hip-Hop,Chris Wolverine Matthew - CATCH A HAT FREESTYLE.mp3,final
161.4990234375,1957.923273404278,2837.5634220164375,4256.699260321933,0.03336128730892028,0.16552487015724182,0.5748726725578308,1.086708664894104,0.9366123676300049,0.07181055098772049,15054.572265625,-233.87042236328125,91.5811767578125,132.07501220703125,30.547119140625,33.554561614990234,30.764263153076172,52.009117126464844,17.7082576751709,17.56514549255371,24.87590217590332,29.83676528930664,11.20309829711914,7.000694751739502,15.343043327331543,16.509288787841797,9.425896644592285,2.328259229660034,9.481407165527344,7.738985061645508,9.048507690429688,1.129457712173462,7.854124069213867,2.8342273235321045,6.386148452758789,-0.7153050899505615,7.4312052726745605,2.6166232648919556,0.0009041447774507105,0.0989275987044242,0.1248691075572388,0.1261597569394796,0.12964026200024406,0.057848744261385095,0.04636016304477409,0.02116988154974138,104.045752514937,Hip-Hop,Coolio - Gangsta_s Paradise feat. L.V. [Official Music Video].mp3,inicio
161.4990234375,3065.012627561952,3774.650343923668,7229.672949823433,0.0549246489817144,0.19546818733215332,0.5133607387542725,1.2147598266601562,1.1631983518600464,0.07844321429729462,15655.298828125,-124.60557556152344,52.79146957397461,128.713623046875,28.042678833007812,-3.7159812450408936,19.77962303161621,51.73299026489258,15.6376371383667,-9.497797012329102,17.800655364990234,27.7413387298584,15.185317993164062,-10.025837898254395,11.11974811553955,18.61688232421875,11.231517791748047,-1.2544869184494019,10.27508544921875,13.25449275970459,8.483885765075684,-2.425553321838379,7.857324123382568,1.4194843769073486,8.793490409851074,4.648643970489502,8.561098098754883,2.261720340595008,0.0003007336345035583,0.16206312571720774,0.18809542096300028,0.2265969393768935,0.16426571668167492,0.08638638645625125,0.0697491513046597,0.0075049496140930086,48.63143145352285,Hip-Hop,Coolio - Gangsta_s Paradise feat. L.V. [Official Music Video].mp3,mitad
161.4990234375,2574.226630892154,3206.073834278541,5831.681403287055,0.049272566756965945,0.1495053768157959,0.4032147526741028,0.969984233379364,0.7573461532592773,0.0930483266711235,13868.119140625,-161.23373413085938,90.66748046875,130.02989196777344,32.78531265258789,-13.09972858428955,20.262250900268555,31.160537719726562,22.495187759399414,-27.34821891784668,15.107563972473145,-3.8109118938446045,27.021724700927734,-18.556501388549805,10.8832368850708,14.816054344177246,13.274910926818848,2.8613996505737305,8.58488655090332,2.4579665660858154,12.564240455627441,-5.406064033508301,7.528268337249756,-2.707085371017456,8.25761890411377,1.4798189401626587,5.739987373352051,2.7653899480765474,0.03853246942162514,0.16125769157268052,0.1202299180026742,0.1548943215686253,0.2042086031920644,0.06895649924756343,0.057343001517656624,0.007515125596100547,43.175615786966404,Hip-Hop,Coolio - Gangsta_s Paradise feat. L.V. [Official Music Video].mp3,final
178.20581896551724,1281.6810070039994,1588.250329030328,2394.1605228388644,0.03206972293440402,0.11244863271713257,0.3176099956035614,0.9859035015106201,1.0927104949951172,0.0981806069612503,7559.25146484375,-256.0075378417969,60.207550048828125,176.27638244628906,20.50782585144043,1.3589093685150146,27.110782623291016,15.254196166992188,28.939977645874023,8.97020435333252,16.90611457824707,0.37348148226737976,12.37867546081543,-5.967850685119629,11.608365058898926,-4.507386207580566,10.721870422363281,2.4936583042144775,10.167078018188477,-6.888104438781738,11.159246444702148,1.1417521238327026,8.030890464782715,0.09823301434516907,7.059878826141357,-2.5699386596679688,7.89735221862793,3.33645535421391,0.0019560204818844795,0.2011391395549235,0.13040626879157843,0.19652140864175602,0.13921175663580154,0.09083375282772342,0.0855068761488157,0.044457882402903146,77.94493023790467,Hip-Hop,Dance With The Devil - Immortal Technique.mp3,inicio
89.10290948275862,1728.5877653939424,2085.153260511122,3497.628850316854,0.03768212285942337,0.18254639208316803,0.40361282229423523,1.3965855836868286,1.721770167350769,0.10237349569797516,12339.3740234375,-199.62432861328125,60.29776382446289,171.60304260253906,24.422760009765625,-15.545732498168945,33.49032974243164,41.364871978759766,27.4775390625,-2.670685052871704,20.979528427124023,9.277003288269043,14.864189147949219,0.5520833730697632,13.341504096984863,-11.987398147583008,13.528135299682617,7.812622547149658,11.28853702545166,-9.261109352111816,12.419076919555664,2.5878469944000244,10.614856719970703,-2.238495111465454,9.450934410095215,-0.8250935673713684,9.384391784667969,2.138784036655028,1.666338175709825e-05,0.10506309134842005,0.058679098851159,0.10068146987150428,0.06893747807626177,0.042277999825165065,0.042256622786702114,0.01396425678256702,70.13663538105384,Hip-Hop,Dance With The Devil - Immortal Technique.mp3,mitad
89.10290948275862,1381.9296681255396,1899.2638113422279,2682.2671140310563,0.029007572138641642,0.12184898555278778,0.3820267915725708,1.1183501482009888,1.8884708881378174,0.10429548472166061,9718.87890625,-281.7769775390625,104.45645904541016,151.7077178955078,43.9818115234375,10.242877960205078,37.87898254394531,27.018388748168945,26.01458740234375,4.675198078155518,18.30821990966797,6.66781759262085,12.799771308898926,-2.6331849098205566,10.722360610961914,-5.760262966156006,11.537686347961426,3.8504042625427246,10.742301940917969,-6.4709343910217285,11.244707107543945,2.1366775035858154,9.052544593811035,-1.7469524145126343,7.751809120178223,-1.1884254217147827,8.021583557128906,2.3564232665246454,0.0001609745668247342,0.13661935170251846,0.09713330151108006,0.12779664034983435,0.09826607670386141,0.062471450804190976,0.04988138482389933,0.031720616040725624,87.37404410339947,Hip-Hop,Dance With The Devil - Immortal Technique.mp3,final
93.96306818181819,3115.824824546897,2828.707600151604,5853.214606412055,0.09290136567579334,0.03937717154622078,0.4141367971897125,1.2103465795516968,1.1977310180664062,0.09041523933410645,874.6724853515625,-260.6950988769531,75.33683776855469,122.61023712158203,39.31865692138672,-50.42372512817383,25.79950714111328,38.85986328125,24.69407844543457,-6.828924655914307,21.826679229736328,10.083436012268066,17.139270782470703,-9.055728912353516,13.3517484664917,-1.091123342514038,9.53288745880127,0.7871928811073303,9.135793685913086,-0.44949114322662354,8.911659240722656,3.0569190979003906,8.61701488494873,6.555794715881348,8.284070014953613,3.987183094024658,7.152819633483887,1.1867679308772379,0.01884797029197216,0.06266016019758877,0.06946070337314206,0.08387619462222838,0.08955186643883188,0.03371686818890688,0.03671267731387261,0.05324090222553151,10.426520873236376,Hip-Hop,Dr Dre - Nuthin_ But A G Thang [Official Music Video].mp3,inicio
93.96306818181819,3054.352673117995,3319.498033389804,6418.744520063371,0.05946298132739938,0.06200855225324631,0.5607344508171082,1.4244413375854492,1.4312546253204346,0.07881516963243484,881.6563110351562,-255.3987274169922,53.31262969970703,120.01737976074219,34.249637603759766,-35.1817512512207,24.858591079711914,70.82904052734375,20.222291946411133,-0.47916778922080994,17.089509963989258,28.61957359313965,15.02669906616211,-0.14120294153690338,10.982489585876465,20.530174255371094,11.518620491027832,-1.108193278312683,10.881675720214844,10.403185844421387,10.882760047912598,-2.215676784515381,11.27426815032959,8.346303939819336,10.029337882995605,4.260183811187744,9.78430461883545,1.8427254372267106,0.00033426101435907185,0.045059179067666884,0.06054153673404154,0.07666634580251568,0.09811801438347187,0.028475235772571907,0.029142353689839605,0.022586165135942873,40.9773180127762,Hip-Hop,Dr Dre - Nuthin_ But A G Thang [Official Music Video].mp3,mitad
93.96306818181819,3503.4137212533133,3491.742100035045,7108.523682396479,0.08481146750435371,0.04308123141527176,0.5525027513504028,1.069580316543579,1.0568468570709229,0.06749406456947327,726.5670776367188,-316.14532470703125,141.90733337402344,104.3333969116211,40.66451644897461,-43.855838775634766,29.06735610961914,45.17673110961914,24.816503524780273,-4.069658279418945,16.047109603881836,22.54875946044922,15.540668487548828,3.3731393814086914,10.986303329467773,22.939239501953125,10.388486862182617,6.081691265106201,9.408720016479492,13.999798774719238,8.74612045288086,5.876674175262451,7.371603965759277,7.565168380737305,8.39700698852539,4.367351531982422,9.262734413146973,2.5453933221923064,0.00832807831466198,0.047965965051111524,0.06102228992945428,0.07822736977906698,0.09367194522153896,0.026676578362395006,0.029524083105473522,0.017622442751004375,35.87657726201084,Hip-Hop,Dr Dre - Nuthin_ But A G Thang [Official Music Video].mp3,final
123.046875,1760.2776691911376,1734.5027459539663,3534.795292243131,0.038199315499226005,0.12866690754890442,0.4668131172657013,0.9576234817504883,1.0643795728683472,0.09250050783157349,7775.7138671875,-220.3752899169922,78.88695526123047,147.7703399658203,30.958351135253906,-58.71971893310547,32.95505905151367,2.1746504306793213,36.299652099609375,0.2708653211593628,29.351015090942383,-24.00278663635254,30.47005271911621,-8.6587553024292,17.878864288330078,-8.285431861877441,17.61969566345215,-14.071374893188477,16.7935791015625,-0.5309004187583923,13.169127464294434,-3.803861618041992,14.314159393310547,-1.4674863815307617,12.975232124328613,5.058733940124512,11.098773002624512,3.956723450809925,7.423193892464042e-06,0.1833089172455537,0.11248641074229888,0.1943287379823239,0.15516651399366685,0.053208192388535275,0.08451577951955919,0.095721486952826,61.4829929419995,Hip-Hop,Elijah_K - Blues Ignition.mp3,inicio
123.046875,1759.1122073863853,1994.0414234457376,3635.753015098926,0.033836341125677245,0.14904454350471497,0.5640406012535095,1.1913574934005737,1.7029657363891602,0.0910201370716095,8479.9013671875,-222.15830993652344,66.03330993652344,152.78196716308594,27.125734329223633,-47.1605224609375,42.834354400634766,18.715248107910156,31.87042236328125,7.1166486740112305,19.996919631958008,-7.966115951538086,35.04158401489258,-0.8944292068481445,18.395702362060547,-3.5805013179779053,18.6668643951416,-9.520071029663086,17.464580535888672,0.6582316756248474,12.157155990600586,-2.041203022003174,14.10595417022705,-0.7128142714500427,12.252401351928711,5.171792030334473,10.6654691696167,3.629738857726519,2.4895731257856824e-05,0.18254231821879055,0.10933665468749768,0.18988164417710057,0.15353715572340498,0.048907357896522244,0.0817608860002669,0.06348573590593842,84.97251500878185,Hip-Hop,Elijah_K - Blues Ignition.mp3,mitad
123.046875,1680.9201077225653,2089.0045515635716,3518.495390806405,0.027121529121517027,0.19006796181201935,0.5993759036064148,1.2523901462554932,1.793008804321289,0.08202625811100006,10738.21484375,-203.59817504882812,76.70123291015625,149.52223205566406,25.44978904724121,-40.26919937133789,41.44087600708008,25.019119262695312,33.588130950927734,8.26662540435791,18.53169059753418,2.734558343887329,32.75246047973633,1.5868853330612183,18.613750457763672,1.6592354774475098,17.762605667114258,-4.759851932525635,17.070743560791016,2.498495578765869,12.058128356933594,1.1403143405914307,13.527847290039062,1.9657118320465088,11.354357719421387,6.957111358642578,9.281136512756348,3.7906411869098338,1.4738136087544262e-05,0.15787962273773043,0.1104189433900497,0.13170249464088057,0.16599055378218447,0.04417359777463564,0.06234756856256789,0.04510005815707958,95.04514618522866,Hip-Hop,Elijah_K - Blues Ignition.mp3,final
151.99908088235293,1054.796660579029,1580.07664870151,2154.2453069066855,0.014371795181888546,0.22341415286064148,0.7077744007110596,1.1218258142471313,1.7334609031677246,0.06073019653558731,7497.84912109375,-254.58250427246094,85.0367202758789,155.02584838867188,30.979751586914062,3.869863271713257,42.550086975097656,18.85966682434082,23.245603561401367,10.260235786437988,18.21523666381836,10.07541561126709,17.134366989135742,11.960132598876953,12.067183494567871,11.355859756469727,11.406923294067383,11.21732234954834,10.799560546875,10.266651153564453,10.07958698272705,7.417243003845215,10.70726490020752,5.9630937576293945,8.891012191772461,7.791184902191162,9.186047554016113,8.547702433795187,7.764236215734854e-06,0.2364446114695164,0.11720653938777978,0.08429934177524284,0.25666124859237277,0.10580851066899657,0.05200961921653652,0.01784701225535036,236.89659107880138,Hip-Hop,Elijah_K - Cairo.mp3,inicio
151.99908088235293,1179.9593555567635,1755.2595797827253,2404.5104602542087,0.017064144736842105,0.21801818907260895,0.7248523831367493,1.1292856931686401,1.7027311325073242,0.04919130727648735,6987.4765625,-242.10012817382812,98.01545715332031,151.6275177001953,34.07443618774414,-0.09697673469781876,42.184486389160156,24.263900756835938,19.294178009033203,9.037033081054688,19.308195114135742,12.318050384521484,15.99417495727539,11.567913055419922,13.42343521118164,11.188522338867188,11.155813217163086,12.44308090209961,9.928499221801758,8.534287452697754,9.650596618652344,7.076692581176758,9.194746971130371,5.4843597412109375,8.50424575805664,6.628727912902832,8.358833312988281,7.597953596161127,1.7511669284431264e-05,0.26085018267814136,0.11701227941221252,0.07366034248783049,0.26570106895289014,0.11579150066454401,0.06820319831378795,0.05107332745613944,186.6542277532199,Hip-Hop,Elijah_K - Cairo.mp3,mitad
151.99908088235293,1324.2363747698512,1986.615316869991,2789.816463694853,0.015224397736068112,0.2152506411075592,0.7462084293365479,1.2137136459350586,1.4765139818191528,0.03747330605983734,6360.060546875,-198.12710571289062,59.88283157348633,171.16322326660156,22.7937068939209,-14.010128021240234,26.697174072265625,23.17612075805664,16.561616897583008,7.699252128601074,12.843703269958496,10.781846046447754,11.31247329711914,9.03708553314209,8.435583114624023,7.3108673095703125,7.009007453918457,9.021552085876465,6.452498435974121,7.028079986572266,6.232694625854492,7.182251453399658,6.47257137298584,4.426261901855469,5.461856842041016,7.021442890167236,6.063600540161133,6.674166614107621,1.4940944311092608e-05,0.20431488649968801,0.10194015941683766,0.0654954754690325,0.22232062832389898,0.09273448003848671,0.05999949314434085,0.021765127597516837,162.8928692625338,Hip-Hop,Elijah_K - Cairo.mp3,final
120.18531976744185,2793.425887763988,2495.259995549453,5316.026188050261,0.07697175678453948,0.20791687071323395,0.5868786573410034,1.4776461124420166,2.220128059387207,0.07648830115795135,18174.544921875,-195.4967041015625,88.63204956054688,111.89392852783203,58.61407470703125,-30.02628517150879,41.99532699584961,16.247835159301758,36.555660247802734,-9.705087661743164,29.776920318603516,17.51392364501953,18.969675064086914,5.5219292640686035,18.12523651123047,8.902310371398926,15.831938743591309,2.1360678672790527,12.966400146484375,1.6068096160888672,10.318487167358398,0.7000622749328613,9.614490509033203,1.8703970909118652,8.588171005249023,-0.9205120205879211,8.466014862060547,4.820816988020985,0.00023943930864334106,0.11310258716250896,0.07305636022398075,0.1346562047626123,0.12318839766168163,0.0696458843668326,0.05678600478717727,0.039787798917491624,61.868220764526825,Hip-Hop,Elijah_K - No Mercy.mp3,inicio
120.18531976744185,3148.6097280652366,2619.058329780282,5853.872935764561,0.09165685317095588,0.15030036866664886,0.5633800029754639,1.5568524599075317,2.352897882461548,0.07869712263345718,15085.4638671875,-202.325927734375,84.7099838256836,104.1885757446289,62.148433685302734,-36.321014404296875,35.98365020751953,13.36525821685791,39.872013092041016,-14.039628028869629,29.21894645690918,17.864789962768555,19.496471405029297,4.302102565765381,17.84048843383789,8.267769813537598,16.354167938232422,0.9150866866111755,12.849767684936523,0.5526179671287537,9.928122520446777,-0.7681172490119934,9.324799537658691,0.6857312321662903,8.2752103805542,-2.4009292125701904,7.7341837882995605,3.349990727322748,0.0003297226794529706,0.12995491724609393,0.08316650723100459,0.13244293084043068,0.13141249810540265,0.07654988726504552,0.0577463931754025,0.0396153694853454,42.13941617440074,Hip-Hop,Elijah_K - No Mercy.mp3,final
95.703125,1580.4724617926358,2311.5666091546314,3538.8119346217104,0.016816035881869196,0.2568984031677246,0.7403300404548645,0.9583039283752441,1.1343224048614502,0.034667015075683594,5747.58203125,-180.45602416992188,92.36309814453125,150.24990844726562,19.96628761291504,-14.18064022064209,31.283632278442383,38.6864128112793,20.782459259033203,14.997662544250488,24.31511116027832,26.137529373168945,8.673934936523438,7.583874702453613,10.193270683288574,13.276450157165527,7.797779083251953,8.041396141052246,8.094464302062988,11.244828224182129,6.266648292541504,7.755263805389404,7.8764872550964355,9.223175048828125,5.530235290527344,5.9984211921691895,6.386776924133301,6.236385030744159,2.180430237785913e-05,0.276489850342967,0.13434585658799486,0.2638141936154317,0.20438061677106784,0.15586854562062322,0.047084742091518854,0.060310771130610466,109.94041043159895,Hip-Hop,Elijah_K - Noisy Youth.mp3,inicio
95.703125,2219.954122308839,3010.247507191918,5052.119450524865,0.025574486322078174,0.22890497744083405,0.693005383014679,1.1702603101730347,1.2140467166900635,0.04023855924606323,5991.3095703125,-133.2413787841797,54.85588836669922,143.33255004882812,17.44440460205078,-30.749570846557617,15.233613967895508,44.939090728759766,15.331137657165527,-1.499037504196167,12.299149513244629,24.340097427368164,9.012415885925293,3.6335411071777344,10.884267807006836,13.570756912231445,8.842915534973145,5.831945419311523,7.948561668395996,10.289519309997559,6.791853904724121,5.047458648681641,6.856593608856201,7.6926798820495605,5.806467056274414,2.945565700531006,5.885005950927734,4.466890924455872,3.959431342082098e-05,0.21085775756999248,0.11113043058124045,0.20962648243598186,0.171002794283203,0.12258914394978597,0.042733637827843604,0.013894429933203169,74.70505266782457,Hip-Hop,Elijah_K - Noisy Youth.mp3,final
120.18531976744185,2076.150967551047,2121.7071097671956,3946.5011360475523,0.05637305292182663,0.1392919272184372,0.5675439238548279,1.2395397424697876,2.228637218475342,0.08138220757246017,8609.75390625,-243.4801483154297,109.01927185058594,133.28701782226562,61.3173942565918,-1.5886039733886719,44.65666198730469,12.661762237548828,31.932701110839844,-0.06315948069095612,24.053913116455078,6.376221656799316,17.981660842895508,-0.14731109142303467,13.371376037597656,-2.7194936275482178,12.012720108032227,-0.1926514208316803,10.812667846679688,-0.06668459624052048,8.598493576049805,0.20218174159526825,7.648548126220703,0.1353585422039032,7.424899101257324,-1.9826582670211792,8.197938919067383,2.698357491999641,0.00011640142474789172,0.08834221841737408,0.12420207446861871,0.16073961129911116,0.11732013034113689,0.059891773816164416,0.05157011754043872,0.0066427810209121595,70.61163342363193,Hip-Hop,Elijah_K - Post Truth.mp3,inicio
95.703125,2222.6272799317167,2266.9670516418428,4289.3157297612715,0.0569244479247291,0.1206752210855484,0.5384041666984558,1.4167819023132324,2.6877601146698,0.08059999346733093,7800.86181640625,-246.4059295654297,133.34243774414062,118.40604400634766,58.517086029052734,-12.733546257019043,42.88029098510742,9.953197479248047,33.345455169677734,-6.044485569000244,21.542844772338867,10.5858736038208,18.082304000854492,-2.222990036010742,13.791596412658691,-2.483060121536255,14.511314392089844,-3.401313066482544,10.946518898010254,-2.143869161605835,9.197652816772461,-2.9680068492889404,8.534908294677734,-2.326078176498413,8.01205825805664,-3.583317756652832,8.390380859375,2.1596640245078755,0.00012889222125522792,0.07489611946320712,0.10755826526453156,0.14479898010781236,0.10914888582570156,0.056332655237991726,0.048318595765459584,0.09354255302752186,45.18939558685087,Hip-Hop,Elijah_K - Post Truth.mp3,final
129.19921875,1271.3570388649425,1527.0368533324795,2213.719947271672,0.04614031056501548,0.0263832900673151,0.39191439747810364,0.8605112433433533,0.8509954810142517,0.08183646202087402,33.615081787109375,-433.4739685058594,72.79287719726562,202.62001037597656,56.49137496948242,-15.165164947509766,21.575626373291016,18.546419143676758,18.395309448242188,8.623515129089355,14.468585968017578,1.4384498596191406,12.161796569824219,-7.753912448883057,8.271507263183594,-0.3222251534461975,8.149767875671387,-7.021113872528076,7.829545497894287,-12.09889030456543,8.229893684387207,-3.0279135704040527,9.694732666015625,-8.85139274597168,8.970876693725586,-6.03523063659668,8.783430099487305,8.316820483479493,0.008897894993424416,0.14979651719965945,0.14827090170829912,0.19833071202625474,0.23074507680925943,0.08557700503828389,0.061878349489597397,0.07894346861898402,141.55597303596699,Hip-Hop,Eminem - Lose Yourself [HD].mp3,inicio
172.265625,2357.301297385651,2510.9524065803976,4892.062085036523,0.05568560431985294,0.13364212214946747,0.5287695527076721,1.31187903881073,1.4207241535186768,0.08101207762956619,4000.61962890625,-184.7552490234375,50.838863372802734,159.78269958496094,27.874361038208008,-50.36516189575195,25.873592376708984,50.193050384521484,25.256746292114258,-0.22324033081531525,21.565994262695312,24.0064640045166,19.40262794494629,0.9262974262237549,13.350129127502441,7.029954433441162,12.089128494262695,21.919050216674805,11.938494682312012,-5.196463584899902,10.97330379486084,7.735687732696533,12.065608978271484,3.1767737865448,12.606810569763184,8.598994255065918,10.913729667663574,2.0693154887832255,3.128972093691118e-05,0.05560350852080973,0.03843233267025025,0.0394891984136641,0.06242187437616739,0.029345866093418826,0.017870350285813862,0.0220533563597541,46.890022946911934,Hip-Hop,Eminem - Lose Yourself [HD].mp3,mitad
172.265625,1253.935587189932,1654.951250030106,2711.2086056924827,0.022734745368130804,0.11073767393827438,0.6781231164932251,1.1344366073608398,2.2493374347686768,0.04780033603310585,3829.503662109375,-282.7858581542969,90.66204833984375,176.75645446777344,36.334957122802734,-16.074771881103516,38.17341995239258,14.37839412689209,38.274967193603516,19.369600296020508,20.613117218017578,20.975908279418945,10.432536125183105,15.132129669189453,9.841476440429688,18.302541732788086,10.646453857421875,16.45709228515625,6.9875168800354,4.119627952575684,7.971203804016113,8.247922897338867,7.806899547576904,3.0489437580108643,7.759552001953125,5.358137607574463,6.414990425109863,3.4897094729209486,2.395275078015402e-05,0.04607400163305542,0.03535273877683096,0.037721396352461495,0.0609337618015211,0.02822957828371212,0.015615362593334476,0.01285236996763573,109.13004865306624,Hip-Hop,Eminem - Lose Yourself [HD].mp3,final
101.33272058823529,2863.5879813362685,3114.5733159568813,5724.898715654025,0.06904002092202012,0.09099765866994858,0.5082046389579773,1.4817208051681519,2.0805106163024902,0.08691045641899109,3626.41845703125,-223.16195678710938,93.84071350097656,132.42774963378906,40.5632209777832,-23.492229461669922,35.494422912597656,41.164520263671875,25.826282501220703,-9.157647132873535,22.554391860961914,20.271944046020508,17.2537841796875,-6.18776798248291,13.66264820098877,5.439971923828125,13.01168155670166,-4.267646789550781,11.092650413513184,0.5772867798805237,9.669346809387207,0.008201303891837597,8.067679405212402,-0.7417584657669067,8.013611793518066,-0.009859303943812847,8.6419095993042,1.4690778678079361,0.0028513914439827204,0.046426050532933014,0.05141641986805875,0.06949276646763376,0.08184335215100197,0.031166282247588082,0.026637958781993633,0.027101653684444994,32.78462106768004,Hip-Hop,Grandmaster Flash & The Furious Five - The Message Official Video.mp3,inicio
101.33272058823529,2595.5763154879774,3092.8799077698104,5418.175570366921,0.05308887021091331,0.13501320779323578,0.4704352617263794,1.4628876447677612,1.572317123413086,0.0923309177160263,3704.831787109375,-185.3645477294922,69.37644958496094,142.70513916015625,33.28394317626953,-19.19873809814453,31.188396453857422,50.535499572753906,23.824378967285156,-13.194594383239746,21.338329315185547,33.063499450683594,15.626616477966309,-8.867916107177734,13.924521446228027,4.063274383544922,12.024691581726074,-5.365604877471924,10.58084774017334,-0.9304395914077759,10.205565452575684,-1.4747389554977417,8.296613693237305,-4.489160537719727,8.599053382873535,0.24888728559017181,8.16830825805664,1.8032078182610565,0.0002968948392663151,0.06580007008943829,0.06357501396174327,0.10697383081408088,0.09207012262298976,0.032573528140384174,0.0358936311919494,0.03080613599288594,42.80370765237286,Hip-Hop,Grandmaster Flash & The Furious Five - The Message Official Video.mp3,mitad
101.33272058823529,2357.9501184172454,2687.298245328555,4619.738731738584,0.056431064664763934,0.13905063271522522,0.4201327860355377,1.2605112791061401,0.9203987717628479,0.0938393771648407,4329.50390625,-150.78675842285156,67.47484588623047,162.23619079589844,20.403322219848633,-48.820796966552734,26.204240798950195,31.61187171936035,16.753738403320312,-19.18930435180664,16.195919036865234,20.078853607177734,14.388900756835938,-12.230481147766113,10.222001075744629,1.9803895950317383,10.353143692016602,-3.319352865219116,9.010209083557129,1.1287598609924316,8.673688888549805,2.8529183864593506,9.427913665771484,0.22931787371635437,8.117624282836914,1.7621079683303833,7.475717067718506,1.2478871282124524,0.0002094290393870324,0.048714493907842944,0.04309889155544726,0.06781495804417148,0.07358575175461814,0.026566334080032866,0.025638842007582752,0.07705193036765569,23.473374611586735,Hip-Hop,Grandmaster Flash & The Furious Five - The Message Official Video.mp3,final
161.4990234375,2103.6956023226585,3006.6538402635074,4280.1657850897345,0.03944174940741099,0.028890468180179596,0.48110559582710266,1.0702334642410278,1.0693278312683105,0.08715066313743591,538.5443725585938,-335.1741638183594,58.58067321777344,151.92108154296875,29.128284454345703,-4.652342319488525,18.98706817626953,24.872663497924805,21.801292419433594,8.364516258239746,16.26521873474121,21.912994384765625,9.480441093444824,-5.84774923324585,8.75113582611084,6.074812889099121,8.659063339233398,-1.6016322374343872,7.68079137802124,4.144867420196533,7.178002834320068,0.5875860452651978,6.610170364379883,0.09168335795402527,7.110280990600586,0.5799188613891602,6.591770648956299,2.2875155177427002,0.010761095210909843,0.06676852164583122,0.09308589355624686,0.0896459284927141,0.09325641720873436,0.03565929908849911,0.038709884317284685,0.05705956907443769,77.2299172227823,Hip-Hop,Ice Cube - It Was A Good Day.mp3,inicio
166.70866935483872,2051.065102050912,2827.964056953431,4212.25786238632,0.03994080156733746,0.06368111819028854,0.4420988857746124,1.225330114364624,1.483093500137329,0.09025909006595612,1596.1126708984375,-271.26312255859375,59.72161865234375,159.33718872070312,32.00167465209961,-2.4653713703155518,23.600391387939453,36.00635528564453,23.910526275634766,0.44656628370285034,21.52330780029297,23.538541793823242,12.759004592895508,-8.740574836730957,10.747994422912598,0.7631168961524963,10.428535461425781,-5.12895393371582,9.168158531188965,1.1886448860168457,8.52773380279541,-1.6119747161865234,9.202741622924805,-1.9755747318267822,8.606356620788574,0.7672094702720642,8.249425888061523,1.7514439723863842,0.000228855264140293,0.07532218426571605,0.0761940751717645,0.10099600092273985,0.0940172839481916,0.040346300617472255,0.037345824013403944,0.0330076664996407,72.85842331906795,Hip-Hop,Ice Cube - It Was A Good Day.mp3,mitad
135.99917763157896,1892.0096563884267,2761.7380398833516,4115.000117157266,0.03132067228618421,0.21861889958381653,0.6487248539924622,1.371016263961792,1.1772197484970093,0.0540502592921257,10257.0751953125,-128.0699920654297,61.23185348510742,173.6248321533203,22.441545486450195,-17.733936309814453,14.6320161819458,46.9969367980957,11.040536880493164,-11.120000839233398,14.732462882995605,24.23003578186035,9.226197242736816,-4.498583793640137,8.215725898742676,11.65688419342041,7.881255626678467,-2.142000198364258,7.463607311248779,2.867536783218384,6.695831775665283,-1.6842728853225708,6.418816089630127,-0.46053650975227356,6.084202766418457,-0.431833416223526,5.631655216217041,1.6587879937779302,0.00012828240869566798,0.08180911188969442,0.09087113103250274,0.06345682561644919,0.08113090219652888,0.03520619623840362,0.037976086667586104,0.04890537541381985,77.44114971276781,Hip-Hop,Ice Cube - It Was A Good Day.mp3,final
93.75,3051.625434694889,3136.282806169732,6174.627288482047,0.06255190049546747,0.16519607603549957,0.46881967782974243,1.4128336906433105,2.0124716758728027,0.0987054631114006,10907.5732421875,-185.95590209960938,98.94185638427734,113.84716033935547,37.181365966796875,-22.312732696533203,42.073482513427734,48.7822265625,32.86883544921875,1.0748546123504639,22.98323631286621,27.282377243041992,24.311891555786133,-12.37585163116455,14.556743621826172,2.2288472652435303,18.890331268310547,-3.0000386238098145,14.229634284973145,-4.35153865814209,13.28669261932373,-2.6736090183258057,13.980474472045898,-4.399486064910889,10.959733009338379,-2.1434030532836914,11.37955093383789,2.3294860151181997,0.002369442256167531,0.09707463482764944,0.19060854929995746,0.14819280448881206,0.1750148589575048,0.07890391341554362,0.0870025218019251,0.04565043364073128,31.881758808646982,Hip-Hop,Ketsa - 1984 by Ketsa X The Conscious MC.mp3,inicio
93.75,4732.362907401438,4384.385030256839,9940.28283860647,0.09428671014041948,0.2237381935119629,0.5229328274726868,1.347981333732605,1.4747977256774902,0.08892502635717392,12127.828125,-113.2384033203125,48.853702545166016,85.59193420410156,32.77239990234375,-27.085357666015625,25.913463592529297,65.11884307861328,25.712207794189453,-10.084287643432617,23.18889045715332,42.16100311279297,19.984941482543945,-29.414268493652344,16.053794860839844,16.128190994262695,18.1417179107666,-2.9876914024353027,14.750137329101562,3.0056121349334717,14.767973899841309,-2.079258918762207,14.413229942321777,-0.31962040066719055,13.156522750854492,-6.827154159545898,11.194300651550293,2.262336923740468,0.00025378522695973516,0.09660799333416194,0.14351438781330078,0.13366164654890644,0.13480493025403342,0.0580111917493708,0.05352573758580563,0.06935264632257188,26.016585403617235,Hip-Hop,Ketsa - 1984 by Ketsa X The Conscious MC.mp3,mitad
93.75,3763.26976377223,4095.6405894988666,8228.112224493423,0.07148642324697832,0.25722402334213257,0.5363366603851318,1.3285996913909912,1.9102084636688232,0.08578810840845108,11050.4140625,-128.30422973632812,69.50807189941406,107.43199157714844,37.410335540771484,-13.709293365478516,33.46833801269531,59.680511474609375,29.125324249267578,0.6431318521499634,24.23451805114746,37.95140838623047,24.912818908691406,-23.257299423217773,14.839463233947754,21.05843734741211,13.879581451416016,1.2616910934448242,15.120796203613281,5.473371982574463,13.23801040649414,4.7256855964660645,12.885843276977539,6.207802772521973,11.244044303894043,-2.4978015422821045,10.390170097351074,2.587957971159554,0.00016247159510385245,0.10441779763333525,0.25223597719344254,0.14477869829045273,0.239514497079892,0.06662302718434891,0.12128345549682124,0.025903710146478076,39.91656788772806,Hip-Hop,Ketsa - 1984 by Ketsa X The Conscious MC.mp3,final
93.96306818181819,4073.7047159556428,3848.1658961345042,8622.322861993276,0.07953504438370743,0.07993688434362411,0.3255157768726349,1.2001477479934692,1.1759424209594727,0.11436539888381958,6120.84326171875,-258.609130859375,77.819091796875,75.83130645751953,36.89028549194336,-33.1882209777832,22.380048751831055,24.086349487304688,27.211000442504883,-24.378801345825195,18.57365608215332,22.259931564331055,17.434494018554688,-16.35577964782715,22.88559913635254,10.207969665527344,13.160880088806152,-8.92741870880127,10.423371315002441,-7.849299430847168,15.868575096130371,2.2220776081085205,11.52710247039795,-7.952376842498779,13.471270561218262,-9.035649299621582,13.558314323425293,3.407286932810938,0.001891551772132516,0.2466363373584577,0.20461181754413316,0.2768524340350254,0.3023287803487103,0.12520948285563502,0.11420082160168656,0.03594315824346134,28.896710185919385,Hip-Hop,KRS-One - Step Into A World Rapture_s Delight Official Video.mp3,inicio
93.96306818181819,3618.147648626405,3466.762012498838,7397.763600068934,0.0848728805872678,0.11593401432037354,0.39374005794525146,1.3442295789718628,1.5237783193588257,0.10749388486146927,6275.3115234375,-180.70358276367188,52.254634857177734,98.34976959228516,26.600812911987305,-46.60858917236328,18.161508560180664,43.94292449951172,23.43202018737793,-14.658748626708984,12.961041450500488,34.59605407714844,13.738954544067383,-0.540410578250885,16.43712615966797,14.541481018066406,10.72320556640625,-9.26091194152832,9.902127265930176,0.6644850373268127,10.96597671508789,-1.6282764673233032,11.129033088684082,1.7147356271743774,9.789327621459961,-0.4053439199924469,8.996520042419434,2.3302959781438592,0.0004864502989221364,0.11606936530828632,0.15260096670304144,0.15776432139730903,0.1500624892163605,0.07502460281093848,0.0520432633606657,0.02798503772003566,24.030356148828375,Hip-Hop,KRS-One - Step Into A World Rapture_s Delight Official Video.mp3,mitad
93.96306818181819,3756.7411320170354,3640.649245468937,7925.010411879595,0.0790662263569079,0.08459220826625824,0.35270243883132935,1.1596895456314087,1.5305882692337036,0.11267358064651489,5537.9150390625,-247.1509246826172,112.3794174194336,80.89888763427734,32.735774993896484,-36.342838287353516,20.83281898498535,35.16700744628906,27.48020362854004,-14.333465576171875,13.111189842224121,30.78253746032715,16.24650001525879,-2.1667819023132324,16.001495361328125,11.94282341003418,12.434767723083496,-8.798700332641602,9.322819709777832,-4.844549655914307,11.905792236328125,0.4798681437969208,10.453274726867676,-0.5468299984931946,9.226228713989258,-4.360076427459717,9.889952659606934,2.7148551679031034,0.0229786429554224,0.1961902167188712,0.16278191558639438,0.2608555084077677,0.194252374069802,0.07966457448685997,0.0929893684982936,0.009484356987823794,25.091243764368507,Hip-Hop,KRS-One - Step Into A World Rapture_s Delight Official Video.mp3,final
93.96306818181819,4782.695201857795,3627.218041753659,8866.69638430002,0.15679648195626936,0.08480332046747208,0.5592207908630371,1.312965750694275,1.7066009044647217,0.07504114508628845,3623.7431640625,-183.6251678466797,79.98589324951172,91.0085678100586,49.29331588745117,-47.22290802001953,32.185569763183594,43.25628662109375,20.175222396850586,-24.04780387878418,19.38140869140625,27.551240921020508,18.657501220703125,-10.299101829528809,21.29511070251465,11.700460433959961,18.189041137695312,-9.559642791748047,16.661346435546875,5.536312103271484,13.812419891357422,-4.18680477142334,13.017385482788086,5.5644145011901855,8.951900482177734,-1.2367404699325562,8.694925308227539,1.332415183919469,0.008524587377905846,0.06681768632891567,0.11989589838528174,0.11888360474039728,0.09480116068000252,0.052383664730058135,0.039881322257934074,0.062215054076330614,11.88358533237614,Hip-Hop,"Mobb Deep - Shook Ones, Pt. II Official HD Video.mp3",inicio
93.96306818181819,4212.018234024364,3756.6021824205964,8506.615228328174,0.11336307112277477,0.1371447741985321,0.5804728269577026,1.271683692932129,1.2574365139007568,0.0682651624083519,4286.23974609375,-114.38533020019531,46.46516036987305,112.65449523925781,33.2688102722168,-41.126495361328125,18.858232498168945,59.76166915893555,16.384319305419922,-20.140329360961914,16.155029296875,34.308834075927734,15.153444290161133,-11.864959716796875,16.01460838317871,23.208744049072266,15.07863998413086,-8.12205696105957,12.44078254699707,12.931927680969238,11.854395866394043,-4.504275798797607,10.275932312011719,10.251871109008789,8.11063003540039,0.6169530749320984,8.324830055236816,1.4087069592805799,0.000843144953250885,0.0410795669898667,0.05732077155597261,0.06641816705901692,0.06173928625126518,0.03203816095537045,0.021296801381924496,0.027149682473265754,17.300072682321677,Hip-Hop,"Mobb Deep - Shook Ones, Pt. II Official HD Video.mp3",mitad
132.51201923076923,4330.502971914625,3903.786650648619,8735.430511380127,0.12293519767076239,0.0661969855427742,0.3998933434486389,1.0735868215560913,1.1084657907485962,0.0964081734418869,1722.2799072265625,-248.75384521484375,151.43495178222656,97.542724609375,48.81570816040039,-21.06643295288086,20.617258071899414,44.31087112426758,25.60475730895996,-27.954608917236328,18.475475311279297,17.329513549804688,17.440860748291016,-18.47586441040039,14.893780708312988,6.318853855133057,14.12429428100586,-11.628157615661621,12.47616958618164,4.360097408294678,10.801077842712402,-8.626827239990234,9.439772605895996,-1.0170226097106934,9.589859008789062,-2.7995223999023438,8.045223236083984,1.5547255384822147,0.014778165146708488,0.08162004778380907,0.12484664898138706,0.15306078288851743,0.11249720388599312,0.056738982766185976,0.04540542841495184,0.05815452972107188,10.434264308321257,Hip-Hop,"Mobb Deep - Shook Ones, Pt. II Official HD Video.mp3",final
112.5,2630.245755707841,2695.7166714675254,5165.931612157839,0.061762457507554214,0.11951510608196259,0.42661288380622864,1.3468754291534424,1.5479694604873657,0.09261008352041245,8039.74169921875,-230.24810791015625,80.88568878173828,135.89707946777344,41.28499221801758,-18.6998291015625,33.69318389892578,32.44736862182617,33.795780181884766,-6.317553997039795,40.81428909301758,22.713088989257812,17.886327743530273,-7.672209739685059,16.01126480102539,-1.624141812324524,18.497007369995117,9.081607818603516,12.459388732910156,-9.232823371887207,15.233076095581055,-1.3017791509628296,11.917562484741211,-6.386821746826172,12.628484725952148,1.2997019290924072,15.010191917419434,2.202551756351879,0.0014483805280178785,0.15090905961373532,0.27219494541024164,0.2952308145940673,0.19883480608319903,0.12163420082559341,0.10523450437054305,0.021622221512644046,33.11521829172598,Hip-Hop,MOHMOHRAP - 3560.mp3,inicio
112.5,2562.9063636181527,2749.981924603215,5243.409504976893,0.054991786182456454,0.18179158866405487,0.4361298680305481,1.5077329874038696,1.376946210861206,0.09828180074691772,7369.48828125,-177.7294464111328,52.27414321899414,159.507080078125,40.08040237426758,-24.982385635375977,25.715682983398438,40.94540023803711,32.70173645019531,-3.249878406524658,30.1026668548584,36.55430603027344,19.451215744018555,-8.059022903442383,16.62751579284668,-7.173740863800049,17.62053680419922,18.226032257080078,14.552587509155273,-8.020194053649902,12.80250358581543,3.100097417831421,13.931432723999023,2.8363797664642334,13.426838874816895,4.125245571136475,13.015434265136719,2.459654919202091,3.328678212710656e-05,0.08756577586828393,0.17922954729556678,0.19658373941313378,0.15869839362553395,0.07908698373812405,0.0761445262695807,0.06873432355091628,49.414129071890336,Hip-Hop,MOHMOHRAP - 3560.mp3,mitad
140.625,2724.95105514749,2807.5175076516484,5509.387220049769,0.057813506765463915,0.1427440196275711,0.5075266361236572,1.4584736824035645,1.7520153522491455,0.10382012277841568,8154.74853515625,-244.8189239501953,113.29015350341797,122.79605102539062,53.10490036010742,-13.990799903869629,36.91071319580078,47.23540115356445,33.36628723144531,-9.497116088867188,31.153148651123047,24.839412689208984,21.497516632080078,5.450216293334961,19.058237075805664,-3.1965126991271973,18.469608306884766,11.82615852355957,13.173903465270996,0.047103431075811386,14.507417678833008,8.72507095336914,14.565713882446289,3.270867109298706,14.298871040344238,8.056295394897461,13.601363182067871,2.4857364940399274,2.0646064513130113e-05,0.10032654037194548,0.21821794248159926,0.24245243199578148,0.1088325335633355,0.09851092559253742,0.04564710809266771,0.02404201824840719,51.450707241551996,Hip-Hop,MOHMOHRAP - 3560.mp3,final
156.25,2380.5050447336466,2673.1169075060175,4913.818099004621,0.044466921158460716,0.12325326353311539,0.4805103838443756,1.4954750537872314,2.023373603820801,0.1073371171951294,3655.731689453125,-285.2659606933594,117.57746124267578,147.67654418945312,56.762020111083984,0.08797463774681091,47.94197463989258,31.594266891479492,36.1754150390625,-13.409399032592773,34.40060806274414,22.93269920349121,28.146350860595703,-5.608160495758057,18.886383056640625,-7.392512798309326,20.87207794189453,3.1883738040924072,17.979768753051758,-7.374109268188477,16.75292205810547,-3.5918045043945312,14.735736846923828,-0.47946980595588684,14.746524810791016,-3.089611768722534,14.644320487976074,2.9046299023689386,0.0004558200016617775,0.11571939640617586,0.09665801245209076,0.09752463671533464,0.16083418235237887,0.06657635941885172,0.0532186522437523,0.02264862130678967,56.602494388787676,Hip-Hop,MOHMOHRAP - Beep.mp3,inicio
156.25,2221.4466628948876,2423.810946227492,4442.268596693921,0.044760792525773196,0.14459174871444702,0.4538157880306244,1.6334171295166016,1.8855913877487183,0.10877185314893723,3560.171142578125,-246.3881378173828,83.98086547851562,165.08837890625,52.06078338623047,-17.15774154663086,40.432762145996094,28.13298988342285,37.530174255371094,-9.444992065429688,35.48259735107422,26.967660903930664,25.458341598510742,-8.328723907470703,16.076242446899414,-11.208833694458008,21.83608055114746,6.681350231170654,16.907489776611328,-10.59650707244873,17.101594924926758,-5.565168380737305,15.502445220947266,3.020587682723999,16.633647918701172,-2.3374128341674805,14.925920486450195,2.639820455503808,1.3326875887287315e-05,0.10747028600912396,0.08062501856121174,0.09357132898666361,0.14161940334286083,0.0614703989880166,0.04014951885326113,0.04812313288842488,53.49616284255779,Hip-Hop,MOHMOHRAP - Beep.mp3,mitad
156.25,2108.088483106211,2538.527894158443,4311.241890330608,0.040142342750177744,0.0991034284234047,0.580851674079895,1.4198566675186157,2.3157639503479004,0.10874739289283752,3125.218994140625,-365.6590270996094,121.88680267333984,117.7406005859375,56.91282272338867,30.88977813720703,56.69161605834961,39.28759002685547,38.324825286865234,-12.019126892089844,34.08623123168945,10.854954719543457,23.180225372314453,2.6914405822753906,18.449718475341797,5.663951873779297,18.177854537963867,-3.517979860305786,16.72337532043457,-1.712414026260376,16.21180534362793,0.571332573890686,13.340258598327637,0.3600635528564453,12.839938163757324,1.4852030277252197,13.403011322021484,4.374555796771281,0.0005085371085442603,0.12204299118149925,0.08231391080549194,0.10353547983548789,0.17982852610703592,0.07350213967703012,0.05840586497488317,0.008056039729338214,81.41271635176633,Hip-Hop,MOHMOHRAP - Beep.mp3,final
86.53846153846153,690.527731149481,754.0647896635639,1184.4894241023817,0.020427271262886598,0.07790568470954895,0.41468900442123413,0.5709623098373413,1.2753276824951172,0.11884424090385437,14040.0947265625,-363.7701416015625,51.90421676635742,101.89360046386719,20.507888793945312,49.26504135131836,35.18485641479492,24.122209548950195,17.253293991088867,6.431632995605469,15.340325355529785,-1.4781101942062378,11.906122207641602,-2.315441131591797,10.652255058288574,-3.600177764892578,9.238981246948242,1.0205121040344238,8.34969711303711,5.721584320068359,7.533275604248047,6.254358768463135,7.876276969909668,2.1628379821777344,7.6767168045043945,-4.895942687988281,7.895631313323975,4.269447745803171,2.8201216650813876e-07,0.14124202486391207,0.1931029243460287,0.20078245124908456,0.22747575918350527,0.0713474709013095,0.09370418851192139,0.07203359192671535,458.29899819609,Hip-Hop,MOHMOHRAP - Feefar (instrumental).mp3,inicio
104.16666666666667,626.733914499562,743.0260087386399,1035.43258976182,0.019695804079274796,0.054268814623355865,0.3674251139163971,0.4578312337398529,1.1257307529449463,0.11563128978013992,11534.4111328125,-377.4771728515625,45.55414581298828,92.89463806152344,19.726367950439453,52.15757369995117,29.162246704101562,27.83933448791504,16.252452850341797,9.172151565551758,14.612479209899902,-0.8986679911613464,10.792147636413574,-4.299872875213623,9.463071823120117,-6.688661098480225,8.29055404663086,-4.130032539367676,8.021273612976074,-0.2280179262161255,7.455057621002197,2.126100778579712,6.864182472229004,1.5020133256912231,7.672362327575684,-2.5786519050598145,10.058929443359375,4.896618433415441,1.0191496357947472e-06,0.1409028328084594,0.20746523869295636,0.2476828851005272,0.252614415324864,0.08020266482658436,0.09464243935660759,0.07515330858479305,459.1591579152598,Hip-Hop,MOHMOHRAP - Feefar (instrumental).mp3,final
109.95678191489361,1766.9742835621612,1739.0327123728127,3134.0810486406735,0.0476244285748839,0.12913407385349274,0.2945534586906433,1.1173956394195557,1.527607798576355,0.10375447571277618,7093.77783203125,-290.0216064453125,112.35983276367188,142.34080505371094,39.12717056274414,5.845828533172607,40.28419876098633,-2.3353161811828613,32.09990310668945,-34.154903411865234,28.64375877380371,-2.492713689804077,39.79513931274414,-32.36967086791992,14.193733215332031,-23.51472282409668,16.92436408996582,-15.0037202835083,19.36015510559082,-26.96868896484375,13.675540924072266,-12.642022132873535,10.201069831848145,-0.25314339995384216,12.26844310760498,2.46803879737854,15.333536148071289,2.4908831241227745,4.942302985000424e-05,0.19408042524062924,0.24965578513830056,0.26819230918522224,0.16253179608396537,0.0911148026169944,0.06266235111095299,0.07708350458241524,24.5456021743621,Hip-Hop,MOHMOHRAP - Jicho Pevu.mp3,inicio
109.95678191489361,2754.053497205991,2662.3172013059125,5020.769640092879,0.07665354253337849,0.16343700885772705,0.33745983242988586,1.5907377004623413,1.764135479927063,0.10595134645700455,7478.56396484375,-211.60516357421875,75.4516830444336,142.6487579345703,50.04724884033203,-20.602815628051758,35.38754653930664,17.30253791809082,33.35094451904297,-28.86972999572754,31.898359298706055,24.407915115356445,25.555164337158203,-30.88480567932129,17.153539657592773,-17.122987747192383,17.463254928588867,-8.421792984008789,19.105405807495117,-26.979488372802734,17.791589736938477,-10.4056396484375,11.72576904296875,-3.7358360290527344,14.729436874389648,-5.923902988433838,14.437438011169434,1.8601851031647074,3.5550398024497554e-05,0.11096174415928485,0.16879242033338937,0.1742319426023406,0.1457530906186485,0.07125032651274305,0.04903350926190989,0.06964247928878503,16.616175963776243,Hip-Hop,MOHMOHRAP - Jicho Pevu.mp3,mitad
109.95678191489361,2253.0577517748548,2426.1651442664825,4132.400011942483,0.0501168549245356,0.15295836329460144,0.2941429615020752,1.3811736106872559,1.543213129043579,0.10442069172859192,7245.07177734375,-246.03298950195312,89.57646942138672,141.65786743164062,50.47016143798828,-13.198010444641113,30.904821395874023,9.355916023254395,31.270164489746094,-17.082996368408203,31.422924041748047,22.42230987548828,23.238981246948242,-30.37194061279297,16.750823974609375,-22.719797134399414,16.601980209350586,-7.425076007843018,16.231096267700195,-29.8021240234375,16.11124610900879,-15.166348457336426,11.3967924118042,-2.832329750061035,14.00083065032959,-7.672579288482666,13.379011154174805,2.4649513947330712,2.6352512577432208e-05,0.11572130063058958,0.16893963266199677,0.174178525290622,0.15297999167426346,0.07624773704198393,0.059754938453857376,0.10009581615244842,22.712519421548922,Hip-Hop,MOHMOHRAP - Jicho Pevu.mp3,final
106.13207547169812,1802.0610992622962,1853.3675796797363,3237.9243690010667,0.047371439521862777,0.03872593492269516,0.38162994384765625,0.7295549511909485,1.5575249195098877,0.09200188517570496,2518.483642578125,-375.0376281738281,78.239013671875,109.91445922851562,40.280147552490234,41.53614807128906,30.016300201416016,12.750751495361328,32.711368560791016,-34.844940185546875,26.024492263793945,-21.86922836303711,21.12013053894043,-18.242889404296875,10.222308158874512,-9.767903327941895,9.875380516052246,-7.50432825088501,9.025982856750488,-13.595213890075684,8.556563377380371,-12.57830810546875,9.803550720214844,-13.603700637817383,10.092209815979004,-8.591368675231934,10.807570457458496,4.3625059804553805,0.0023281387984752655,0.15380030919146023,0.22118242347919784,0.24183156451493165,0.3659349922714591,0.1523250473468503,0.09853914191825244,0.014562961418427164,61.118248878336914,Hip-Hop,MOHMOHRAP - Mboka.mp3,inicio
106.13207547169812,2119.1496406906153,2218.8749509421136,3980.017441343761,0.051601416692587984,0.10272403061389923,0.41560879349708557,1.2689106464385986,1.5457111597061157,0.09586819261312485,8590.9306640625,-261.4878845214844,74.31031036376953,149.8062744140625,40.63345718383789,4.167511463165283,35.51093292236328,9.75069808959961,34.182533264160156,-18.82364273071289,32.92471694946289,13.235989570617676,20.577030181884766,-12.809064865112305,14.021468162536621,-19.944229125976562,13.638752937316895,-5.464466571807861,14.484633445739746,-17.139930725097656,13.624038696289062,-11.038003921508789,13.085755348205566,-13.746286392211914,12.753167152404785,-11.484166145324707,13.376490592956543,1.6853446407604322,7.738376552879345e-06,0.10915621870126523,0.08360694416070857,0.12052465578717574,0.1425192418608423,0.04801037585550367,0.040106430904120555,0.05871424876555937,46.8110777423046,Hip-Hop,MOHMOHRAP - Mboka.mp3,mitad
106.13207547169812,829.159828109747,1216.3200665686745,1406.4832918592251,0.017835023773551367,0.1664072722196579,0.5400550365447998,0.7644295692443848,1.0545998811721802,0.10171611607074738,7518.6943359375,-324.636474609375,91.79566955566406,155.32388305664062,53.359561920166016,32.94050979614258,33.42292404174805,5.283230781555176,25.628753662109375,-3.7907156944274902,28.663654327392578,3.257025718688965,30.014829635620117,-5.723036766052246,17.564489364624023,-4.481416702270508,15.42046070098877,6.5084686279296875,16.516693115234375,-5.409373760223389,14.222607612609863,-4.027985095977783,13.806562423706055,1.0965487957000732,15.619275093078613,-3.1516008377075195,13.123470306396484,6.632333148802166,2.0376380689413054e-06,0.21625460025219284,0.28928570449448665,0.38746327516556356,0.25449084444186054,0.17528845140874236,0.13293454029778615,0.08651123622021069,392.61362292918045,Hip-Hop,MOHMOHRAP - Mboka.mp3,final
96.98275862068965,1186.4830943170168,1572.0513918124168,2162.73218094561,0.023561783460718095,0.1595040261745453,0.4138394296169281,0.9692876935005188,1.6418853998184204,0.11433236300945282,13320.5361328125,-315.6000061035156,111.57240295410156,118.5001220703125,56.65974807739258,18.007505416870117,34.820919036865234,15.403780937194824,26.996240615844727,7.312173843383789,26.601417541503906,14.995009422302246,29.552963256835938,-12.237428665161133,15.842486381530762,-15.98144245147705,16.419103622436523,-2.078918695449829,24.445281982421875,-13.117011070251465,16.268232345581055,-9.963236808776855,14.978181838989258,-0.40936505794525146,17.16425323486328,-0.931650698184967,13.208955764770508,3.5631030932881456,0.0018427674658596516,0.15174761580972035,0.2611566705664016,0.11030833340737019,0.24815165998253677,0.04526632173988857,0.0903306975823453,0.06012602585128122,164.0026098388555,Hip-Hop,MOHMOHRAP - Ni Wrong.mp3,inicio
96.98275862068965,1537.7256542976688,1924.1639560482597,2983.06134464984,0.031536928157216496,0.21622975170612335,0.4773103892803192,1.330415964126587,1.807489037513733,0.10507187247276306,15967.1875,-248.00439453125,85.09386444091797,150.4140167236328,46.47823715209961,2.124882698059082,38.51676559448242,11.415064811706543,35.247825622558594,8.418980598449707,29.079771041870117,26.57543182373047,25.105859756469727,-12.166178703308105,17.139528274536133,-14.298742294311523,16.861248016357422,10.972245216369629,20.40468978881836,-10.92128849029541,17.81258773803711,-7.984062671661377,14.258036613464355,7.7530646324157715,16.742530822753906,0.7198972105979919,13.427827835083008,2.9826254508864976,7.1366343945555855e-06,0.05345356627156885,0.06472103528661066,0.08013126479286832,0.0961985998297272,0.03673159931699097,0.02665178254234236,0.044009741314358426,139.21358486017226,Hip-Hop,MOHMOHRAP - Ni Wrong.mp3,mitad
96.98275862068965,919.0975023075581,1293.9172446377147,1634.0178412726627,0.01771941932545325,0.18591901659965515,0.5196503400802612,0.7274347543716431,1.9100430011749268,0.12089076638221741,14588.265625,-381.3271789550781,79.33558654785156,90.04595947265625,40.772884368896484,50.91865921020508,43.563568115234375,39.32225799560547,24.615081787109375,18.12856674194336,23.506168365478516,16.154190063476562,21.55886459350586,2.6089680194854736,18.444683074951172,-2.9799001216888428,16.920888900756836,-3.2479801177978516,16.02567481994629,-2.6847314834594727,14.53121280670166,-2.052686929702759,13.817754745483398,-3.7210371494293213,12.036524772644043,-0.8543237447738647,11.45394515991211,6.4921019374852165,2.0980991394026205e-05,0.03208013854136914,0.12303132855460922,0.05633306377383572,0.11672487112565808,0.034050998757707375,0.03746361167456895,0.0032173613924230122,445.33093300091264,Hip-Hop,MOHMOHRAP - Ni Wrong.mp3,final
181.4516129032258,727.4851628158428,1093.666549620987,1326.6974760042658,0.013246082640863846,0.08469429612159729,0.4221361577510834,0.37515488266944885,0.8360334038734436,0.12112629413604736,2986.981689453125,-411.85650634765625,46.38923645019531,89.1051254272461,27.052001953125,72.68765258789062,20.711626052856445,61.73936462402344,22.59540367126465,35.11753845214844,15.593683242797852,21.849374771118164,8.755424499511719,3.4522674083709717,7.225481033325195,-8.024715423583984,8.141530990600586,-15.082880020141602,8.622157096862793,-16.133522033691406,6.786725997924805,-15.558122634887695,5.021787166595459,-12.296574592590332,5.376355171203613,-7.351552963256836,5.604784965515137,18.425386674740146,0.0007844550418667495,0.1551751205613752,0.13183431660531064,0.54207619673034,0.15383483241092333,0.11853774115850135,0.18522409703540102,0.07572569627627669,590.5620783108783,Hip-Hop,MOHMOHRAP - Real.mp3,inicio
133.92857142857142,1321.4834252078251,1974.0637237942433,2701.2364468538926,0.019842132232047636,0.22742436826229095,0.5657241344451904,1.293722152709961,1.668619155883789,0.09305189549922943,10702.7958984375,-259.802734375,61.58634567260742,154.40402221679688,41.686397552490234,26.508865356445312,32.84245300292969,26.378021240234375,36.289485931396484,14.669458389282227,29.08656120300293,35.22052764892578,19.770505905151367,6.986198902130127,17.281333923339844,-5.306858062744141,15.380319595336914,2.7732019424438477,15.348350524902344,-8.584756851196289,15.479251861572266,-6.168254852294922,13.143102645874023,-0.07606859505176544,13.52479362487793,0.944377064704895,12.553635597229004,4.400973847776237,2.6775549031299306e-06,0.19231780827253817,0.144595295944983,0.24896683380688137,0.1687828153261034,0.10066383401625059,0.07291811980229268,0.03694142141394092,289.112970362308,Hip-Hop,MOHMOHRAP - Real.mp3,mitad
133.92857142857142,688.3205527517562,1136.0087389060807,1265.0417703519374,0.011776725804301457,0.09297310560941696,0.46640631556510925,0.519447386264801,1.4403213262557983,0.12066727876663208,8033.119140625,-405.22271728515625,59.79228210449219,92.76383972167969,37.65239715576172,67.83289337158203,28.817426681518555,51.25814437866211,22.521499633789062,24.5311279296875,15.211774826049805,14.689330101013184,9.411064147949219,4.034326553344727,8.844194412231445,-2.227971315383911,9.258255958557129,-8.675420761108398,9.164226531982422,-9.888115882873535,8.732994079589844,-11.537814140319824,7.9303669929504395,-11.593328475952148,7.409248352050781,-6.849708557128906,7.362931251525879,5.666935713028652,0.008772481232881546,0.20493718591020207,0.15750176641742944,0.4622387432748269,0.1304011249210221,0.117256504382782,0.16178459450921914,0.011401837920522658,570.113758303834,Hip-Hop,MOHMOHRAP - Real.mp3,final
80.35714285714286,1461.248094127784,1621.2106480660434,2956.4244134376113,0.034269428490490576,0.13975846767425537,0.447534441947937,1.0886404514312744,1.3199502229690552,0.08941230177879333,3694.632080078125,-265.1962890625,100.64283752441406,189.80323791503906,44.512264251708984,23.03542137145996,45.76249313354492,16.664085388183594,47.3233757019043,-29.33480453491211,28.757694244384766,4.503868579864502,29.476964950561523,-3.2315762042999268,18.075267791748047,-15.178473472595215,12.62054443359375,7.935079574584961,21.587337493896484,-8.984746932983398,10.584299087524414,-2.041834592819214,13.610688209533691,1.7642784118652344,15.852887153625488,-2.883943796157837,11.756628036499023,2.8096540578947713,0.012036395259201527,0.10463988514110689,0.1612036006353019,0.24205390314698003,0.1521902935331907,0.09204082080756808,0.04820628863804398,0.07421308238187335,89.3383165130447,Hip-Hop,MOHMOHRAP - Right Track.mp3,inicio
106.13207547169812,2464.396349975063,2435.693406789337,4813.160993601137,0.06526166181567722,0.13249266147613525,0.3936096429824829,1.430214285850525,1.5414077043533325,0.08785878866910934,3372.772216796875,-208.4605255126953,61.12397384643555,174.47787475585938,43.122127532958984,-19.76076316833496,39.28803634643555,30.54610252380371,38.04419708251953,-35.60722732543945,33.700828552246094,5.5997419357299805,20.29425048828125,-11.87082290649414,17.818613052368164,-28.218658447265625,14.553910255432129,10.007523536682129,12.698923110961914,-19.748491287231445,12.296619415283203,-7.524929046630859,13.248994827270508,0.6195259094238281,14.186071395874023,-8.49446964263916,12.52310562133789,1.8341509591683574,5.171364136913326e-06,0.10171595854168618,0.13077857511887625,0.1670479394023754,0.13780278726596165,0.06107899068991681,0.048243489142729246,0.06041484261757121,26.910141537776095,Hip-Hop,MOHMOHRAP - Right Track.mp3,mitad
106.13207547169812,1820.6761119785167,2075.4038850312936,3598.185322609314,0.04241745911837896,0.15658627450466156,0.45221713185310364,1.3168575763702393,1.343876600265503,0.09044401347637177,3295.9189453125,-226.42063903808594,72.34491729736328,190.39556884765625,45.290748596191406,-2.7255351543426514,39.32668685913086,24.914653778076172,44.40195846557617,-18.631582260131836,32.96290969848633,11.868319511413574,20.588926315307617,-6.420991897583008,21.480953216552734,-17.562150955200195,13.84498119354248,15.587871551513672,15.496861457824707,-11.436319351196289,13.784061431884766,-0.8590406775474548,14.224552154541016,8.694332122802734,15.776694297790527,-3.615435838699341,12.568290710449219,2.487937542250551,0.00019493079162202775,0.11596524093042676,0.15500962465747548,0.2104178209022004,0.15693310769670446,0.08336608549908447,0.04864088924325684,0.05358121433035959,79.48189820996214,Hip-Hop,MOHMOHRAP - Right Track.mp3,final
133.92857142857142,1433.9226912905185,1524.9205922882197,2658.2524217916816,0.033911679590295056,0.13303427398204803,0.3788950741291046,1.0030494928359985,1.3500456809997559,0.11769913882017136,4779.013671875,-301.55999755859375,101.6458969116211,144.96749877929688,47.412574768066406,8.567482948303223,31.861730575561523,1.4422074556350708,46.87382888793945,-19.133623123168945,28.454330444335938,5.355353355407715,33.73027420043945,-7.347387313842773,19.66099739074707,-7.293869495391846,17.23971939086914,1.2758864164352417,25.635480880737305,-8.62751579284668,17.198944091796875,-2.160529851913452,17.61867904663086,-9.165616035461426,15.587722778320312,-6.253659248352051,14.999706268310547,4.125783748789252,0.0022886530496180058,0.23489179882669817,0.3609720094808351,0.29797415654325166,0.2471526021882412,0.11440326674627546,0.13948318216052644,0.04995843496287692,98.20009142614522,Hip-Hop,MOHMOHRAP - Sick on Form.mp3,inicio
133.92857142857142,1998.8790050559699,2340.9728364577663,4005.412926590828,0.041180526239779594,0.20142918825149536,0.45906880497932434,1.3992688655853271,1.405783772468567,0.09086138755083084,6453.150390625,-215.94874572753906,68.41519927978516,169.4497833251953,42.9522705078125,6.657735824584961,35.91896438598633,40.00136947631836,41.227054595947266,-16.189285278320312,38.80074691772461,30.06119155883789,22.652257919311523,5.573728084564209,17.957618713378906,-2.541147232055664,14.044022560119629,16.057504653930664,14.845947265625,-6.246530532836914,13.832818031311035,5.925111770629883,15.317418098449707,-3.7929985523223877,14.440815925598145,-1.571756362915039,11.734116554260254,3.1300240511281596,3.4063589282595785e-06,0.08388585568108867,0.09537997424159027,0.0885366632459628,0.11757053015339174,0.049844555050583876,0.03477088808432481,0.027562465047401702,87.89364957413362,Hip-Hop,MOHMOHRAP - Sick on Form.mp3,mitad
133.92857142857142,1687.3916172793415,2062.1248023736066,3370.4841361535728,0.035194437655527905,0.19543857872486115,0.47000744938850403,1.2743291854858398,1.3432996273040771,0.09522025287151337,6036.37646484375,-230.25439453125,80.26589965820312,174.3302459716797,44.21903610229492,9.926724433898926,37.51323699951172,26.034454345703125,39.8100471496582,-11.957862854003906,32.40018844604492,26.976215362548828,21.39885139465332,1.368504285812378,18.547863006591797,-0.20220337808132172,14.005037307739258,18.109174728393555,14.124698638916016,-3.4392428398132324,15.046998977661133,6.4862751960754395,14.552709579467773,-0.6026752591133118,13.512285232543945,1.0546857118606567,11.327394485473633,3.5492566062748723,9.735093044582754e-06,0.08995906213498522,0.10263629144690052,0.10045004157615722,0.13620261518675458,0.050825262519092064,0.03414797738462175,0.047164238441586404,105.95714044106234,Hip-Hop,MOHMOHRAP - Sick on Form.mp3,final
148.02631578947367,733.8248156249847,626.8612422495083,1164.9512308922858,0.02646126799680057,0.09528069943189621,0.2137468159198761,0.6111145615577698,0.6593101620674133,0.08499708026647568,944.4757080078125,-362.7249450683594,49.03093719482422,229.3479766845703,27.969593048095703,49.76355743408203,27.116592407226562,-25.02762794494629,18.163249969482422,-15.113567352294922,21.7371768951416,-1.7792538404464722,13.460618019104004,-7.0287933349609375,7.888793468475342,-10.137706756591797,8.37463665008545,-4.138640403747559,12.446621894836426,0.24766062200069427,8.021489143371582,0.34510496258735657,7.170520782470703,-4.894106864929199,8.08859920501709,-12.080855369567871,7.439418792724609,8.667489316615045,4.8888388846535236e-05,0.28385739615745315,0.2664756161177822,0.23313656630994997,0.40748940343637696,0.08897585708648363,0.1432583653375051,0.004444438888896142,307.18443785544935,Hip-Hop,MOHMOHRAP - Sitawai.mp3,inicio
148.02631578947367,1281.4004828824013,1838.0592000130744,2484.691610380377,0.024217569654283684,0.2828623652458191,0.47377490997314453,1.2679774761199951,1.3833963871002197,0.08577337116003036,14037.779296875,-189.7495574951172,54.346771240234375,195.69654846191406,26.921215057373047,11.270227432250977,31.23019790649414,11.752984046936035,27.01012420654297,5.850539684295654,24.353073120117188,31.023290634155273,16.005226135253906,-7.19218111038208,13.259294509887695,-3.9417061805725098,12.052268028259277,24.653417587280273,13.650253295898438,-1.3850266933441162,15.05105209350586,2.199279546737671,10.79399585723877,10.4371337890625,13.426040649414062,-0.40498530864715576,10.091839790344238,3.2991881433576116,2.358144456593436e-06,0.14708475387768016,0.10579587962734896,0.14797072414585108,0.13254577248772337,0.052809518657958784,0.0875412193243248,0.06289765372590657,158.0799443995952,Hip-Hop,MOHMOHRAP - Sitawai.mp3,mitad
148.02631578947367,837.4271351045135,713.293127600732,1307.2842605758976,0.02833333101892997,0.08181552588939667,0.20439410209655762,0.6229041218757629,0.7825528979301453,0.0852612555027008,2182.178955078125,-328.84588623046875,52.12289810180664,169.6453094482422,33.454898834228516,44.697906494140625,21.339462280273438,-18.625957489013672,22.652196884155273,-21.060680389404297,20.56847381591797,-6.989725589752197,16.129131317138672,-7.388484477996826,8.40742015838623,-9.890403747558594,8.003201484680176,-5.978189945220947,9.649639129638672,-0.01779952645301819,8.49689769744873,2.2021868228912354,8.021388053894043,-3.94513201713562,7.828650951385498,-13.048367500305176,8.354487419128418,6.879373917466706,1.1401281199141522e-06,0.25781080312843924,0.2404764508385714,0.2257989977688758,0.34606241846770586,0.07660302147767806,0.1351424488138782,2.081665569090207e-16,184.84231341920977,Hip-Hop,MOHMOHRAP - Sitawai.mp3,final
112.5,1545.2158045772057,2026.278690968755,3303.429390330608,0.02548296969427657,0.23278756439685822,0.4529607892036438,1.4157241582870483,2.014470338821411,0.0895557850599289,8444.1513671875,-261.21148681640625,104.43914794921875,153.58612060546875,39.13362503051758,54.316741943359375,58.503292083740234,73.21818542480469,45.75365447998047,0.006532172206789255,28.70767593383789,22.320558547973633,25.540590286254883,-1.0557767152786255,15.713168144226074,-0.7093986868858337,15.732993125915527,11.371603965759277,14.161772727966309,-5.8496809005737305,12.310544967651367,-1.5450690984725952,12.299922943115234,-2.562424898147583,11.998644828796387,0.6759050488471985,11.191523551940918,3.4314761016990722,3.3998114759015152e-06,0.2129455976160391,0.19631496188779288,0.11369157376059293,0.395164884815923,0.13975969564845597,0.08633853790986866,0.06596362294091355,110.99590059276011,Hip-Hop,MOHMOHRAP - Socket.mp3,inicio
112.5,1937.0534635310316,2451.4243812415925,4082.8741557056524,0.03196393557811945,0.24756839871406555,0.45795881748199463,1.6337817907333374,1.907545566558838,0.08248433470726013,8414.853515625,-203.14389038085938,89.49887084960938,163.16265869140625,44.389461517333984,21.859336853027344,53.880767822265625,60.199241638183594,45.83881759643555,-6.7011919021606445,29.701812744140625,33.23842239379883,23.381168365478516,-2.95947003364563,16.132253646850586,-4.094684600830078,15.935149192810059,15.376982688903809,15.594840049743652,-8.628263473510742,13.991606712341309,-0.16902798414230347,12.830611228942871,0.7836312651634216,14.560540199279785,2.0680251121520996,11.58901596069336,2.588378694019491,6.285597919486463e-06,0.2133902888897364,0.2091206440190869,0.11518751384536186,0.3813767982932225,0.14042458598073138,0.08968000604836145,0.058545309933286285,85.85287677185308,Hip-Hop,MOHMOHRAP - Socket.mp3,mitad
112.5,1291.4462965597436,1792.4529114355605,2782.0887397795946,0.019632620867401352,0.22254672646522522,0.46728625893592834,1.2017631530761719,2.091886281967163,0.08815094828605652,8375.27734375,-308.25347900390625,92.15813446044922,143.34420776367188,44.49198913574219,82.41949462890625,43.814144134521484,86.05482482910156,50.28254699707031,0.7386905550956726,25.50198745727539,9.06796646118164,15.654712677001953,3.9443039894104004,14.089171409606934,7.527167320251465,11.288609504699707,9.066152572631836,12.158097267150879,-3.9831974506378174,10.299248695373535,-1.4428513050079346,10.668642044067383,-5.494055271148682,8.42913818359375,3.4041426181793213,9.314661026000977,4.1321301542684745,2.5032642952282913e-05,0.23681352034582445,0.20639011635067883,0.11687665002569897,0.4010982745003195,0.14783339612389965,0.09110418746875042,0.0076081138743010835,159.57670046407154,Hip-Hop,MOHMOHRAP - Socket.mp3,final
152.02702702702703,897.7544868981729,1343.7804162550196,1876.724693387842,0.014811776517507999,0.04807409644126892,0.5489727854728699,0.5893453359603882,0.9446680545806885,0.09614290297031403,7383.50341796875,-380.81353759765625,29.043691635131836,101.15015411376953,19.06614112854004,52.05204772949219,12.255840301513672,25.644790649414062,20.00101661682129,6.558984756469727,12.52755355834961,12.376920700073242,11.395312309265137,12.593025207519531,10.601448059082031,10.517534255981445,9.284805297851562,10.717308044433594,10.659077644348145,1.0975298881530762,8.996569633483887,-3.3493552207946777,8.900073051452637,0.5143967270851135,8.900447845458984,8.155133247375488,8.954004287719727,5.762821410810221,8.828428121887555e-07,0.20432788052478554,0.33720332548936094,0.35945321053366436,0.30765916988172504,0.14949798658314664,0.1926532187653981,0.01629786922244248,529.93612013894,Hip-Hop,MOHMOHRAP - YB Copies (instrumental).mp3,inicio
102.27272727272727,750.8291896531374,1278.4285880746258,1579.0609447209386,0.006797055523462495,0.12462033331394196,0.726969838142395,0.7874644994735718,1.618431568145752,0.037066750228405,16088.927734375,-362.2701110839844,45.3062744140625,114.2011947631836,28.63487434387207,59.01669692993164,16.766435623168945,37.33110046386719,19.72924041748047,13.874104499816895,13.315404891967773,19.235498428344727,8.678333282470703,19.369335174560547,6.51381254196167,16.70549964904785,8.074377059936523,17.852008819580078,6.517139911651611,6.801024436950684,6.665855884552002,3.1194982528686523,5.605679035186768,6.934630870819092,6.562384605407715,14.222434997558594,7.029323577880859,3.482663378853899,3.482633019302739e-06,0.12404196524656469,0.24625015042425732,0.23549202247816992,0.21631275414168474,0.1012208065665415,0.13125099566580806,0.11029956324621999,779.2811786114069,Hip-Hop,MOHMOHRAP - YB Copies (instrumental).mp3,mitad
122.28260869565217,427.220580781706,619.5237686018086,927.9933567365802,0.006116968094560967,0.05345609039068222,0.6991962790489197,0.5776004195213318,0.17406108975410461,0.03875385597348213,56.90388870239258,-433.8326416015625,9.808629989624023,243.959716796875,7.853283882141113,45.15581512451172,7.170947074890137,-11.63510513305664,8.249017715454102,13.133251190185547,5.444063663482666,11.33637523651123,4.740793228149414,7.708193778991699,5.062436103820801,18.612947463989258,5.275739669799805,12.3402099609375,4.497193336486816,-1.5147088766098022,4.855561256408691,0.9911379218101501,4.478346824645996,10.319867134094238,4.19334077835083,13.791793823242188,5.280721187591553,9.922521955137555,1.1566924058570294e-06,0.1552437458183627,0.1188585787438041,0.31665705273159844,0.31536419005686117,0.13964894352060142,0.22287653164537294,0.0,2169.813279335596,Hip-Hop,MOHMOHRAP - YB Copies (instrumental).mp3,final
103.359375,3367.4898940661874,3267.6409630874264,7077.415537169843,0.08128541172842492,0.17827960848808289,0.49665504693984985,1.4211080074310303,1.2353159189224243,0.09113422781229019,6422.0595703125,-123.50691986083984,75.71627044677734,124.541259765625,31.09963035583496,-39.636566162109375,21.389474868774414,65.87210083007812,20.448780059814453,-17.22385597229004,17.45643424987793,33.18710708618164,15.930854797363281,-4.709597587585449,12.248665809631348,3.455465078353882,14.478192329406738,-1.0202556848526,11.678400993347168,1.010597586631775,10.791574478149414,1.036956548690796,9.897645950317383,3.185028314590454,9.124402046203613,5.568100929260254,8.788071632385254,1.5191418695187902,0.01398821733891964,0.05109311027645873,0.04482826336461127,0.08477982772891615,0.08231916458072534,0.030169523563042325,0.028179329167694996,0.04163431545080554,24.89035069219385,Hip-Hop,N.W.A. - Fuk Da Police.mp3,inicio
132.51201923076923,3669.168969361119,3511.173551516829,7534.762771653686,0.08169376148897059,0.24999237060546875,0.5411637425422668,1.522696614265442,1.5320372581481934,0.08856472373008728,19701.29296875,-125.60983276367188,67.3976058959961,98.00869750976562,28.303651809692383,-34.16725540161133,26.494043350219727,75.99152374267578,19.87605094909668,-12.048955917358398,17.603769302368164,25.059349060058594,19.767444610595703,-7.060951232910156,14.630340576171875,11.544187545776367,14.948952674865723,-1.380323052406311,13.058435440063477,9.873641014099121,12.056829452514648,3.6790506839752197,12.615678787231445,7.970882892608643,10.272101402282715,8.993491172790527,10.76887035369873,2.2804904740008753,0.0004141406971029937,0.05140157993359981,0.05481857950511812,0.11223393091334363,0.10235782620182524,0.03218194890132722,0.03296598600712056,0.04885952358068273,33.836124217093214,Hip-Hop,N.W.A. - Fuk Da Police.mp3,mitad
132.51201923076923,3389.3411299003183,3402.250162249703,7180.848245059743,0.07115508749758127,0.2603148818016052,0.5594773292541504,1.3754171133041382,1.2208150625228882,0.08137854188680649,19164.951171875,-100.89433288574219,45.8176383972168,111.03724670410156,20.87534523010254,-42.78970718383789,19.510604858398438,68.58733367919922,16.70855140686035,-12.4313383102417,14.34889030456543,33.33805847167969,13.261951446533203,-3.06172251701355,12.06857967376709,13.661378860473633,12.585710525512695,-0.2909888029098511,11.961029052734375,6.310910224914551,11.344423294067383,4.7205328941345215,10.75156307220459,5.483694076538086,9.804966926574707,8.041687965393066,10.121825218200684,2.55771162748415,0.0002690149412956089,0.05241144723781157,0.044880794829628756,0.07840559192158346,0.08627012881235757,0.028664262061731366,0.02858647431163647,0.08241514572534314,35.23216110204412,Hip-Hop,N.W.A. - Fuk Da Police.mp3,final
126.04801829268293,2415.81192450526,2482.101309478833,4791.88769077738,0.05989400668779025,0.217807337641716,0.5005550384521484,1.2303391695022583,1.3748033046722412,0.09732343256473541,14980.4267578125,-147.54806518554688,80.85905456542969,139.12118530273438,36.573368072509766,-53.69908142089844,21.89384651184082,50.28990173339844,22.34724998474121,14.787111282348633,22.46908187866211,17.87955665588379,15.88490104675293,6.830183982849121,13.114669799804688,6.908531188964844,11.418172836303711,9.563261985778809,11.262182235717773,7.7058491706848145,9.026093482971191,5.765978813171387,10.447322845458984,7.040241718292236,10.255136489868164,-0.5264713764190674,8.056575775146484,2.3669390923137597,0.026487043127417564,0.08878311947417777,0.08271601259926875,0.12086508231323696,0.0941618849171453,0.053406397577172846,0.03220510828439046,0.054346596354925364,43.59120523402693,Hip-Hop,Nas - N.Y. State of Mind Official Audio.mp3,inicio
166.70866935483872,2814.3606747171657,2761.494920418366,5572.216305570337,0.06899164630901702,0.2520977258682251,0.48673850297927856,1.313306212425232,1.1933436393737793,0.09424557536840439,14389.69921875,-107.85797119140625,49.25171661376953,139.53990173339844,37.10418701171875,-55.1961669921875,20.65239143371582,56.46971893310547,21.152944564819336,-0.3112095594406128,19.848176956176758,20.870073318481445,17.74394416809082,3.164109945297241,15.176090240478516,8.051708221435547,11.163150787353516,8.089157104492188,13.628254890441895,9.167658805847168,8.647673606872559,6.777145862579346,10.252848625183105,6.48021936416626,9.801556587219238,0.31553521752357483,8.085363388061523,2.1600722711703515,0.000185269775101915,0.10036139531593884,0.09145653139507932,0.1321027682257787,0.09873387749998369,0.057266839865838054,0.03387499362027051,0.04903223161756548,33.69407470114912,Hip-Hop,Nas - N.Y. State of Mind Official Audio.mp3,mitad
126.04801829268293,3013.966695035188,2795.02619908086,5733.5486633489745,0.08476006947803792,0.15012916922569275,0.5518253445625305,1.042847990989685,1.185092806816101,0.08513769507408142,12435.8076171875,-208.3416290283203,145.66371154785156,108.66761779785156,51.158485412597656,-50.589412689208984,29.601877212524414,37.39258575439453,24.522281646728516,12.801009178161621,17.815515518188477,16.662269592285156,14.684059143066406,6.233780860900879,9.368133544921875,9.704499244689941,10.044839859008789,9.207991600036621,9.17100715637207,8.685370445251465,7.760166645050049,7.867638111114502,9.656824111938477,7.0879716873168945,8.48544979095459,0.015029813162982464,6.7608466148376465,2.2747297018224004,0.0149226114153862,0.0872638984589928,0.07442669554725571,0.10976993147098026,0.0852035255497909,0.04897242651592591,0.02989510009176832,0.05952994192449432,34.56251930231385,Hip-Hop,Nas - N.Y. State of Mind Official Audio.mp3,final
147.65625,1964.5660294823424,3003.0907145683104,4190.324661680051,0.03461298042037539,0.2451755553483963,0.42408838868141174,1.226464867591858,1.7883580923080444,0.08696818351745605,14637.482421875,-167.76719665527344,65.24809265136719,161.23912048339844,32.25617980957031,30.67818832397461,26.40513038635254,40.843955993652344,22.48528289794922,-3.056502103805542,18.59183120727539,23.811899185180664,13.84028434753418,-22.636980056762695,11.4894437789917,9.858434677124023,11.132654190063477,-13.163639068603516,9.741239547729492,-0.870169460773468,10.364249229431152,6.979493618011475,10.551122665405273,-6.530166149139404,9.005924224853516,3.6829264163970947,7.529004096984863,2.8659041389680486,0.00046310931793414056,0.11673436505879513,0.13792041210176695,0.174321004718774,0.11567149011900575,0.0701513638987442,0.0679262640931689,0.01820566930866669,83.77121523647446,Hip-Hop,Playsound - Another woman.mp3,inicio
147.65625,1760.4955112310208,2864.2855063980182,3559.870140618953,0.030917991425599846,0.23841038346290588,0.4369165003299713,1.1354737281799316,1.5786882638931274,0.0841299369931221,13256.9404296875,-178.56861877441406,63.60411071777344,167.7977294921875,28.255897521972656,37.499908447265625,25.38286590576172,41.124725341796875,22.36200523376465,-5.195265769958496,16.92839241027832,15.5916109085083,17.436275482177734,-22.146297454833984,11.05343246459961,6.044544696807861,14.379676818847656,-14.640485763549805,9.43160629272461,-1.922735333442688,10.482925415039062,7.082174777984619,11.166345596313477,-6.283822536468506,9.095868110656738,3.6352221965789795,7.802137851715088,2.8306166711474665,6.527456571348011e-05,0.13670427190576603,0.14102161460823057,0.1938954427600384,0.14722269787461498,0.07048645890461318,0.08135750846601957,0.0216549826306641,98.9687945067793,Hip-Hop,Playsound - Another woman.mp3,mitad
147.65625,1996.862297925218,3140.7720673458543,4310.665600661523,0.03579948118227554,0.22609707713127136,0.4759678244590759,1.1336044073104858,1.5454869270324707,0.07503826171159744,12538.16015625,-177.87158203125,77.86851501464844,159.1805877685547,30.911191940307617,33.59926986694336,19.847509384155273,46.3684196472168,16.5406494140625,-6.104434967041016,20.05427360534668,18.208820343017578,14.482531547546387,-22.215240478515625,15.097578048706055,15.237565994262695,12.746413230895996,-11.567508697509766,9.709443092346191,1.14274263381958,10.128914833068848,8.490987777709961,12.88549518585205,-10.61884880065918,10.128174781799316,-0.8646653294563293,9.905797958374023,2.70238739703742,8.218011498684064e-05,0.13140710534148625,0.1491271096674993,0.22438684301976697,0.1554453864568198,0.08697744042836351,0.06507594192969175,0.017455920667664937,87.25975786702601,Hip-Hop,Playsound - Another woman.mp3,final
90.66611842105263,1358.085543845591,2545.722286070289,2552.484565475039,0.019415226514125385,0.27661430835723877,0.4437159597873688,1.4139976501464844,2.3452866077423096,0.10027658939361572,26203.43359375,-241.33218383789062,77.91090393066406,142.62319946289062,32.68602752685547,61.367645263671875,33.771240234375,60.86286926269531,25.376848220825195,9.831748962402344,20.259366989135742,20.741825103759766,11.072860717773438,2.0699539184570312,12.072428703308105,4.569707870483398,11.102706909179688,-5.814958095550537,11.062519073486328,5.443226337432861,9.492149353027344,-1.140310287475586,8.943312644958496,-1.7974048852920532,8.736148834228516,1.3947168588638306,10.522289276123047,3.850690849789407,0.0005188023787923157,0.20739921554630103,0.149473619585026,0.171235876915574,0.18332640892590454,0.08576456756590443,0.10502930915586085,0.00935752571288923,183.55146374018045,Hip-Hop,Playsound - Groovy chill hop.mp3,inicio
90.66611842105263,1202.3171890946692,2280.404100100493,2203.720007739938,0.01867165580253483,0.2709764540195465,0.4265472888946533,1.2399758100509644,2.164076805114746,0.09118543565273285,24920.7421875,-250.62442016601562,81.77340698242188,146.78823852539062,35.28056716918945,63.85017013549805,34.31993865966797,59.44762420654297,23.55242347717285,12.615476608276367,19.287595748901367,19.670581817626953,11.989636421203613,2.6779580116271973,10.176620483398438,3.355203151702881,9.732470512390137,-4.562931060791016,9.509786605834961,5.54853630065918,8.487886428833008,0.22439292073249817,8.543937683105469,-0.23831714689731598,8.495223999023438,1.8470834493637085,9.488094329833984,4.028910866588531,0.0001320376031799242,0.24262575755031643,0.14595622608273448,0.17814160248045752,0.1964126144802945,0.07986051831433419,0.11901348711508787,0.010364902344622857,192.6586176802156,Hip-Hop,Playsound - Groovy chill hop.mp3,final
135.99917763157896,1214.5956192890255,1662.0221291723042,2113.7288852372776,0.03099357675841718,0.14956261217594147,0.3068799674510956,0.7211243510246277,0.550856351852417,0.09039996564388275,2928.109619140625,-246.766357421875,72.08649444580078,189.16944885253906,35.45172119140625,10.08174991607666,25.036975860595703,18.511581420898438,32.483741760253906,9.15330982208252,15.547344207763672,-1.8296561241149902,12.703429222106934,-16.9904727935791,10.112503051757812,-13.90488052368164,12.119972229003906,-10.540372848510742,7.650303840637207,-7.998772621154785,8.897276878356934,-1.1073205471038818,12.172683715820312,-0.6525814533233643,9.081888198852539,-1.4848639965057373,8.028127670288086,6.065787765233875,0.0001737322600092739,0.21020653679477924,0.20983368607515596,0.2970877312132372,0.22286263593483652,0.10860374708459633,0.0981909923247322,0.07115471369787466,80.61843702564241,Hip-Hop,Playsound - Last moments.mp3,inicio
135.99917763157896,1805.2711573083977,2417.2626099530403,3625.7447422842492,0.03612090781008127,0.21815180778503418,0.44236356019973755,1.0746022462844849,1.4838383197784424,0.08560866862535477,13563.7578125,-163.70372009277344,57.143516540527344,167.29624938964844,36.047584533691406,-11.712717056274414,16.82183837890625,36.02082061767578,17.02247428894043,8.671378135681152,18.927457809448242,5.768752574920654,10.613481521606445,-10.629790306091309,10.001582145690918,-0.6291056275367737,12.592698097229004,0.17882847785949707,12.324501991271973,-1.8913547992706299,9.188546180725098,1.610411286354065,8.829668998718262,-0.04877691715955734,8.142000198364258,-0.7896751761436462,9.014582633972168,2.754151240447079,0.0007452516001649201,0.15596650107831728,0.1683816753408022,0.24001202813922398,0.17820752093743983,0.08572299708190421,0.09316344484122252,0.031138266465855918,72.21198944396045,Hip-Hop,Playsound - Last moments.mp3,mitad
135.99917763157896,1637.2366898690261,2300.3326882775586,3188.8307175769155,0.029561612628192725,0.19736067950725555,0.38558995723724365,1.1221444606781006,1.8007181882858276,0.09753367304801941,12707.9228515625,-203.41612243652344,97.22345733642578,159.36697387695312,44.610252380371094,9.769654273986816,22.820077896118164,31.529720306396484,24.809268951416016,8.913679122924805,18.261985778808594,5.6900410652160645,12.809727668762207,-6.776427745819092,9.852209091186523,0.3951157033443451,9.98226547241211,-2.494192361831665,9.122722625732422,1.6435176134109497,7.53380823135376,2.7269718647003174,7.8189849853515625,-0.711430549621582,6.730626106262207,-3.676325798034668,7.571571350097656,2.869007600639522,0.0007004959043115377,0.19003420041068236,0.17560732732568357,0.28539825066071195,0.19783380960038988,0.10009734202050509,0.09328334951802474,0.04241247344558681,78.51362864395549,Hip-Hop,Playsound - Last moments.mp3,final
166.70866935483872,2499.7995764073175,3330.8567167298506,5255.043223472571,0.04082458307130418,0.22498352825641632,0.5280371308326721,1.3671438694000244,2.9690022468566895,0.0835455060005188,20405.8671875,-189.024658203125,103.26931762695312,133.0572509765625,49.76276397705078,21.78899383544922,24.564552307128906,34.476627349853516,21.65816307067871,13.996359825134277,18.464359283447266,12.769715309143066,12.541401863098145,-2.905323028564453,11.6934175491333,5.4267425537109375,12.72021770477295,-7.524226665496826,13.665265083312988,2.4844303131103516,11.379350662231445,3.01335072517395,11.155282974243164,3.7935893535614014,9.946528434753418,-1.3529236316680908,9.878366470336914,2.629140450303457,0.003905034391209483,0.12733407569614943,0.10016971319705131,0.1383540455170164,0.12274749051432263,0.06503220175344791,0.05778283182179017,0.014960677067786655,72.72579335176191,Hip-Hop,Playsound - Stylish move.mp3,inicio
83.35433467741936,2591.3077286633725,3298.8022025564624,5556.341401563709,0.048288256760352165,0.2253735363483429,0.4495234787464142,1.254272699356079,2.0842983722686768,0.09654500335454941,20281.388671875,-147.00350952148438,79.25897216796875,133.64230346679688,38.63857650756836,-6.342918395996094,23.084440231323242,36.86668014526367,21.55476951599121,5.054732799530029,17.696361541748047,11.17296314239502,16.095531463623047,-7.5174102783203125,11.369288444519043,5.91063117980957,11.990832328796387,-12.787996292114258,12.610804557800293,0.13705411553382874,13.297770500183105,-0.5849580764770508,12.09060001373291,-3.28383731842041,12.762490272521973,-1.1535770893096924,9.382160186767578,2.9856651725106946,0.0019084332743659616,0.13153972575462122,0.10308835860607674,0.14138964241408608,0.13768448105205508,0.05549262600996807,0.05634149454720397,0.007072348851459384,48.76723690978601,Hip-Hop,Playsound - Stylish move.mp3,mitad
166.70866935483872,2405.3832977600273,3167.9417498280673,5024.336285192531,0.04187635297745743,0.2258109152317047,0.5156604051589966,1.3132305145263672,2.8481202125549316,0.08971870690584183,20058.42578125,-188.7425537109375,100.96408081054688,137.06153869628906,48.73501205444336,14.81387996673584,30.33042335510254,31.73337173461914,21.078752517700195,14.058732986450195,17.112245559692383,9.177444458007812,16.302473068237305,-3.6797637939453125,12.021736145019531,3.9619510173797607,13.521492958068848,-9.388136863708496,14.727094650268555,2.326080083847046,11.843894958496094,2.323901414871216,11.034934997558594,1.0949733257293701,11.72124195098877,-2.304771661758423,9.683137893676758,2.7517989566274768,0.0033402538392692804,0.13718184443244097,0.10790827586332388,0.15172933741162012,0.12652416941277803,0.06826337605175786,0.062497436206537034,0.01217345165222894,70.08911149354195,Hip-Hop,Playsound - Stylish move.mp3,final
156.60511363636363,1590.2010146679236,1995.8119548637003,3149.7142874419505,0.032413447235390865,0.18760161101818085,0.4589553475379944,0.97613924741745,1.2543457746505737,0.10437958687543869,19161.80078125,-248.28390502929688,92.6872329711914,132.14898681640625,34.86082077026367,13.708165168762207,30.303693771362305,25.263717651367188,46.64105224609375,-12.338410377502441,27.793676376342773,0.5726957321166992,27.48703384399414,-6.731411933898926,16.344846725463867,-7.804694175720215,14.271323204040527,-8.059133529663086,13.484564781188965,-6.260746479034424,11.329784393310547,0.15083733201026917,10.188102722167969,3.6230688095092773,8.009793281555176,2.21716046333313,7.107297420501709,4.207213257221456,0.0013955960748717189,0.18346215632592788,0.23332582533695487,0.30451938539554546,0.21055668832984786,0.12844007432234086,0.09930910934639056,0.04319195767635134,135.55351991075048,Hip-Hop,Pumpupthemind - Soft Touch.mp3,inicio
156.60511363636363,1347.4277928258339,1832.6976610265049,2707.9919584764416,0.025554078282217493,0.21278224885463715,0.5026100873947144,1.006239891052246,1.2939397096633911,0.09358450025320053,19420.275390625,-238.5419464111328,68.25167083740234,157.42547607421875,37.54800796508789,23.961402893066406,44.53443908691406,31.269142150878906,40.461395263671875,5.380299091339111,21.43628692626953,8.179627418518066,15.697299003601074,1.5566174983978271,13.830455780029297,-4.559749126434326,12.67422103881836,-4.353088855743408,10.757192611694336,-2.0848734378814697,10.367586135864258,-2.6774487495422363,11.04304313659668,-1.5806363821029663,11.563953399658203,-0.857463002204895,10.281700134277344,4.57792445990254,0.0001251314242836088,0.1481527600279127,0.23127669297918116,0.2304223185158412,0.21688541369800768,0.1344678953101119,0.07786315015213663,0.03879370566457424,173.36831154843486,Hip-Hop,Pumpupthemind - Soft Touch.mp3,mitad
156.60511363636363,800.3497476345116,1087.914174645882,1446.3745873040828,0.01750291759384675,0.15767796337604523,0.48957350850105286,0.6498991250991821,1.0746047496795654,0.0943223163485527,16152.837890625,-313.3301696777344,98.36355590820312,134.13247680664062,67.89672088623047,37.212459564208984,45.130104064941406,24.363414764404297,23.46170997619629,6.546947479248047,20.043535232543945,-2.7332277297973633,11.277615547180176,2.5976362228393555,12.451319694519043,-5.271693706512451,10.036754608154297,-9.074381828308105,11.524910926818848,-5.079752445220947,12.881719589233398,-3.648380756378174,9.60491943359375,0.1752595156431198,8.209590911865234,-0.040120694786310196,8.493576049804688,4.984076748500033,0.0001443755318177864,0.1778496878523275,0.24508799191512654,0.24882401632118156,0.20112400864392907,0.13799364580234189,0.07837013165822607,0.04612439219204252,285.363833925729,Hip-Hop,Pumpupthemind - Soft Touch.mp3,final
95.703125,2577.998875386215,3091.112151172825,5385.742433152332,0.061424231750677245,0.21173729002475739,0.5422863364219666,1.2668617963790894,1.6993074417114258,0.08231664448976517,17183.390625,-139.80038452148438,82.89312744140625,139.3232421875,38.44906234741211,-21.547788619995117,35.086673736572266,36.93659973144531,24.317703247070312,-0.9225332736968994,21.710182189941406,25.299602508544922,11.434239387512207,-0.7341622710227966,12.603212356567383,9.472850799560547,12.722597122192383,-5.059876918792725,11.57591438293457,-0.6582565307617188,11.517751693725586,-9.157730102539062,10.159598350524902,-2.0538387298583984,10.927078247070312,1.7316031455993652,10.059515953063965,2.0424518313628,0.002229591365903616,0.08516087514096439,0.07594140029715189,0.1288425401009919,0.09166641903843024,0.021660820961850933,0.039774267054327204,0.009020371010049093,40.97919041684592,Hip-Hop,Pumpupthemind - Upbeat Beat.mp3,inicio
95.703125,2186.4754785476835,2691.671190757323,4477.75625695385,0.051916919625580496,0.19532784819602966,0.5186169743537903,1.1578304767608643,1.5812407732009888,0.08393598347902298,15800.0830078125,-168.5806121826172,108.63584899902344,142.563232421875,40.34693908691406,-11.885762214660645,47.079227447509766,38.37946701049805,25.58584976196289,-0.7243122458457947,19.96196174621582,20.775348663330078,14.747395515441895,-1.1822853088378906,12.320470809936523,6.902667045593262,13.1375732421875,-5.794222831726074,11.671830177307129,-2.166515827178955,11.403788566589355,-8.7061185836792,9.82967472076416,-3.347978353500366,10.109882354736328,0.5356054306030273,10.375713348388672,2.1704241280001266,0.00046330885379575193,0.11527706694044369,0.11554855046588919,0.17230504623841658,0.12991182995017958,0.036450487845357836,0.06379563439272223,0.017017354308121367,43.508312697989425,Hip-Hop,Pumpupthemind - Upbeat Beat.mp3,final
95.703125,2593.172287530947,3003.346704883309,5300.951279206172,0.060096008489744585,0.2205783575773239,0.5117652416229248,1.3206806182861328,2.049988269805908,0.09175404906272888,15643.8515625,-155.07345581054688,81.95040130615234,142.79063415527344,47.015281677246094,-28.928272247314453,27.075660705566406,24.183246612548828,21.519346237182617,2.281803607940674,19.326534271240234,18.970516204833984,15.24477767944336,-0.7122955322265625,12.16153335571289,12.954204559326172,10.056764602661133,2.353511095046997,11.413544654846191,8.723337173461914,10.63814640045166,-1.0809682607650757,11.399998664855957,2.5718069076538086,9.880780220031738,2.3601181507110596,13.25049877166748,2.651719732606691,0.0025931084528565407,0.12015720918174634,0.1509268845698355,0.16682453023092697,0.08258147547711021,0.05531244688885751,0.0435114679931982,0.022340343144596958,60.38444125978833,Hip-Hop,Pumpupthemind - Urban Escapade.mp3,unico
161.4990234375,1158.583908719193,1617.7611146068252,2036.01268850982,0.02705104579866486,0.14425687491893768,0.44947829842567444,0.8653485178947449,1.568824291229248,0.10448027402162552,14051.0263671875,-274.22943115234375,79.21372985839844,162.7423095703125,36.36776351928711,25.223651885986328,26.306079864501953,-6.478682518005371,38.630210876464844,-15.981636047363281,25.666595458984375,6.069888591766357,27.248809814453125,-5.599154949188232,18.467355728149414,-9.13711166381836,17.711517333984375,-7.022002220153809,14.312344551086426,-3.3798577785491943,10.86943531036377,-1.3862818479537964,11.024981498718262,-3.0003738403320312,10.390710830688477,-3.389259099960327,8.863211631774902,3.7776762183167194,0.0013010494876652956,0.16423538742468707,0.1834083067410517,0.2248235249581063,0.2553530712834835,0.09332261515200922,0.10375368624817753,0.011104653621118132,169.5619573735616,Hip-Hop,Pumpupthemind - Urban Serenade.mp3,inicio
161.4990234375,861.119643494305,1201.4577858335285,1485.8076821908862,0.019584159732972135,0.1302114874124527,0.4292308986186981,0.701621949672699,1.4197205305099487,0.10421288758516312,13091.583984375,-301.9398498535156,86.47986602783203,161.76580810546875,47.3425407409668,46.10993194580078,30.140403747558594,5.864627361297607,26.130990982055664,-9.20173168182373,20.191003799438477,1.006710410118103,23.207134246826172,-8.002035140991211,14.359381675720215,-9.645764350891113,16.18035888671875,-9.257584571838379,15.375431060791016,-7.503209590911865,13.013406753540039,-6.142376899719238,12.607473373413086,-7.077224254608154,11.954084396362305,-7.542988300323486,10.856812477111816,3.7423379414114564,2.7033260266762227e-05,0.17467305230985852,0.15835411412728986,0.2171973823472685,0.25145212890662066,0.08683359652637103,0.11508315519109906,0.01905284671319936,192.63526650762654,Hip-Hop,Pumpupthemind - Urban Serenade.mp3,final
109.95678191489361,6050.416561091743,4613.341585533183,11598.621531389077,0.18495258532072367,0.047309935092926025,0.5436752438545227,1.760265588760376,2.680217981338501,0.09021595865488052,1309.3953857421875,-286.00927734375,94.71400451660156,54.23891067504883,43.62086868286133,-11.110676765441895,40.63608932495117,62.96932601928711,23.78441619873047,-6.750285625457764,19.012725830078125,46.3951301574707,14.226666450500488,-19.016021728515625,18.295137405395508,19.84014320373535,13.653118133544922,-23.13847541809082,17.615707397460938,19.910476684570312,10.708178520202637,-8.1876859664917,11.330402374267578,9.229774475097656,9.96835708618164,-4.253085613250732,10.443613052368164,1.3982706285365534,0.008677845820784569,0.08542449232022767,0.10881527840059864,0.1350261880714576,0.14786079399029403,0.06570934475746572,0.057204085300413855,0.04062057653843484,12.591616603156341,Hip-Hop,"The Sugar Hill Gang - Rapper_s Delight  HQ, Full Version .mp3",inicio
112.34714673913044,4787.954666674859,4302.609856261085,9976.239675043536,0.12115251759626548,0.055154409259557724,0.5038024187088013,1.4888014793395996,1.352195382118225,0.08921443670988083,1202.489501953125,-222.49874877929688,59.80815505981445,94.22943878173828,29.00244140625,-20.216690063476562,32.420108795166016,68.93357849121094,19.829505920410156,-17.30195426940918,16.718847274780273,36.14918899536133,15.234986305236816,-17.1220760345459,13.38562297821045,22.64908790588379,13.763648986816406,-14.285308837890625,13.294168472290039,18.383697509765625,11.892775535583496,-8.846831321716309,10.2777099609375,4.455834865570068,10.250228881835938,-1.5426548719406128,9.243430137634277,1.2510853241043207,0.0014253221452236176,0.07498076329726275,0.07203526724998736,0.10323060564752022,0.09928934747456875,0.029680317630986996,0.04128141785244443,0.04178979146944535,18.550493078933677,Hip-Hop,"The Sugar Hill Gang - Rapper_s Delight  HQ, Full Version .mp3",mitad
109.95678191489361,5295.455806811705,4490.059194965049,10814.576272403492,0.1556343574642028,0.04683693125844002,0.5020288228988647,1.4535998106002808,1.843313217163086,0.0866464152932167,1212.557373046875,-233.6552276611328,75.46382904052734,88.33822631835938,41.26863479614258,-24.566715240478516,24.425539016723633,56.194053649902344,15.227760314941406,-12.881804466247559,12.868261337280273,35.04737854003906,12.951926231384277,-22.81231117248535,12.721524238586426,21.03091812133789,12.874075889587402,-21.784839630126953,14.015440940856934,17.885723114013672,10.833690643310547,-11.093462944030762,10.48109245300293,7.811673164367676,8.693087577819824,-3.7173879146575928,9.385863304138184,1.3053275139665583,0.0021976507268846035,0.08532088525494186,0.06507254151065868,0.15155125638741648,0.09947359232434798,0.03641371338513921,0.053264252595836024,0.041208906519435255,15.92166680003615,Hip-Hop,"The Sugar Hill Gang - Rapper_s Delight  HQ, Full Version .mp3",final
139.6748310810811,1889.2539449199878,2131.014630661497,3528.970327465896,0.043777702024477554,0.2180265337228775,0.36140161752700806,1.156626582145691,2.069713830947876,0.09378840774297714,17219.513671875,-187.7587890625,91.59481811523438,164.91278076171875,45.0865478515625,7.556795597076416,24.750181198120117,9.181325912475586,37.42784881591797,-5.104106903076172,26.02120018005371,9.230863571166992,24.53329849243164,-12.844218254089355,12.01954460144043,4.9026713371276855,14.516129493713379,6.059723854064941,13.597429275512695,6.027892112731934,14.824195861816406,-3.0812435150146484,11.813125610351562,0.6853775382041931,15.120606422424316,-7.252844333648682,11.000603675842285,3.7570191637501607,0.0002652349357958883,0.27555273676734965,0.1876979156953309,0.29576371172060684,0.21217739221284712,0.1004560494057621,0.10770872882532381,0.014143314230296147,53.37619136808868,Hip-Hop,VibeDepot - Free Trap Music.mp3,inicio
139.6748310810811,2100.6909325421248,2395.3128983817705,4051.442168150155,0.04833908789667183,0.23111261427402496,0.36973267793655396,1.0946098566055298,1.7038099765777588,0.09272947907447815,17410.85546875,-160.7163848876953,85.80635070800781,161.71368408203125,46.77728271484375,-6.393462657928467,20.352596282958984,22.05463218688965,24.693552017211914,8.980116844177246,23.952394485473633,4.855074405670166,25.208759307861328,-9.177044868469238,9.343912124633789,13.054315567016602,12.327622413635254,8.067636489868164,10.299818992614746,11.369575500488281,13.234053611755371,1.0153833627700806,11.790534973144531,3.3110623359680176,12.891470909118652,-8.883424758911133,8.970561027526855,3.6930481033546854,0.00044898901251144707,0.2664459037240276,0.19399627614946655,0.29936907040774025,0.2047091570231781,0.10403142266242955,0.10197648729705074,0.010110396758561905,44.08052784648459,Hip-Hop,VibeDepot - Free Trap Music.mp3,mitad
139.6748310810811,2299.29863837734,2743.819999035619,4469.189642088332,0.04917695131095201,0.18419364094734192,0.34969642758369446,1.0647233724594116,1.6006308794021606,0.08771196007728577,11503.40234375,-169.89674377441406,84.57403564453125,147.5972137451172,45.55207443237305,-8.839138984680176,22.47295379638672,29.185462951660156,19.30828857421875,3.6650586128234863,22.108129501342773,8.393695831298828,18.100112915039062,-9.178984642028809,7.833811283111572,13.600198745727539,12.850173950195312,11.615975379943848,11.164759635925293,13.770557403564453,12.176816940307617,4.12211275100708,10.430746078491211,0.834150493144989,12.30068302154541,-9.788623809814453,9.624756813049316,4.154517526843026,0.0004566699790302664,0.2579014527397109,0.19260308894855863,0.2789885574609478,0.18783163666314462,0.0982088710680318,0.09440787746172818,0.013491987927427777,39.4024256452134,Hip-Hop,VibeDepot - Free Trap Music.mp3,final
139.6748310810811,1993.3722358085577,2101.4091255668322,3955.0260844983554,0.05038518285603715,0.18694297969341278,0.4102764129638672,1.1734733581542969,1.658569574356079,0.09168761968612671,15465.0771484375,-161.5604248046875,96.24296569824219,164.36651611328125,37.0618896484375,-22.114721298217773,43.10161590576172,24.711454391479492,24.943267822265625,7.562705039978027,24.29960823059082,5.61738920211792,24.15505027770996,-3.214843273162842,11.503965377807617,9.024301528930664,10.136528968811035,2.532435655593872,9.526679039001465,9.620747566223145,8.54796314239502,0.5424471497535706,8.482234954833984,-1.0690090656280518,9.39991283416748,0.31416258215904236,8.632855415344238,2.2454004474352294,0.00048392568714916706,0.13925610333928118,0.26826916973177667,0.18937613985262866,0.1770325580671664,0.06143108770622668,0.09349367460472496,0.014961574888350058,38.97301499278848,Hip-Hop,VibeDepot - Free Trap.mp3,inicio
139.6748310810811,2051.159919634666,1930.4351735322732,3803.243668972523,0.0627798546947562,0.20743922889232635,0.3343949317932129,1.2909126281738281,2.1518032550811768,0.09288959950208664,16443.1328125,-160.50791931152344,78.0501708984375,180.7062225341797,47.53488540649414,-30.370798110961914,29.894136428833008,-0.837028980255127,33.98614501953125,10.220903396606445,27.467836380004883,6.86719274520874,21.500383377075195,-13.988754272460938,9.841265678405762,7.632473945617676,11.015456199645996,3.346801280975342,9.851293563842773,5.885486602783203,8.241539001464844,2.605738639831543,8.886177062988281,1.8988730907440186,10.266608238220215,-0.21193654835224152,10.80753231048584,2.565264510007628,0.0006460996228270233,0.15357083226772825,0.2564411821238715,0.1788895903477576,0.18396523695640407,0.0690876142821999,0.08760290728255175,0.010785475297643959,31.487043226597383,Hip-Hop,VibeDepot - Free Trap.mp3,mitad
139.6748310810811,1924.941382168632,2111.8467223680786,3839.401783662684,0.046882558533281736,0.24217011034488678,0.3919295370578766,1.2523061037063599,2.02203106880188,0.08672262728214264,16902.201171875,-152.94456481933594,93.30754089355469,180.04254150390625,57.61735534667969,-23.693742752075195,23.615440368652344,11.381767272949219,26.32942008972168,17.962238311767578,26.350622177124023,4.237717151641846,20.66212272644043,-10.582377433776855,9.825573921203613,5.825079917907715,11.135361671447754,-1.47225022315979,7.132715702056885,6.195034980773926,8.202258110046387,1.2774490118026733,8.149791717529297,-0.6479416489601135,8.775166511535645,-0.10759047418832779,7.097355842590332,2.678239307505261,0.000568741001188755,0.18619975744521838,0.2691386467796654,0.17631212595048446,0.17134382956121472,0.06360201464346801,0.0954697013401883,0.010328003339387435,43.13733001251595,Hip-Hop,VibeDepot - Free Trap.mp3,final
97.50884433962264,2659.784514989299,2777.9971307548067,5409.617288784346,0.05967896641592492,0.15762321650981903,0.3330068588256836,1.083299994468689,1.6844496726989746,0.093148373067379,10659.3740234375,-180.90753173828125,78.57437896728516,141.1416473388672,47.168399810791016,-12.002514839172363,24.702144622802734,1.6513785123825073,34.916481018066406,-6.340333461761475,23.988550186157227,14.899015426635742,22.20724868774414,-19.674962997436523,13.302042007446289,-1.9026840925216675,16.351757049560547,-10.45429801940918,11.32444953918457,-3.0748560428619385,16.363218307495117,-10.27277946472168,10.495686531066895,5.457509517669678,11.466268539428711,4.264297962188721,10.706392288208008,4.139523609794456,0.0005865851999260485,0.18583610052438676,0.20200158274339083,0.16700018172228948,0.2027942744384423,0.08220935108251523,0.1046081039311303,0.05155595691863738,30.594988195163666,Hip-Hop,VibeDepot - No Copyright Trap.mp3,inicio
147.65625,4348.1066711090825,4426.65234087462,9528.95071307203,0.08064803840944272,0.27569517493247986,0.5511439442634583,1.3804163932800293,2.181190252304077,0.0704936683177948,13832.3544921875,-83.69488525390625,86.29922485351562,101.4393539428711,43.29857635498047,-10.762754440307617,23.677326202392578,39.09367752075195,14.973762512207031,-11.99880313873291,16.304401397705078,33.62079620361328,17.320600509643555,-13.182353019714355,10.99213981628418,21.27004623413086,10.243634223937988,-5.578360557556152,9.387104034423828,16.011709213256836,9.776443481445312,-8.613887786865234,10.725403785705566,20.043214797973633,10.608814239501953,-0.35352176427841187,9.199712753295898,3.0934130641093303,0.0016000161413103342,0.1151690308178096,0.1276660033708469,0.10621104311934246,0.11695286592949157,0.06128412094094209,0.044958107425659255,0.014699255434525538,31.0614056263041,Hip-Hop,VibeDepot - No Copyright Trap.mp3,mitad
147.65625,4631.831092945366,4411.525777422478,9835.315527192579,0.10306060129643962,0.24212764203548431,0.514316737651825,1.0901789665222168,0.9838955998420715,0.0726560577750206,12353.4404296875,-52.98808670043945,97.75801086425781,98.10655975341797,26.50882339477539,-29.74184226989746,21.930042266845703,33.26457214355469,20.844987869262695,-11.385061264038086,11.06028938293457,27.74683380126953,21.3909912109375,-17.0845947265625,6.67894983291626,22.73123550415039,14.637882232666016,-9.101615905761719,6.519452095031738,17.23114585876465,13.228034019470215,-12.630945205688477,6.641883373260498,17.85980796813965,13.16578483581543,-9.757773399353027,6.243638038635254,2.4205917154879155,0.0022474147845059633,0.13538118178901404,0.18976612129422019,0.18933378383548244,0.12234894465925564,0.06759169551024202,0.08500351679497024,0.11448370671652396,17.841224257717645,Hip-Hop,VibeDepot - No Copyright Trap.mp3,final
139.6748310810811,1921.851088307054,1982.2482345581022,3791.1270755732394,0.04354225371275155,0.22172480821609497,0.3140428960323334,1.1735539436340332,2.1765949726104736,0.08942313492298126,14362.9169921875,-192.21482849121094,92.37578582763672,167.6662139892578,43.12724304199219,-9.882941246032715,20.636821746826172,16.022666931152344,41.54124450683594,3.8263654708862305,30.90797233581543,6.294022560119629,26.803152084350586,-24.460514068603516,14.512895584106445,0.4234437644481659,12.379166603088379,0.12334883958101273,11.11052417755127,-0.20287859439849854,9.934438705444336,-0.9395655393600464,9.93258285522461,-0.007994282990694046,13.181123733520508,-3.889838457107544,11.232068061828613,4.245350637003456,0.00016536125622224063,0.16484020233487787,0.17990866263628438,0.19219296822638898,0.16859568705731176,0.09144101035352334,0.09449178928301329,0.019786387789945264,37.344981493005015,Hip-Hop,VibeDepot - Trap for Video.mp3,inicio
139.6748310810811,2469.2773066382265,2812.4838045653264,5243.3349609375,0.04223595019833591,0.30844661593437195,0.4001586437225342,1.2797822952270508,1.9121973514556885,0.07929841428995132,19388.064453125,-109.70066833496094,63.84873962402344,156.28646850585938,39.868160247802734,-24.594396591186523,16.40748405456543,42.70414352416992,26.361465454101562,-8.655353546142578,27.198062896728516,15.319989204406738,21.99375343322754,-20.755619049072266,10.12590217590332,6.801304340362549,10.152273178100586,3.4154207706451416,8.618091583251953,10.413902282714844,10.024284362792969,5.224327087402344,10.112866401672363,6.439955711364746,9.284014701843262,-0.8393633365631104,10.218082427978516,4.271878655186543,0.00028306982130743563,0.14468430099757962,0.1446515481915216,0.05957959414410608,0.15891094956669877,0.06398218989826163,0.05286409083037437,0.010275654529392693,39.381007408088415,Hip-Hop,VibeDepot - Trap for Video.mp3,mitad
139.6748310810811,2711.762892952259,3091.0159817001927,5718.165423035991,0.049612133864647835,0.268700510263443,0.4131668210029602,1.2084497213363647,1.6485785245895386,0.07948903739452362,16560.6015625,-111.73086547851562,71.39852905273438,144.62619018554688,31.34418296813965,-30.730302810668945,20.63815689086914,49.01371383666992,16.35200309753418,-6.115380764007568,24.210281372070312,24.332271575927734,17.331317901611328,-27.636802673339844,10.775568008422852,11.960567474365234,8.857403755187988,1.9770605564117432,7.681386947631836,6.231252670288086,7.531386375427246,8.039881706237793,9.47868824005127,9.066408157348633,8.050348281860352,3.3488173484802246,8.833142280578613,4.038984022877148,0.00021754619956482202,0.13422498647801914,0.12016131701779763,0.0513009383268432,0.15794688157566086,0.059056859473685455,0.043305261689028166,0.010196231213789255,34.072460431617785,Hip-Hop,VibeDepot - Trap for Video.mp3,final
143.5546875,1938.038575310881,2416.8742404977274,4083.025310504547,0.0333182036692144,0.26894256472587585,0.42995336651802063,1.226963996887207,2.1730613708496094,0.08242353051900864,18221.541015625,-162.68316650390625,78.40555572509766,161.35096740722656,45.660037994384766,6.18646240234375,20.88895606994629,31.95475196838379,25.387466430664062,17.096668243408203,30.28277587890625,23.29717445373535,19.7161808013916,-4.37294864654541,10.233405113220215,11.78816032409668,8.195768356323242,4.414877414703369,8.873233795166016,8.36575984954834,9.22408676147461,2.0813064575195312,10.492734909057617,7.010765075683594,10.093634605407715,-0.6127099394798279,8.691764831542969,3.7650606587758095,0.00022267190797720104,0.30595538321683585,0.20164896491404521,0.27772598951387023,0.16084090040748175,0.12119300183319114,0.12746370454810582,0.01573962941035168,64.92097797304008,Hip-Hop,VibeDepot - Trap Free Music.mp3,inicio
143.5546875,2733.4947129916327,3121.929077700645,5669.865715097717,0.0447514300744969,0.29191306233406067,0.4533923268318176,1.4514470100402832,2.4965333938598633,0.0864158570766449,21361.56640625,-130.82669067382812,84.2323226928711,132.52931213378906,44.06306838989258,-3.619633913040161,24.09430694580078,40.76272201538086,27.08601188659668,7.058809757232666,27.413816452026367,29.471952438354492,21.120193481445312,-10.263723373413086,11.385117530822754,10.834173202514648,12.6466064453125,1.20926034450531,10.272533416748047,11.207975387573242,11.234879493713379,-4.447284698486328,10.505105018615723,8.02807903289795,11.920365333557129,-1.9635863304138184,7.901670932769775,3.4283847189824423,0.00043184036621823907,0.1859217267521916,0.13976339621306114,0.15725038088001533,0.12295075430147855,0.06889461617674267,0.08202230671928165,0.023861457620183407,42.48779256675691,Hip-Hop,VibeDepot - Trap Free Music.mp3,mitad
143.5546875,2013.777101533739,2427.747133204908,4161.02483885207,0.038332723611648606,0.2361484169960022,0.3806282579898834,0.8952606320381165,1.2844195365905762,0.09084150195121765,16002.5185546875,-186.95933532714844,127.10194396972656,144.39366149902344,47.18124771118164,22.659635543823242,47.88712692260742,36.74500274658203,23.25345230102539,10.069040298461914,15.750061988830566,22.720335006713867,14.744404792785645,-6.197933197021484,13.871360778808594,10.682647705078125,11.357931137084961,0.6360186338424683,10.441984176635742,11.25283145904541,11.813496589660645,-1.166956901550293,11.545546531677246,2.5466604232788086,15.297218322753906,-7.678200721740723,13.038686752319336,3.698588068760263,0.0002835164195857942,0.34495614859883994,0.16349489651786514,0.2595686135706065,0.2189523548300037,0.12607473199567865,0.11270140828379367,0.04187904099087957,46.42330668972102,Hip-Hop,VibeDepot - Trap Free Music.mp3,final
103.359375,2554.6560770912065,3071.9501668042208,5101.477485396914,0.06312357899574303,0.15547505021095276,0.528162956237793,1.4284151792526245,1.1552541255950928,0.08201506733894348,6354.978515625,-188.2082061767578,77.47174072265625,129.09115600585938,32.992393493652344,-37.86522674560547,27.720605850219727,35.77482604980469,33.80109405517578,12.018051147460938,22.30852508544922,21.09925651550293,19.62726593017578,4.5532546043396,14.613605499267578,9.558701515197754,12.692830085754395,8.431986808776855,10.991003036499023,7.506407260894775,10.246855735778809,6.182827949523926,10.081939697265625,13.656524658203125,10.578516006469727,4.884188652038574,10.910646438598633,2.8819711793445224,0.009119570255279541,0.12134238855653404,0.08466804682584458,0.13602361153255202,0.14090815414453853,0.05030325009495276,0.06548166572842953,0.07835649745561886,45.00638888235531,Hip-Hop,Wu-Tang Clan - Protect Ya Neck Official HD Video.mp3,inicio
101.33272058823529,2099.8088953788083,2893.477120239725,4276.974137722524,0.03669403359616873,0.16390468180179596,0.5657923817634583,1.4565062522888184,1.2296650409698486,0.07705860584974289,6293.71142578125,-206.8027801513672,61.665977478027344,133.44224548339844,27.56639862060547,-35.91521072387695,28.335445404052734,42.580684661865234,19.21223258972168,25.86216926574707,21.438365936279297,16.45770263671875,19.098657608032227,22.99214744567871,11.950151443481445,13.962027549743652,13.7267484664917,5.739537715911865,10.820286750793457,11.407365798950195,9.575902938842773,7.16099739074707,9.661687850952148,13.794196128845215,9.32402229309082,2.5838072299957275,9.364371299743652,3.6898071214712056,4.350620656623505e-05,0.15253243979481926,0.0798321915989057,0.15232428187950578,0.1475304201247289,0.049405970554232174,0.07893664915819376,0.06322826101924511,71.31667431245386,Hip-Hop,Wu-Tang Clan - Protect Ya Neck Official HD Video.mp3,mitad
101.33272058823529,2143.988968557749,3806.3150348718173,3998.200823426616,0.0761134853303986,0.08233845978975296,0.5760071277618408,1.0668240785598755,1.0989947319030762,0.07829301059246063,2830.077880859375,-328.0960998535156,75.67156219482422,123.87006378173828,31.197219848632812,7.936763763427734,33.873435974121094,15.739418029785156,34.73814392089844,35.66149139404297,21.790081024169922,15.8587646484375,14.690311431884766,16.306486129760742,16.497371673583984,17.11617660522461,15.809087753295898,6.772374153137207,8.720770835876465,14.285548210144043,9.346402168273926,4.276313781738281,9.573030471801758,14.918624877929688,8.899758338928223,1.668918251991272,9.052543640136719,6.108636576025522,0.0024649901315569878,0.1499479691297896,0.07943962027725067,0.14089351968717675,0.14785362734104765,0.053418548700437184,0.07878066787383858,0.05586295593213775,126.04948355467016,Hip-Hop,Wu-Tang Clan - Protect Ya Neck Official HD Video.mp3,final
140.625,2006.1532226565785,2329.799230287755,3927.9267019196586,0.02646838478714895,0.1600898802280426,0.41957443952560425,1.2266414165496826,2.8152294158935547,0.13530057668685913,14302.6630859375,-331.2302551269531,108.38327026367188,76.04878997802734,52.142215728759766,13.818589210510254,27.959882736206055,31.276395797729492,30.742584228515625,10.866591453552246,19.397899627685547,9.948088645935059,21.185060501098633,0.03580787032842636,15.390235900878906,-0.02219744212925434,17.375844955444336,-11.913716316223145,15.314764022827148,-8.541509628295898,18.222003936767578,-11.161137580871582,14.432733535766602,0.6669508814811707,16.015380859375,4.676803112030029,11.68096923828125,6.108834999716852,0.0013175572967156768,0.3933853065332986,0.22644691020533694,0.3566658694699879,0.33491136544222516,0.12535600134156613,0.1747070813728549,0.03853546475357955,84.1955804703417,Hip-Hop,YuraSoop - 808 Rap Banger.mp3.mp3,inicio
140.625,2371.689405043186,2566.588818999158,4529.253132776395,0.03108041209340562,0.2156243473291397,0.6399821639060974,1.6070722341537476,3.527387857437134,0.0881190299987793,16226.4560546875,-298.35601806640625,102.24011993408203,90.28085327148438,60.402000427246094,45.7940559387207,34.29508590698242,56.28521728515625,27.744937896728516,14.574151992797852,27.515453338623047,32.109073638916016,16.59034538269043,11.245660781860352,14.112189292907715,9.420004844665527,11.570302963256836,0.7678249478340149,13.296464920043945,11.414520263671875,11.382226943969727,3.6695899963378906,11.325034141540527,12.415026664733887,9.43890380859375,4.442381381988525,9.091980934143066,5.5537554474745505,0.0004420820332597941,0.32840694032712164,0.2068418728989131,0.23031298795832916,0.08186989292469861,0.09151521026784366,0.1687044981543779,0.014119514286993979,89.3140540599661,Hip-Hop,YuraSoop - 808 Rap Banger.mp3.mp3,mitad
140.625,2137.061469905349,2409.756969957942,4069.7514886242448,0.02750257593094561,0.24332357943058014,0.6934050917625427,1.5550954341888428,3.4016151428222656,0.07053610682487488,18004.0546875,-295.9570617675781,100.9919662475586,105.36951446533203,57.863182067871094,59.646942138671875,33.89878845214844,55.00371170043945,25.635480880737305,5.682238578796387,26.207490921020508,23.132068634033203,13.38328742980957,9.056414604187012,10.048977851867676,12.639383316040039,9.462238311767578,9.00369644165039,10.95726490020752,16.472814559936523,10.477932929992676,3.7811434268951416,10.350934028625488,9.074457168579102,8.340652465820312,2.0339627265930176,8.335741996765137,5.577901596479349,0.000429874547990039,0.2872226442225971,0.20608394875175873,0.22036981534269628,0.08799186785753688,0.08606249427208607,0.14698042368013406,0.12075281385813934,105.78833576657173,Hip-Hop,YuraSoop - 808 Rap Banger.mp3.mp3,final
114.79591836734694,1620.7341622865924,1707.0403586323491,2782.2637086740133,0.034726118134553854,0.14886189997196198,0.3428249955177307,1.1229609251022339,2.4892237186431885,0.11759156733751297,10542.6962890625,-333.5902404785156,109.6937026977539,101.02033233642578,50.94922637939453,29.335376739501953,37.86296463012695,21.785123825073242,28.580625534057617,-6.0557990074157715,25.795677185058594,1.2385201454162598,20.684904098510742,1.387110710144043,16.981945037841797,4.908664226531982,18.663833618164062,-6.992441654205322,15.991378784179688,-11.310462951660156,18.795124053955078,-11.307397842407227,17.69013786315918,-3.3045597076416016,19.003406524658203,-5.292850494384766,14.303035736083984,4.926167938378869,0.0014336188323795795,0.19753383011247366,0.265819002275867,0.2697805452589904,0.3507981772754028,0.16070272592958373,0.13966374276890134,0.05238858747400647,66.04491123955043,Hip-Hop,YuraSoop - Driil Street Beat.mp3.mp3,inicio
71.20253164556962,1732.789126832336,1861.135809040123,3099.9822253821544,0.03256035732536438,0.20580869913101196,0.4554985463619232,1.3626881837844849,2.864842176437378,0.11844363808631897,11678.5029296875,-296.823974609375,110.26909637451172,116.0032958984375,51.57584762573242,27.908300399780273,43.356292724609375,29.62420654296875,34.502906799316406,-3.659044027328491,29.26072120666504,7.613238334655762,20.59494400024414,8.83806324005127,17.234067916870117,12.78418254852295,17.199872970581055,-0.4125174582004547,15.959949493408203,-4.085855960845947,19.249631881713867,-3.1810073852539062,16.665260314941406,4.719475746154785,15.424887657165527,-0.5130261778831482,13.155210494995117,5.003046269680403,0.0003376034728717059,0.1762514117128687,0.20816388936557406,0.20553800107403325,0.28571820349188914,0.12198773540627672,0.10176348382268982,0.005992423207644491,82.60248489614636,Hip-Hop,YuraSoop - Driil Street Beat.mp3.mp3,mitad
71.20253164556962,1748.7854026889781,1689.0322588397132,3097.5826519729826,0.03880421258442943,0.17028215527534485,0.37622591853141785,1.2657090425491333,2.6491284370422363,0.11196258664131165,10999.9287109375,-298.22955322265625,99.42831420898438,119.82862091064453,49.706886291503906,18.482973098754883,40.96003341674805,11.507097244262695,38.51844024658203,-8.820415496826172,28.03221321105957,-1.0980687141418457,24.6236572265625,2.576308488845825,17.84071922302246,12.44614028930664,16.445669174194336,-3.613163471221924,16.635412216186523,-8.668683052062988,20.1839542388916,-2.2800729274749756,13.812541007995605,4.873293876647949,13.081101417541504,-3.4848992824554443,14.301594734191895,4.877997296220469,0.0003756111836992204,0.20139041208250946,0.25160078998658775,0.19899291018662235,0.33346004344469066,0.1338516682139571,0.10817372854718366,0.005907525313409622,71.90516745780664,Hip-Hop,YuraSoop - Driil Street Beat.mp3.mp3,final
112.34714673913044,152.47621440463791,380.69377239596315,203.9154336179373,0.0034376209365325075,0.13612425327301025,0.6939895153045654,0.45958009362220764,0.9701668620109558,0.06484363973140717,2478.007080078125,-485.6493835449219,51.80004119873047,106.23695373535156,44.59947204589844,59.14765167236328,16.545745849609375,34.748592376708984,15.05821418762207,28.617658615112305,10.326666831970215,23.948217391967773,8.627190589904785,18.87139320373535,8.14216136932373,16.332775115966797,8.522537231445312,15.914237976074219,8.209254264831543,14.504205703735352,8.303288459777832,12.843626022338867,9.313394546508789,13.90178108215332,8.45405101776123,15.106965065002441,6.722806453704834,42.253382654004746,0.028723660856485367,0.19208611886384772,0.26602293498175456,0.28271525079890275,0.28450313989859,0.1516299636452261,0.10104153973930832,0.09754010126326464,5874.856601056025,jazz,Ainst Char - Blue Moon.mp3,inicio
147.65625,2411.351138360114,3516.4147809367705,6004.797023147253,0.01912705743275929,0.15669873356819153,0.6683309674263,0.9952036142349243,0.7094936370849609,0.058375198394060135,2871.27001953125,-200.90602111816406,39.95487594604492,127.24663543701172,36.951866149902344,-2.051255464553833,17.130395889282227,59.59157180786133,11.465243339538574,-7.562083721160889,9.48501968383789,24.162885665893555,8.822617530822754,-2.115603446960449,8.274025917053223,18.90125274658203,7.8621931076049805,-0.18329490721225739,9.224090576171875,8.16034984588623,9.418656349182129,-0.4889718294143677,9.364226341247559,8.001116752624512,8.007761001586914,4.638686656951904,6.7011518478393555,6.781242643046162,0.00014817168994341046,0.1863119166363178,0.2004430659620894,0.22718273258462726,0.18018564878139387,0.1174106106350916,0.059609733332057546,0.08435731854993823,102.14438741609139,jazz,Ainst Char - Blue Moon.mp3,mitad
112.34714673913044,279.24540280485536,582.5873288274802,446.5222999407411,0.0061615273679373065,0.11592685431241989,0.7453555464744568,0.4896508455276489,0.9388763308525085,0.04008287563920021,2438.29345703125,-493.25067138671875,48.16706848144531,87.69989013671875,43.081146240234375,49.62168502807617,18.61751365661621,29.86406707763672,15.977396011352539,23.805986404418945,14.20806884765625,19.46071434020996,11.749740600585938,17.168903350830078,9.373475074768066,18.09710693359375,9.238228797912598,19.950645446777344,11.238871574401855,19.483497619628906,10.884055137634277,16.8700008392334,9.140435218811035,14.570493698120117,8.111510276794434,12.13335132598877,7.715991497039795,39.73733366801168,1.552571302454453e-05,0.2161309676053178,0.2334739633945839,0.2814973026653386,0.28132695927227946,0.15127522156909345,0.09054385814944725,0.10205108219170855,5437.972498691638,jazz,Ainst Char - Blue Moon.mp3,final
147.65625,2106.972785190518,2635.5225728110267,4205.0829057723,0.042460438636803405,0.04805201664566994,0.5993056297302246,1.2311348915100098,2.0789670944213867,0.08113189041614532,1751.0584716796875,-438.4677734375,94.00230407714844,73.42107391357422,44.7709846496582,8.371886253356934,32.95527267456055,16.795299530029297,21.12836265563965,16.988018035888672,17.806276321411133,13.18428897857666,16.465667724609375,4.44732141494751,13.70011043548584,9.356611251831055,11.73532772064209,10.767894744873047,10.886653900146484,8.992356300354004,9.3458890914917,9.191628456115723,9.009109497070312,7.014562129974365,8.722983360290527,6.991164684295654,7.380751132965088,11.063514559950699,0.013934185728430748,0.14131303854241156,0.1181681254389821,0.20159540454658606,0.11036437089758419,0.06877873984210756,0.07766802887877773,0.09743350398345814,195.45513960762645,jazz,"Ainst Char - If you Itch, I_ll Scratch.mp3",inicio
139.6748310810811,2329.85790055212,3515.5175939597507,5253.501566128096,0.03394367229827786,0.21181491017341614,0.8178343176841736,1.2594043016433716,1.9839714765548706,0.03209391236305237,3670.65869140625,-247.70912170410156,73.67125701904297,112.64500427246094,50.09659957885742,23.692895889282227,26.001976013183594,43.38620376586914,15.597746849060059,20.383268356323242,17.1130428314209,25.594802856445312,8.498875617980957,8.661139488220215,8.931110382080078,18.935619354248047,7.00421142578125,8.324243545532227,8.140390396118164,12.518758773803711,9.142590522766113,8.941106796264648,8.486387252807617,10.220146179199219,6.589679718017578,3.6195340156555176,6.916559219360352,7.839299063319529,0.002139962976798415,0.13239107730500677,0.13276212525293632,0.12759678144433528,0.1465691194095846,0.08629476736283989,0.0320877038785491,0.018594919327582483,153.04692591336797,jazz,"Ainst Char - If you Itch, I_ll Scratch.mp3",mitad
139.6748310810811,1733.450864274372,2509.6899848256417,3808.093639645414,0.02479274501741486,0.08387579768896103,0.5919640064239502,0.7669269442558289,1.7292708158493042,0.09984511137008667,1017.2817993164062,-434.4753723144531,101.13634490966797,57.70209884643555,50.42982864379883,11.530364990234375,24.531084060668945,13.820648193359375,17.353130340576172,14.921784400939941,18.115480422973633,14.339157104492188,14.242683410644531,8.511680603027344,12.547574996948242,10.841485023498535,11.179771423339844,5.9500322341918945,8.97155475616455,4.116011619567871,10.223044395446777,4.516715049743652,8.111091613769531,5.621394634246826,7.414463520050049,5.3189377784729,8.135540962219238,19.297847622706364,0.10026158392429352,0.07245395628887935,0.11169706848512936,0.2305517976301693,0.14643011462973796,0.050185675911160306,0.08792833986017838,0.03962869980496865,219.3207958831133,jazz,"Ainst Char - If you Itch, I_ll Scratch.mp3",final
151.99908088235293,803.0121437113916,1483.8557832505169,1184.8011690027574,0.025402151763254645,0.02037997916340828,0.35262373089790344,0.4613819420337677,0.7549856305122375,0.10023055970668793,307.24420166015625,-446.99737548828125,57.166812896728516,165.13511657714844,33.273658752441406,52.32612228393555,28.767677307128906,2.266136646270752,17.98081398010254,-3.5720267295837402,11.149884223937988,-0.24867933988571167,9.26077938079834,2.960279941558838,7.829793453216553,1.8225940465927124,7.4155964851379395,0.9916092753410339,7.1102294921875,0.9171610474586487,6.667214870452881,-1.6484687328338623,8.211339950561523,-3.487443447113037,6.558515548706055,-4.944070816040039,7.4341721534729,7.663451589352926,0.0016541891964152455,0.2403192191826558,0.11805422073559112,0.23926110192105277,0.24557470734718267,0.0850780123679413,0.0865404682406815,0.06200253854991708,230.43048538509368,jazz,Albert Beger - Point of No Return.mp3,inicio
126.04801829268293,2105.5791871840656,2557.808734709101,3627.094734121033,0.058331657858455885,0.07060284167528152,0.34744739532470703,0.7894496917724609,0.6052118539810181,0.08326918631792068,523.8712158203125,-228.18048095703125,53.25239181518555,166.1428985595703,39.053951263427734,-26.585193634033203,22.71161460876465,14.770441055297852,17.17113494873047,1.9159015417099,12.787946701049805,11.338876724243164,11.005797386169434,-21.66025733947754,12.542010307312012,15.609576225280762,8.31578254699707,-7.126147270202637,9.90555191040039,-3.4836418628692627,7.250196933746338,-9.717626571655273,7.78759241104126,-4.773408889770508,7.305795669555664,-1.42289137840271,7.373070240020752,4.968685279257542,0.00012569528189487755,0.15760782904794704,0.1814778743709124,0.19227538532805946,0.21459469628970984,0.06299653975983487,0.06924406013461609,0.08182737281496602,24.8392108051426,jazz,Albert Beger - Point of No Return.mp3,mitad
114.84375,1596.9086871797028,2798.6362445009986,2934.265590230747,0.026900630986358358,0.009580311365425587,0.35362672805786133,0.5253552198410034,0.5092101693153381,0.10308724641799927,36.184452056884766,-564.3887939453125,101.3344955444336,150.39797973632812,77.4547119140625,35.2310905456543,25.1917724609375,13.066096305847168,22.818923950195312,14.759215354919434,17.454021453857422,1.3040790557861328,9.9144868850708,-2.565269947052002,8.047027587890625,4.6183857917785645,7.046743869781494,1.0147669315338135,6.747892379760742,-0.982947587966919,6.55367374420166,-2.0982580184936523,7.461568832397461,-1.839178442955017,6.4690632820129395,-0.0930827260017395,4.958805561065674,5.9536523807365995,0.0626288577914238,0.18875546249626485,0.13817926141743303,0.17322426921225598,0.24392432344812986,0.07204845168205737,0.10595341963143734,0.09085851957837926,254.2034264323059,jazz,Albert Beger - Point of No Return.mp3,final
139.6748310810811,2554.688012442239,2773.6301742973005,4637.838622291021,0.06639472323674536,0.05735285207629204,0.3673942983150482,0.9554702043533325,0.9973141551017761,0.09244224429130554,909.0393676757812,-321.27154541015625,106.75141906738281,120.42003631591797,40.25072479248047,-65.87898254394531,43.59190368652344,6.952021598815918,16.86896514892578,1.9298202991485596,16.4221248626709,-3.0280728340148926,11.662690162658691,-6.928361892700195,12.369771003723145,-1.8872913122177124,11.294685363769531,6.856768608093262,9.935708045959473,-5.6673173904418945,10.96672248840332,-8.734856605529785,8.154598236083984,-7.280407905578613,7.546780586242676,-6.372194290161133,6.890574932098389,7.542412091318263,0.004448674153536558,0.2202585710899493,0.20499708924376123,0.30949645618252547,0.2536947743051971,0.103206990178527,0.09657074882396813,0.06772701043111926,10.337460279402814,jazz,Albert Beger - Shasha.mp3,inicio
120.18531976744185,2358.8357986621377,2466.2376192627353,4265.624206354006,0.06556970932904412,0.14314201474189758,0.33520326018333435,0.9360675811767578,0.7277425527572632,0.09019328653812408,2172.256591796875,-169.19224548339844,72.70946502685547,156.60585021972656,32.14276123046875,-64.49100494384766,22.458873748779297,30.51534080505371,13.679327011108398,-3.580220937728882,14.876072883605957,19.457130432128906,11.088603019714355,-8.945408821105957,11.159239768981934,5.620426177978516,8.589594841003418,-5.343923568725586,11.388636589050293,1.9531676769256592,9.67026424407959,-0.9216163158416748,9.578535079956055,-2.69639253616333,9.980081558227539,-1.706082820892334,11.64633846282959,5.092048713755425,0.0002503593859728426,0.13816349988688145,0.12844318372771557,0.17978385317819912,0.19766693018597828,0.06864543737735793,0.06450728285036193,0.07205044186357527,17.7867315206023,jazz,Albert Beger - Shasha.mp3,mitad
129.19921875,2482.6618413101287,2861.678958251189,5103.794138055098,0.048191318571013934,0.06017742305994034,0.4076996147632599,0.7194251418113708,0.6100954413414001,0.1073596253991127,1031.3695068359375,-311.7071533203125,166.46095275878906,116.04889678955078,61.28605651855469,-33.749698638916016,27.93457794189453,28.23357391357422,19.21881103515625,5.038644313812256,17.493270874023438,14.555839538574219,9.982101440429688,-4.704979419708252,11.202664375305176,6.959102153778076,8.5592679977417,-2.955756425857544,9.342855453491211,3.2393410205841064,8.601901054382324,-0.8377444744110107,10.707488059997559,-1.385815143585205,8.269286155700684,-3.996027946472168,9.18705940246582,4.415319790339962,0.0960945338010788,0.17425397490401914,0.12315547578374815,0.17282843881209892,0.16911299724732082,0.06786236403853974,0.07620702619529968,0.08935372626802042,26.073959975601536,jazz,Albert Beger - Shasha.mp3,final
117.45383522727273,3935.478887122983,3836.7669307103615,8129.717507377129,0.08883922092685759,0.05511575564742088,0.598491370677948,1.1816754341125488,1.4097175598144531,0.06885623186826706,1328.19482421875,-213.78700256347656,61.73041534423828,101.45905303955078,29.670820236206055,-35.261077880859375,16.310680389404297,53.896812438964844,11.353231430053711,-6.092665195465088,10.244436264038086,23.001680374145508,8.39352035522461,-13.185115814208984,8.066413879394531,16.427703857421875,8.602306365966797,0.9138621091842651,9.594825744628906,4.8688225746154785,7.361826419830322,-3.897510051727295,7.457085609436035,10.4208984375,7.209402561187744,4.379801273345947,7.882989406585693,2.0166454704519987,0.006121044047176838,0.06412090047529763,0.06383535926647961,0.09392281897931075,0.0808118360861434,0.034268339834688855,0.02910023890686469,0.08190307048169679,24.24253042085216,jazz,Albert Beger - Tales of Beelzebub.mp3,inicio
126.04801829268293,3343.0429393107534,3891.422328894911,7329.797344384917,0.06157143418633901,0.10719779878854752,0.44418027997016907,1.1801345348358154,1.0243909358978271,0.08088333904743195,1420.3392333984375,-143.25961303710938,45.3381233215332,122.35185241699219,25.51373863220215,-23.631013870239258,16.530611038208008,41.912315368652344,10.618940353393555,-5.3809003829956055,10.194628715515137,20.585548400878906,7.60642147064209,-10.883769989013672,8.295308113098145,17.014739990234375,8.9227876663208,-3.8229947090148926,10.194219589233398,5.559811115264893,7.669376850128174,-4.447810173034668,7.260673999786377,9.117131233215332,7.431006908416748,4.758264541625977,7.484272480010986,2.7196700092744184,0.0036932972725480795,0.08368344957120191,0.0860133815220874,0.09313552783272112,0.10277252475623007,0.04305108987713906,0.04021387014194247,0.0714248197448499,28.857378038320533,jazz,Albert Beger - Tales of Beelzebub.mp3,mitad
112.34714673913044,2492.3296972465464,3208.096904793234,5169.627073305679,0.04584514984036378,0.04672449082136154,0.4982655644416809,0.8608428835868835,1.55404531955719,0.08771613240242004,1701.257080078125,-343.1878967285156,172.0588836669922,111.78038787841797,49.904335021972656,-5.9385528564453125,28.886341094970703,22.658388137817383,15.981240272521973,4.491166114807129,13.539265632629395,10.76972484588623,12.096446990966797,-0.4234878122806549,13.378427505493164,9.936529159545898,11.460565567016602,-0.04305331036448479,9.351130485534668,3.4578404426574707,6.378942012786865,1.7031958103179932,8.725554466247559,7.9789018630981445,7.551090717315674,4.682486057281494,6.838678359985352,2.1616333433937163,0.07039453089237213,0.1053118408985743,0.1093966606843284,0.14200331828082297,0.1631754896150517,0.07271522743004602,0.05437023500174195,0.07856400078293967,28.364254607190627,jazz,Albert Beger - Tales of Beelzebub.mp3,final
93.96306818181819,1218.0889946149455,2211.8425897540683,1531.6740715097717,0.03551320173422988,0.01259059738367796,0.19262129068374634,0.5024451017379761,0.7880215048789978,0.0888652503490448,295.4502258300781,-476.05035400390625,55.58435821533203,122.22431182861328,38.64866638183594,35.450870513916016,17.458648681640625,-5.3013596534729,14.151962280273438,-8.975666046142578,9.653432846069336,-5.162713527679443,6.616354942321777,-4.498501300811768,8.24397087097168,-4.656850337982178,6.949582099914551,-2.511735677719116,6.0345306396484375,-0.024962905794382095,7.293430805206299,2.175916910171509,7.192317962646484,5.293947696685791,7.056661605834961,4.099591255187988,7.544283390045166,9.486005359011694,0.005312376189976931,0.292045830069575,0.2702120166553272,0.2817175946653186,0.27238008684709447,0.14445789258032699,0.11457735519780421,0.08586938222707702,83.06746666064002,jazz,Albert Beger - The One For Hope.mp3,inicio
114.84375,2409.271445806482,3254.2437757779635,5319.176169002757,0.04258005242598684,0.13845141232013702,0.4910787343978882,1.0356279611587524,0.7617016434669495,0.07677856087684631,1888.3160400390625,-139.6771240234375,33.580501556396484,157.72061157226562,27.959815979003906,-13.000341415405273,14.707605361938477,45.26003646850586,13.826826095581055,-15.679795265197754,9.547901153564453,16.58637809753418,7.348759651184082,-6.568357944488525,7.775296688079834,10.553454399108887,7.291736125946045,-2.170809268951416,7.326632976531982,3.722585916519165,6.1494622230529785,-3.0980799198150635,6.170008182525635,4.195903778076172,6.472207069396973,-1.1433683633804321,6.490143299102783,2.532775167452755,0.0012781573459506035,0.09341067958309379,0.08440999449866224,0.083228219653224,0.08582215484317159,0.038244203444985456,0.04171730858596582,0.06198826862029723,51.143741449803066,jazz,Albert Beger - The One For Hope.mp3,mitad
117.45383522727273,1104.2093534567268,2179.1836780712065,1881.246957690354,0.024671052631578948,0.014854900538921356,0.461239755153656,0.4438907504081726,0.5263766050338745,0.09361015260219574,135.4168701171875,-479.09210205078125,73.21127319335938,150.1435089111328,58.801387786865234,55.1649284362793,26.88646125793457,5.610020637512207,22.707714080810547,-2.428260564804077,13.768808364868164,0.44878819584846497,8.612293243408203,1.69862961769104,6.364624977111816,0.33161574602127075,6.324275970458984,0.7775671482086182,5.425911903381348,1.3231894969940186,6.015397548675537,-1.2468945980072021,5.634985446929932,-3.023102283477783,6.7672858238220215,-2.0882794857025146,6.714034557342529,5.778125336439669,0.004973949398845434,0.1458941760114511,0.19010758495596622,0.1671449154417312,0.19742705700759908,0.09481245518943322,0.06381858110416788,0.1030996536721445,314.23569961924795,jazz,Albert Beger - The One For Hope.mp3,final
126.04801829268293,2244.5258019110274,3041.154565766688,4895.920395039184,0.03793608957768963,0.12466172128915787,0.5229119658470154,1.0067224502563477,0.914513349533081,0.0706433430314064,2355.4423828125,-169.36929321289062,49.60243606567383,153.8231201171875,24.893430709838867,-23.60622215270996,14.503182411193848,56.04660415649414,12.605305671691895,0.8845017552375793,10.047877311706543,20.646503448486328,7.016994476318359,-8.364598274230957,7.663704872131348,17.346439361572266,7.3558878898620605,3.050771713256836,9.368453979492188,7.479327201843262,6.826907157897949,-0.7044152617454529,6.6103339195251465,4.6874284744262695,7.714958667755127,3.122795820236206,7.103969573974609,3.0357177859833953,0.0018688992131501436,0.06956920535331128,0.07655780876397167,0.0785237516563159,0.06450441154973079,0.03886319012434362,0.028520213005272986,0.10748111163189605,63.01480660518057,jazz,Albert Beger - What A Day.mp3,inicio
123.046875,2816.4503565409414,3100.7890302884575,5559.149717915538,0.06828945856714397,0.19923852384090424,0.4516991078853607,1.0653315782546997,0.6116682291030884,0.07866739481687546,6412.681640625,-76.26847839355469,27.284353256225586,146.5850830078125,20.18634033203125,-53.197200775146484,14.437090873718262,45.97174835205078,10.787527084350586,-7.53652286529541,8.030110359191895,22.05128288269043,7.579897880554199,-11.216877937316895,7.542473793029785,17.51753044128418,7.426480293273926,-3.1792426109313965,8.01165771484375,10.246868133544922,6.929955959320068,-3.497223377227783,6.967667579650879,7.496776103973389,7.253948211669922,-4.0146484375,7.160157203674316,1.8724627980867943,0.00046778187970630825,0.07023538036364566,0.061397880634147514,0.09636499624880748,0.06591160701111429,0.037422391591242526,0.02766980564738383,0.08656979053144845,26.29606526757564,jazz,Albert Beger - What A Day.mp3,mitad
123.046875,3153.1611831915634,3129.564259924668,6162.021072434936,0.08649361908620357,0.16028021275997162,0.4518417418003082,0.8457574248313904,0.7544981241226196,0.0950159877538681,7439.421875,-173.65867614746094,199.05548095703125,101.77529907226562,57.3189811706543,-45.70552062988281,26.584653854370117,39.84185791015625,23.0570011138916,-7.556464672088623,14.676384925842285,17.030248641967773,11.430252075195312,-11.363235473632812,10.089369773864746,14.904987335205078,9.43587875366211,-2.5538151264190674,9.464330673217773,11.750672340393066,9.087557792663574,-0.6858081817626953,8.995898246765137,7.462787628173828,7.130428314208984,-2.4385268688201904,7.281310081481934,1.884778485563619,0.0723072960972786,0.09885797129335724,0.1088934671755894,0.14830306450640207,0.13586678916215306,0.05848154503444298,0.054877337314736575,0.06462078341510655,17.86638312916189,jazz,Albert Beger - What A Day.mp3,final
117.45383522727273,1950.763032277438,2823.5217526099586,3969.9426609665247,0.03524506276606037,0.05961966887116432,0.3746504485607147,0.9588114619255066,1.1198351383209229,0.09189824014902115,889.529296875,-291.9366149902344,83.37757873535156,156.7457733154297,35.03704833984375,11.61429214477539,28.959360122680664,34.45478057861328,20.183910369873047,-6.0155029296875,12.029512405395508,6.164000511169434,10.665841102600098,-0.5432077646255493,8.841109275817871,1.0737848281860352,8.612576484680176,-3.9127731323242188,8.344968795776367,-1.7651726007461548,9.872355461120605,-0.662010669708252,8.050369262695312,1.3593192100524902,7.275889873504639,0.11545470356941223,9.241025924682617,4.734749586762974,0.002896292135119438,0.12529565444232466,0.1739581300989915,0.24764286377958084,0.13444991926138627,0.10038802713569954,0.0722102134532084,0.07737283364687146,65.88389072305341,jazz,Albert Beger - Yellow.mp3,inicio
120.18531976744185,2180.310777659986,2949.1369183247316,4649.663550787297,0.038170215146091334,0.09290923923254013,0.3271074891090393,1.0460014343261719,1.1256288290023804,0.08990360051393509,1111.23828125,-213.29539489746094,47.152652740478516,159.05484008789062,32.93178176879883,-8.814902305603027,16.982131958007812,39.00471496582031,14.683493614196777,-13.97098445892334,12.194640159606934,8.523539543151855,9.246488571166992,-3.8909807205200195,9.293405532836914,0.6162798404693604,9.38316822052002,-6.9297776222229,9.483859062194824,1.6785013675689697,9.67232894897461,-0.3189300298690796,8.064359664916992,-0.06668242067098618,7.258735179901123,-4.772153854370117,7.823523998260498,4.433893123203581,0.0006819380214437842,0.15346693168729622,0.19063733797017904,0.2175390201492364,0.19062843946454253,0.08776516738965842,0.05841735705465637,0.1032835121165523,46.69958310908733,jazz,Albert Beger - Yellow.mp3,mitad
123.046875,2540.069649771272,3168.9817723461524,4953.103382594814,0.05356449091766641,0.01753218099474907,0.405490905046463,0.7363690733909607,0.5037466883659363,0.10945431888103485,52.516483306884766,-461.3857421875,150.00234985351562,129.0229949951172,57.44715881347656,-15.663166046142578,31.599687576293945,36.69093704223633,18.568923950195312,10.94422721862793,12.117074966430664,17.11467742919922,10.047125816345215,-4.883965015411377,11.371764183044434,10.756109237670898,8.555673599243164,-3.252718687057495,8.820760726928711,-2.7473831176757812,6.027671813964844,-1.904515266418457,6.862858772277832,-6.886442184448242,7.634912967681885,2.3937647342681885,4.883144855499268,6.6799990069484725,0.09673714637756348,0.1224467891576247,0.218689236108415,0.17278482994288605,0.11711360231644888,0.09515571259490624,0.07453143720552856,0.0798014217438881,67.61087675766053,jazz,Albert Beger - Yellow.mp3,final
123.046875,1428.641712816805,1852.6034995351843,2764.7416153190306,0.033754331039570436,0.09988869726657867,0.39630869030952454,0.6476436257362366,0.5564144253730774,0.09210634976625443,2020.1805419921875,-293.47021484375,105.59750366210938,171.00405883789062,73.55408477783203,3.3645691871643066,24.623605728149414,1.1511704921722412,17.067296981811523,15.917309761047363,9.804018020629883,6.0739922523498535,9.364517211914062,5.1778035163879395,8.287775993347168,-2.1105904579162598,8.439377784729004,-10.446137428283691,10.457178115844727,-7.380476951599121,8.677462577819824,-2.8805627822875977,7.016684055328369,-6.6349077224731445,7.218685626983643,-7.828849792480469,7.51425838470459,5.050139181887598,0.0012264082906767726,0.15775733190026653,0.16673432915454545,0.22140673396793897,0.1350442288229839,0.08893404844334915,0.04752928036242233,0.06130833165759106,120.7518159720373,jazz,Barnacled - Polyurethane.mp3,inicio
126.04801829268293,1721.2731239763957,2255.099416269397,3313.6216296500097,0.03750109598732585,0.08593975007534027,0.43709832429885864,1.0556676387786865,1.0629397630691528,0.09367158263921738,2494.347900390625,-278.614990234375,92.36520385742188,161.05889892578125,44.56617736816406,-0.9150290489196777,34.48579788208008,12.857563972473145,23.59235382080078,3.46218204498291,17.898637771606445,10.323246955871582,12.88235855102539,3.9092118740081787,14.432339668273926,2.374380350112915,9.434067726135254,-2.7224926948547363,11.641769409179688,-5.723676681518555,9.469339370727539,-3.7677505016326904,8.513069152832031,-4.416259765625,8.19858455657959,-3.4133951663970947,8.114001274108887,3.7023915305489865,0.0003099625464528799,0.0989919490135669,0.18488460310805194,0.11664008251858567,0.19842065495957403,0.056510172513672484,0.07206613997668385,0.07378552156441713,82.8459293113035,jazz,Barnacled - Polyurethane.mp3,mitad
132.51201923076923,2407.0949068705577,3181.7118729252625,4938.245139107246,0.050796744993227554,0.03423894941806793,0.5557055473327637,0.9300908446311951,0.9069880247116089,0.07879456877708435,2010.3431396484375,-383.6731872558594,100.55781555175781,106.31880950927734,54.300106048583984,8.8799467086792,27.577739715576172,15.222854614257812,22.437816619873047,13.5169038772583,16.86119842529297,10.083595275878906,12.223219871520996,5.391864776611328,15.643083572387695,15.053467750549316,8.522130012512207,6.456231594085693,9.38564682006836,-4.138274669647217,14.790364265441895,1.3876380920410156,9.00460147857666,-0.33246466517448425,6.808723449707031,-2.61129093170166,8.410116195678711,1.9822890854839725,0.0009979702299460769,0.07212448315291065,0.0760255610055312,0.12433327039908891,0.13010421101384648,0.040376587035309185,0.04345679240889505,0.06452601860023507,57.60651285696486,jazz,Barnacled - Polyurethane.mp3,final
120.18531976744185,1905.1233686767957,2565.9113034834318,3739.6190537018674,0.03660692150009675,0.05475969612598419,0.5798510909080505,1.2815603017807007,2.4529366493225098,0.06859370321035385,3693.753662109375,-325.5214538574219,103.73634338378906,119.95661926269531,44.17423629760742,27.5306339263916,45.05426025390625,28.60948944091797,23.00372886657715,4.420589923858643,16.920230865478516,6.816667079925537,9.731406211853027,10.06071949005127,12.142889976501465,10.112298965454102,8.89487075805664,4.58721399307251,7.3836212158203125,1.898893117904663,6.122981548309326,-0.5855438709259033,6.015103816986084,-0.9655474424362183,5.263967514038086,-1.2491384744644165,5.53299617767334,2.597851137109868,0.0009657223708927631,0.08405211159153694,0.08743487335046841,0.1169530319811361,0.13663050251323897,0.03169643366350059,0.062475980278670566,0.0759599744193185,65.55190125489216,jazz,Barnacled - Slappodrome.mp3,inicio
161.4990234375,1932.1575812540557,1817.587832230083,3304.9550153891737,0.07251619037828948,0.12008959800004959,0.4514719247817993,1.1063069105148315,1.2218847274780273,0.07442872226238251,1502.6505126953125,-182.12100219726562,50.26182556152344,206.35018920898438,29.0889835357666,-75.07829284667969,24.34969711303711,9.85491943359375,18.279584884643555,17.767091751098633,15.690314292907715,-0.0819096490740776,15.997782707214355,-21.5753231048584,8.658809661865234,-2.5122108459472656,9.201067924499512,-2.3321564197540283,8.82919692993164,-6.108758449554443,9.651819229125977,-6.69077730178833,8.612329483032227,1.6072391271591187,7.026764869689941,-3.8068325519561768,7.5891499519348145,2.2605185866739808,6.335457146633416e-05,0.14966007661836758,0.1422457538649961,0.11644885932422358,0.1440559956620048,0.04596027199748753,0.05241538998123878,0.06337385323469796,16.23227237917194,jazz,Barnacled - Slappodrome.mp3,mitad
139.6748310810811,2028.769814832872,2805.6311803290846,4046.8505292485006,0.03833725873161765,0.014376802369952202,0.5217230916023254,1.0916208028793335,0.9314672350883484,0.08443818986415863,161.19256591796875,-483.56341552734375,97.30842590332031,129.59156799316406,48.526283264160156,9.68006706237793,29.618755340576172,23.85965919494629,24.25048828125,20.355392456054688,19.05229949951172,14.37195873260498,15.761016845703125,2.3934967517852783,20.539037704467773,12.614853858947754,12.066519737243652,2.022139549255371,10.948729515075684,-7.482448101043701,15.487414360046387,1.7071642875671387,9.759416580200195,2.7366418838500977,8.106700897216797,0.37388256192207336,10.645313262939453,2.1867270785389366,0.0007308088825084269,0.11684485639296177,0.07538008207414994,0.13057068949288353,0.16241401543996087,0.05103190494935465,0.0554661445422901,0.09031067890122622,72.66241616093491,jazz,Barnacled - Slappodrome.mp3,final
129.19921875,1567.2827912735797,2086.5350130270213,3034.1816527186534,0.034850129402089786,0.04056956619024277,0.406302273273468,1.2243390083312988,1.4213656187057495,0.09260955452919006,295.2688903808594,-330.4342956542969,113.29878234863281,178.67396545410156,37.796260833740234,-8.922779083251953,36.081520080566406,19.55060577392578,23.979520797729492,0.8430379033088684,14.342544555664062,4.444402694702148,12.584965705871582,1.2911524772644043,10.653606414794922,4.255878448486328,11.187533378601074,-9.341845512390137,10.521543502807617,0.013869199901819229,9.30064582824707,-6.053007125854492,8.962717056274414,-1.470253825187683,7.887426376342773,-7.527125835418701,8.001646041870117,2.381493036587939,0.0005718997563235462,0.12837893041848752,0.10841979651702421,0.126924727603631,0.1464124079455746,0.05053351390323225,0.04718940306114951,0.09370805279496351,45.832432997387386,jazz,Barnacled - Title.mp3,inicio
135.99917763157896,1702.935775348799,2140.286482787392,3484.8539275650637,0.034604288107101394,0.04140278324484825,0.4058724343776703,1.1329646110534668,0.9956295490264893,0.0879615917801857,237.56097412109375,-294.4183044433594,45.59486770629883,184.17037963867188,18.790828704833984,-41.971309661865234,21.84717559814453,31.61211395263672,12.63536262512207,-1.6212759017944336,11.0530366897583,-6.7056450843811035,14.993274688720703,-2.603692054748535,8.169181823730469,-10.774312019348145,7.055483818054199,-16.33934211730957,5.6113996505737305,-11.714569091796875,5.500805377960205,-11.635353088378906,6.006917476654053,-11.367561340332031,5.455405235290527,-7.272045135498047,4.957607269287109,2.9438228612412503,3.445782931521535e-05,0.1395535122817216,0.10213227584983164,0.1454144987965929,0.11019848244452714,0.049957195340208566,0.05286103805023051,0.06312232403179963,37.4684457003205,jazz,Barnacled - Title.mp3,mitad
126.04801829268293,2180.9308162537973,2539.044472734056,4338.0904348273025,0.050254798156927245,0.06497495621442795,0.38451385498046875,0.8878771662712097,0.8816643953323364,0.10477138310670853,591.7267456054688,-274.4890441894531,175.75057983398438,140.52496337890625,64.43596649169922,-40.1754035949707,30.89903450012207,32.218658447265625,16.200952529907227,-4.519467830657959,11.404173851013184,14.43186092376709,10.023067474365234,-8.021903038024902,9.496651649475098,5.211795330047607,8.14284896850586,-11.697458267211914,11.075831413269043,0.6476780772209167,8.528270721435547,-6.086238384246826,8.492798805236816,-0.9909105896949768,6.332551002502441,-3.5118343830108643,6.533796787261963,2.6611517610655437,0.05140911787748337,0.16327253664174096,0.12381472524411315,0.2064590216290982,0.12339031906227868,0.058176249817032545,0.07397914476925914,0.07491208255533893,21.90659907218401,jazz,Barnacled - Title.mp3,final
139.6748310810811,1064.3041847543232,1750.0986543119457,1868.6470338803697,0.02011514669601393,0.02070818655192852,0.32877999544143677,1.0136215686798096,1.0025980472564697,0.10544289648532867,67.37203979492188,-462.06396484375,56.37466049194336,182.47169494628906,29.495126724243164,2.0894217491149902,22.349437713623047,7.3824872970581055,8.53156566619873,23.077850341796875,7.791248321533203,6.129104137420654,9.349211692810059,15.29987907409668,6.317867755889893,9.70481014251709,7.168299674987793,-7.664433479309082,7.30604362487793,-7.941658020019531,6.011204719543457,-4.043761253356934,5.185965061187744,-4.206359386444092,5.297490119934082,-8.846473693847656,6.546515941619873,8.291253757961366,0.00012596296437550336,0.11746915558915069,0.07754234595254385,0.052725606561050534,0.13680069112064122,0.04725438048369732,0.040186988254552435,0.03518587904081235,184.886064467296,jazz,Barnacled - Vulcanizing Society.mp3,inicio
139.6748310810811,2361.2253409435248,3077.171098956175,4496.039479731037,0.06264625761900154,0.1415010541677475,0.3051060736179352,1.1074519157409668,0.8689363598823547,0.08075084537267685,3065.17724609375,-143.79782104492188,35.014461517333984,162.32974243164062,24.37554359436035,-30.813873291015625,15.607815742492676,16.65151023864746,10.493727684020996,-6.5285234451293945,12.804855346679688,27.87115478515625,10.749094009399414,-1.2553290128707886,9.59776782989502,7.725168704986572,9.2008638381958,-18.138959884643555,7.930875301361084,9.1671142578125,9.05715560913086,-4.341591835021973,7.536044597625732,5.525322437286377,7.554599285125732,-5.77698278427124,7.318796634674072,2.7640254249359035,0.0003076267894357443,0.0714850767101342,0.09702261485642534,0.09234151778867589,0.08843030335681322,0.032624766800308125,0.042830952730577604,0.021586712984598792,38.77910223174481,jazz,Barnacled - Vulcanizing Society.mp3,mitad
143.5546875,2120.988514428963,2613.907609136656,4145.40826661668,0.04653259844233746,0.025969596579670906,0.34270286560058594,0.8300421237945557,1.1613084077835083,0.10316414386034012,459.8559875488281,-380.6114501953125,111.0323257446289,133.53475952148438,44.56206130981445,-20.951936721801758,31.330041885375977,9.803999900817871,17.53978729248047,-2.426758289337158,17.249107360839844,9.128634452819824,11.225793838500977,15.826223373413086,12.312249183654785,-0.2733093798160553,11.090869903564453,-7.071747303009033,9.76433277130127,1.7508652210235596,7.48164701461792,-4.6371750831604,8.32945728302002,-2.257812976837158,9.695452690124512,-3.9170243740081787,9.28859806060791,3.7190683138675684,0.0006844888557679951,0.25032801948003375,0.2375165997666617,0.2906166334796602,0.28722296134772135,0.11232155407994227,0.11534403496546626,0.05729461317310587,41.98172539862531,jazz,Barnacled - Vulcanizing Society.mp3,final
120.18531976744185,1602.794296210884,2737.33519499999,3593.436604313806,0.020753842758320432,0.17705899477005005,0.5232218503952026,0.9288504123687744,0.6797966957092285,0.08183430880308151,2916.037841796875,-209.177001953125,61.291107177734375,151.003173828125,30.802968978881836,10.379892349243164,18.02904510498047,59.573143005371094,16.21261978149414,-3.3867568969726562,14.970961570739746,31.383081436157227,9.643301010131836,9.067461013793945,7.882480621337891,15.50139045715332,8.021740913391113,2.9632997512817383,8.284875869750977,4.910736560821533,7.920886993408203,7.282764911651611,7.286196231842041,1.1808058023452759,6.802390098571777,6.58942174911499,7.1099700927734375,3.9902433326939617,0.0015297930222004652,0.12566406753667453,0.13880792233478334,0.20606066879769147,0.12957524706254547,0.05869861738747607,0.09946842515458117,0.0990230456164935,173.61373994023248,jazz,Brandon Ross - Other Side Blues.mp3,inicio
112.34714673913044,2126.010421625892,2998.8869836482454,4860.26227732561,0.03749467123403638,0.24501793086528778,0.43798086047172546,1.0521167516708374,0.6647255420684814,0.08403885364532471,5092.94189453125,-112.7619400024414,26.429723739624023,160.66598510742188,18.74919319152832,-20.359243392944336,15.168421745300293,54.73749542236328,13.025915145874023,-16.50908660888672,9.75570011138916,36.83961486816406,7.763095855712891,-1.0412174463272095,7.046783447265625,17.45443344116211,7.311307907104492,-3.1728999614715576,7.923539638519287,5.597701072692871,7.978548049926758,-2.2586653232574463,7.116184711456299,-1.2355087995529175,7.72799015045166,2.5133743286132812,8.248772621154785,2.852326352923637,5.382216477300972e-05,0.08779652194391925,0.0965057421397598,0.11869018030370898,0.09426415330651547,0.045597194722007364,0.05749550376006764,0.09542675679820922,78.73204761115814,jazz,Brandon Ross - Other Side Blues.mp3,mitad
123.046875,1969.2980455913257,2915.420635873974,4403.090041783572,0.028304250616776317,0.16133102774620056,0.5309743285179138,0.8357666730880737,0.7371125221252441,0.08702521026134491,4829.08349609375,-225.0545654296875,150.0265655517578,120.05675506591797,51.51818084716797,-1.1240899562835693,22.51605796813965,51.14836502075195,20.629613876342773,-2.5787205696105957,17.745441436767578,33.01472473144531,12.539134979248047,5.551005840301514,11.284014701843262,16.80015754699707,8.158622741699219,3.5751914978027344,8.975358009338379,7.094037055969238,7.311831951141357,4.644158840179443,6.867678165435791,1.9138364791870117,7.462352752685547,2.931138277053833,6.843966960906982,3.3987788264295395,0.01651974394917488,0.25923671328272674,0.07341641949098729,0.26577725310258726,0.08280733912737807,0.0327542152917546,0.12438128045035592,0.06862745095394537,94.4872765556981,jazz,Brandon Ross - Other Side Blues.mp3,final
135.99917763157896,3119.518491045777,3795.723667421779,7174.298284666457,0.047945099349361454,0.16311775147914886,0.6350355744361877,1.2180553674697876,1.30721914768219,0.06275800615549088,2127.88232421875,-173.524658203125,57.461307525634766,115.05965423583984,33.07674789428711,-4.014261245727539,22.290990829467773,72.28555297851562,18.870309829711914,3.5770010948181152,13.505513191223145,41.95897674560547,12.208553314208984,-4.6433210372924805,12.69998836517334,22.437103271484375,9.416028022766113,-5.384150505065918,11.086487770080566,13.403684616088867,10.870184898376465,-0.8201989531517029,8.963333129882812,8.116766929626465,8.740005493164062,0.5484208464622498,9.196086883544922,4.308152984707598,0.00042927602771669626,0.12447099161918332,0.05044762858856017,0.13395100363207846,0.12825850841689995,0.03864960437368299,0.07213249759063256,0.0647848484075121,56.925443370449514,jazz,Breuss Arrizabalaga Quintet - Mount Fuji.mp3,inicio
135.99917763157896,3698.154161031071,3923.9009721610514,8219.625297050357,0.06963204304131192,0.16972462832927704,0.5518878102302551,1.13382089138031,1.037236213684082,0.07684104889631271,2399.619873046875,-124.04185485839844,39.68330764770508,113.37248229980469,29.7813663482666,-24.57130241394043,18.736520767211914,70.99251556396484,12.097123146057129,-4.941455364227295,13.044854164123535,44.91661834716797,10.863873481750488,-10.817581176757812,9.571807861328125,22.37972640991211,9.895012855529785,-10.166618347167969,10.321914672851562,11.83584213256836,10.213815689086914,-2.863957643508911,10.092419624328613,8.739002227783203,10.173577308654785,-0.24740898609161377,9.02493953704834,3.6643779065768944,0.0006257972563616931,0.10743524711922381,0.0861414058603774,0.11295690062708294,0.16192434989463425,0.05401256203532073,0.07132262893036495,0.036249379230393265,35.59819855824626,jazz,Breuss Arrizabalaga Quintet - Mount Fuji.mp3,mitad
132.51201923076923,3960.9533423946164,3848.9517147972624,8362.257767904654,0.09845140770123839,0.09646408259868622,0.4173217713832855,1.0862261056900024,0.6301705837249756,0.09804877638816833,1167.258056640625,-154.5260467529297,67.25420379638672,102.8283462524414,21.632469177246094,-44.82605743408203,31.988975524902344,43.842933654785156,25.049243927001953,-17.54471778869629,12.016021728515625,28.623138427734375,12.500385284423828,-17.42118263244629,9.71588134765625,12.992562294006348,11.85378646850586,-17.25745964050293,8.1234712600708,15.834253311157227,8.8817138671875,-5.029767990112305,8.71604061126709,6.464757442474365,7.509977340698242,-4.376241683959961,8.371262550354004,2.6559472738992618,0.0011330591514706612,0.15292628930897523,0.11134052031628958,0.19843534373008012,0.12497075115719197,0.0643328511016958,0.07789581807098449,0.07250225348541497,12.590130775725266,jazz,Breuss Arrizabalaga Quintet - Mount Fuji.mp3,final
139.6748310810811,2415.990452476271,3005.8644913371713,5190.22694874105,0.0359994043875774,0.16859523952007294,0.38845059275627136,1.312621831893921,1.5855534076690674,0.10246852040290833,3692.690185546875,-156.6410675048828,64.92818450927734,148.577392578125,30.072065353393555,-28.78571891784668,18.360776901245117,57.24658966064453,13.823807716369629,-3.614542007446289,12.039856910705566,22.9249324798584,9.250450134277344,-10.500883102416992,8.813118934631348,5.872421741485596,9.444574356079102,-11.728105545043945,8.789621353149414,-2.837592363357544,8.850716590881348,-10.052324295043945,7.333403587341309,-6.6053314208984375,8.22393798828125,-8.139180183410645,7.140982151031494,3.7197433857878366,0.006090051028877497,0.08370044526466726,0.04527754132128712,0.09526847471943814,0.08370595475103845,0.037166822554048566,0.042922483542737054,0.06654774019451008,41.401545612551146,jazz,Breuss Arrizabalaga Quintet - Nfamoudou-Boudougou.mp3,inicio
114.84375,4897.30268279978,4163.20163395022,9839.473835381192,0.14176350407556115,0.17193427681922913,0.5813209414482117,1.2923755645751953,0.9981318712234497,0.06512627750635147,3667.71484375,-70.5420150756836,34.76572799682617,93.12937927246094,25.866283416748047,-41.63902282714844,19.405376434326172,70.846435546875,12.408347129821777,-15.462080001831055,10.609932899475098,42.74418640136719,10.515369415283203,-21.98686408996582,8.516947746276855,25.7232608795166,8.94489860534668,-17.518596649169922,9.02692699432373,20.774635314941406,9.198124885559082,-5.17779016494751,9.718527793884277,13.671303749084473,8.490021705627441,-8.616918563842773,8.690583229064941,1.7942102320795308,0.0017252929974347353,0.044129888730714724,0.037539368798312885,0.05750950278735264,0.05323701047077697,0.026906813590991913,0.023241131837476423,0.06734295589509558,13.889639178844147,jazz,Breuss Arrizabalaga Quintet - Nfamoudou-Boudougou.mp3,mitad
112.34714673913044,4104.363699167088,3854.256924079982,8231.491891961348,0.09796463815789473,0.09796174615621567,0.5702440142631531,1.278891682624817,1.0068641901016235,0.07611602544784546,3280.143798828125,-178.08987426757812,47.5411376953125,99.22689056396484,44.08053207397461,-19.395103454589844,23.12683868408203,66.50051879882812,16.334489822387695,-4.106552600860596,13.855339050292969,30.081308364868164,12.85370922088623,-6.409584999084473,11.901302337646484,23.57330894470215,8.48300838470459,-6.691261291503906,10.48913860321045,15.22203540802002,8.471901893615723,-2.6515042781829834,8.883979797363281,8.131239891052246,9.319275856018066,-2.15657377243042,7.862471580505371,2.512332402591956,0.001397716230712831,0.0537213986431252,0.0692184087451657,0.07074176622745093,0.11359070515554223,0.02966791681373546,0.048246284159705506,0.07342435945714114,26.16727468480976,jazz,Breuss Arrizabalaga Quintet - Nfamoudou-Boudougou.mp3,final
135.99917763157896,4124.911315448,3923.513466502643,8591.581381216138,0.10543190215025154,0.15450847148895264,0.4864504039287567,1.1171034574508667,0.6801487803459167,0.07932090759277344,2337.082275390625,-94.91047668457031,36.578125,112.98505401611328,33.443748474121094,-39.94260025024414,19.632266998291016,61.47646713256836,12.975907325744629,-16.40103530883789,13.115326881408691,37.0904655456543,10.800871849060059,-18.412967681884766,10.028146743774414,24.163082122802734,9.966276168823242,-14.74308967590332,9.065999984741211,16.61171531677246,8.597923278808594,-11.33203125,8.274861335754395,5.672729969024658,8.553041458129883,-8.89968490600586,8.929515838623047,2.6209382427841272,0.0011201165616512299,0.09864371535916935,0.11493028777934379,0.12776259967517695,0.11356072722455962,0.060337067622479854,0.04325026079844818,0.0860876661275515,18.840938956320613,jazz,Breuss Arrizabalaga Quintet - Pensamiento.mp3,inicio
135.99917763157896,3904.605817042263,3916.409611503665,8306.508105015238,0.08585605680388932,0.16556577384471893,0.5080283880233765,1.1360011100769043,0.8193317651748657,0.08354484289884567,2272.875732421875,-111.82886505126953,39.93234634399414,115.15040588378906,42.4814567565918,-22.554969787597656,20.153148651123047,67.74824523925781,19.607885360717773,-8.838052749633789,10.916319847106934,39.046241760253906,10.69793701171875,-9.279797554016113,11.161458969116211,21.972475051879883,9.213138580322266,-12.866120338439941,10.174280166625977,12.244636535644531,10.301497459411621,-10.398031234741211,8.873417854309082,4.737815856933594,9.410504341125488,-9.151115417480469,9.404756546020508,2.9357496522312765,0.0010632144985720515,0.11101514756448762,0.07451196104392245,0.08056029158916056,0.10229796423877671,0.047385942155207694,0.03867231707444233,0.07201693930972919,27.33054735137888,jazz,Breuss Arrizabalaga Quintet - Pensamiento.mp3,mitad
126.04801829268293,4698.195413857465,4448.933849931105,9992.822908100328,0.11079033535700464,0.16822931170463562,0.5437543988227844,1.0407609939575195,0.5315397381782532,0.07120181620121002,1952.6385498046875,-83.12654113769531,32.507869720458984,99.75164794921875,30.09008026123047,-19.797040939331055,17.30361557006836,62.82380294799805,12.74509334564209,-15.26688289642334,10.072667121887207,42.04426193237305,8.926877975463867,-13.693008422851562,7.999286651611328,26.678735733032227,6.996355056762695,-18.20258903503418,8.680362701416016,20.44768524169922,8.409489631652832,-11.99356746673584,6.99877405166626,9.724599838256836,7.760641574859619,-14.326508522033691,7.363409519195557,2.7724064205157757,0.0018993656849488616,0.1038987978153162,0.07885501163380954,0.11756562550541352,0.10125750063540638,0.041065140856487665,0.04791059998277332,0.07511879244438906,20.59938641812921,jazz,Breuss Arrizabalaga Quintet - Pensamiento.mp3,final
132.51201923076923,1785.7436372172199,3089.9292514539165,3724.277479803599,0.02244355287345201,0.0937490165233612,0.5675415396690369,0.9097785949707031,0.5564412474632263,0.06914491951465607,876.414306640625,-250.90045166015625,46.7685546875,150.03604125976562,22.614301681518555,13.269552230834961,20.3565673828125,50.64673614501953,14.656696319580078,15.771479606628418,9.389366149902344,27.444665908813477,9.356400489807129,-0.37098926305770874,8.36833381652832,6.353576183319092,8.795677185058594,-5.668468475341797,8.550033569335938,5.197597980499268,6.564958572387695,4.94097375869751,6.539175987243652,3.875568389892578,6.610868453979492,-1.4639462232589722,6.027027606964111,4.24592228645411,0.0005363416858017445,0.10740629406563708,0.09881832203454496,0.13303555714851198,0.09035761166959154,0.04617123288043732,0.052226577730479354,0.07888231454524881,123.232486532992,jazz,Breuss Arrizabalaga Quintet - The Dark Side Of Frigiliana.mp3,inicio
132.51201923076923,2763.777624163176,3635.7440644808785,6484.3274568256575,0.04018985523897059,0.17809812724590302,0.5036712884902954,1.155644416809082,0.7847152352333069,0.08406908065080643,1705.143798828125,-166.79322814941406,30.019437789916992,126.64120483398438,27.45744514465332,-18.006149291992188,15.804461479187012,68.37495422363281,11.714892387390137,9.410948753356934,9.689887046813965,45.222312927246094,9.838907241821289,-4.890752792358398,8.22460651397705,22.673812866210938,7.744575500488281,-9.282608032226562,8.308796882629395,11.866409301757812,6.941751956939697,-7.421066761016846,7.123248100280762,6.491483211517334,8.370361328125,-2.836487293243408,7.720951080322266,6.479306877406644,0.00014951963385101408,0.09583239380222966,0.11132305870213752,0.1532709313333508,0.07646729578871843,0.061184195512442204,0.048271331454457424,0.07820447633873653,71.68596281929209,jazz,Breuss Arrizabalaga Quintet - The Dark Side Of Frigiliana.mp3,mitad
126.04801829268293,7867.719234005423,4413.4727997165965,13040.954476465751,0.3249961451480263,0.09338059276342392,0.3171094059944153,1.1706746816635132,0.5338190197944641,0.0945066586136818,1521.00244140625,-189.18885803222656,36.57520294189453,7.873647212982178,22.232675552368164,-17.076126098632812,14.774887084960938,65.24131774902344,14.899092674255371,-30.645946502685547,18.928735733032227,25.27300262451172,13.411599159240723,-28.53815460205078,17.16288948059082,37.25756072998047,20.907373428344727,-7.487522602081299,17.503385543823242,7.989881992340088,15.147557258605957,-19.80657958984375,14.881827354431152,42.04421615600586,18.005279541015625,-16.50522804260254,14.547722816467285,2.0712569609513096,0.002073542680591345,0.0793917721601374,0.1004756046024351,0.12173525182003593,0.10264854713635317,0.049828174645936855,0.04292238250146034,0.08100639795454981,1.8237611812986008,jazz,Breuss Arrizabalaga Quintet - The Dark Side Of Frigiliana.mp3,final
120.18531976744185,4951.871748481844,4355.972239912295,9856.715397790489,0.1274997959196014,0.1264626532793045,0.5442392230033875,1.051933765411377,0.4756958484649658,0.07819138467311859,1998.1864013671875,-136.0131072998047,63.57483673095703,78.28433227539062,27.152952194213867,-2.2488954067230225,32.37619400024414,84.11973571777344,15.293828964233398,-16.15631675720215,13.501832962036133,35.18748092651367,8.632586479187012,-4.163039684295654,10.335137367248535,24.580097198486328,8.0285062789917,-18.830469131469727,7.532938003540039,9.637788772583008,7.140246868133545,-14.324562072753906,6.14102029800415,5.686001300811768,5.78861141204834,-12.327411651611328,6.932466506958008,2.2985140695108974,0.0017146181780844927,0.0646702950998413,0.06278638769834713,0.06296157342813119,0.07766539126244656,0.03592292718915849,0.03651804909812207,0.0919529822828874,16.02287883244364,jazz,Breuss Arrizabalaga Quintet - Tiempo Espacial.mp3,inicio
123.046875,4506.891218346191,4079.688070799579,8734.997180667086,0.12761298495549536,0.18276497721672058,0.6098743677139282,1.0175999402999878,0.41667190194129944,0.06119944527745247,5073.83349609375,-107.88471221923828,75.84211730957031,87.38031005859375,47.12344741821289,-29.49479103088379,33.061866760253906,60.71572494506836,30.843997955322266,-3.1195499897003174,15.848763465881348,46.052093505859375,10.18814754486084,-9.580428123474121,10.436566352844238,29.059974670410156,11.922916412353516,-8.559221267700195,8.086714744567871,21.388580322265625,9.622223854064941,-8.227540969848633,7.049538612365723,17.615203857421875,8.73741626739502,-4.9124979972839355,7.852954387664795,2.5713037924330395,0.0017021032981574535,0.1306718268783781,0.08020378399439951,0.12544985329076885,0.1479384665185936,0.051445838317828764,0.058797910408997914,0.08447752528003999,13.827069005306043,jazz,Breuss Arrizabalaga Quintet - Tiempo Espacial.mp3,mitad
126.04801829268293,6138.590923953376,3939.0015768220833,10538.244610009917,0.22740508749758126,0.20618975162506104,0.4911419749259949,1.0326836109161377,0.35132133960723877,0.07790662348270416,4023.85205078125,-57.8791618347168,33.390113830566406,44.341060638427734,24.782806396484375,-52.40645980834961,17.473752975463867,82.90423583984375,14.231935501098633,-19.79514503479004,10.27561092376709,43.0450325012207,10.065622329711914,-17.555755615234375,7.838582515716553,32.275306701660156,9.001593589782715,-15.94344425201416,7.48125696182251,23.550886154174805,8.6947660446167,-10.678020477294922,7.089189529418945,14.735490798950195,7.946421146392822,-8.41311264038086,8.129390716552734,2.3401336680321076,0.002942062448710203,0.126401675493209,0.09314733107482032,0.17383526355110307,0.09453507427159887,0.04853100856361591,0.057993290389487105,0.10115389459613622,5.52119502173231,jazz,Breuss Arrizabalaga Quintet - Tiempo Espacial.mp3,final
143.5546875,4522.722419663445,4269.44758318304,9606.391911462364,0.1066310634553986,0.1371673196554184,0.39238470792770386,1.2141194343566895,0.8714731335639954,0.101819708943367,2182.3828125,-154.1805877685547,57.83456802368164,87.91962432861328,28.65826416015625,-18.957382202148438,19.029125213623047,66.81301879882812,23.483823776245117,-8.783355712890625,10.761826515197754,35.52065658569336,16.54817771911621,-20.75579833984375,8.539365768432617,27.10581398010254,9.478899002075195,-11.879773139953613,9.717325210571289,14.74317455291748,9.609498023986816,-3.1495463848114014,9.962386131286621,4.28373908996582,9.719246864318848,-3.7484350204467773,9.250936508178711,3.9888096893662928,0.0009010594803839922,0.13100705668317458,0.09464582266503682,0.15014232040854428,0.21386651153992844,0.08065688140665896,0.07049217263782706,0.07476767579160243,19.746375544736065,jazz,Breuss Arrizabalaga Quintet - Tsurugi.mp3,inicio
112.34714673913044,4068.8013574688275,3936.011883070653,8563.423218151363,0.09417516749709752,0.15636305510997772,0.5208222270011902,1.1786099672317505,0.9835979342460632,0.07949606329202652,2091.148681640625,-107.56277465820312,45.52275466918945,105.8894271850586,29.415754318237305,-37.40781784057617,19.005449295043945,68.54620361328125,17.652101516723633,-6.942785739898682,11.757654190063477,39.101295471191406,9.901105880737305,-19.85166358947754,10.630051612854004,22.4835262298584,9.058594703674316,-10.830349922180176,9.564026832580566,20.521650314331055,9.540243148803711,-7.741948127746582,7.945647716522217,5.8338823318481445,8.426568984985352,-5.0293121337890625,8.264304161071777,2.8914642020274908,0.00099398463498801,0.08762346481042042,0.056683985054324225,0.10642453209891382,0.11051155034116487,0.044463902255997445,0.04605632487854822,0.06340986414435985,20.455201574643503,jazz,Breuss Arrizabalaga Quintet - Tsurugi.mp3,mitad
117.45383522727273,4179.663786035406,4072.9627617819524,8949.487550339833,0.09903209202060759,0.1641663759946823,0.5565568804740906,1.1896713972091675,0.7793030142784119,0.06853435188531876,2338.651611328125,-85.45916748046875,40.22658920288086,108.22689056396484,24.16796112060547,-39.112571716308594,19.10894012451172,61.72589111328125,16.20261573791504,-9.553377151489258,10.221307754516602,40.20799255371094,8.006867408752441,-17.66351890563965,8.14466381072998,27.01580047607422,7.515591144561768,-14.654193878173828,9.463793754577637,20.444984436035156,8.053311347961426,-11.205105781555176,7.769291877746582,6.876651763916016,7.23184871673584,-8.589177131652832,7.781156063079834,2.4963400504413573,0.0012137721059843898,0.08760578412783047,0.07183597804764756,0.08876119354017611,0.09062172900906372,0.04874051325970535,0.03922154171532245,0.08954392374756692,19.692480048722423,jazz,Breuss Arrizabalaga Quintet - Tsurugi.mp3,final
135.99917763157896,4784.364778415966,4325.210268311103,10034.222657761708,0.12059526473006967,0.1331603229045868,0.5078026056289673,1.1314071416854858,1.0380133390426636,0.08812594413757324,2206.79150390625,-151.29873657226562,63.3195915222168,83.56365966796875,30.257349014282227,-13.080782890319824,18.803001403808594,76.10997772216797,18.134971618652344,-9.65857982635498,12.04949951171875,47.32791519165039,9.695327758789062,-14.108990669250488,9.087150573730469,23.575702667236328,10.503220558166504,-6.750668048858643,11.209736824035645,16.737890243530273,11.368980407714844,-5.355283737182617,13.130685806274414,6.935271739959717,9.996078491210938,-2.008659839630127,9.256914138793945,3.6180640386938046,0.0034576321486383677,0.08807334387019698,0.08633887438640432,0.11798819173384077,0.12704744723642183,0.03943966559205524,0.05806720409556434,0.03586148151423713,21.847989801456265,jazz,Breuss Arrizabalaga Quintet - Zubaida.mp3,inicio
132.51201923076923,4782.449708280767,4185.992413268426,9733.40781008127,0.13907550067724458,0.14062944054603577,0.4863896667957306,1.1164233684539795,0.8740643858909607,0.08228068053722382,2190.482177734375,-127.08845520019531,38.89952850341797,86.34835052490234,31.877161026000977,-24.180030822753906,17.50581932067871,78.42510986328125,13.54295539855957,-6.542140960693359,11.335542678833008,45.28642654418945,8.809645652770996,-19.946645736694336,9.152975082397461,23.572284698486328,7.826835632324219,-11.134615898132324,9.561902046203613,23.283607482910156,11.198591232299805,-11.351591110229492,12.267426490783691,3.5600533485412598,9.915963172912598,-2.0764291286468506,9.322319030761719,3.0978105401228104,0.0009669827413745224,0.08012666750625132,0.07029331388119704,0.11484889351590057,0.09887751875768364,0.029555896655677906,0.04754987345118119,0.027927683820289935,17.30985555686964,jazz,Breuss Arrizabalaga Quintet - Zubaida.mp3,mitad
132.51201923076923,5235.424498303524,4362.58418096788,10449.25348146043,0.14258228219330496,0.11455520242452621,0.5187976956367493,1.0945647954940796,0.8420728445053101,0.0765601098537445,1490.2452392578125,-139.8731689453125,37.10024642944336,73.46046447753906,29.44142723083496,-18.622167587280273,16.462635040283203,80.07907104492188,11.987104415893555,-10.48304557800293,11.010671615600586,36.66518020629883,11.476486206054688,-20.238813400268555,8.335301399230957,26.14171028137207,8.23206901550293,-11.481873512268066,9.445395469665527,25.95697021484375,10.306499481201172,-2.5551295280456543,12.062649726867676,12.940913200378418,10.629273414611816,-3.077474594116211,8.77547550201416,3.0638483476973724,0.0016173736657947302,0.08727223971896127,0.066486804502322,0.11661345618282806,0.08235802085434249,0.03335617622402482,0.041450004262748814,0.04375901224629838,17.096808520527695,jazz,Breuss Arrizabalaga Quintet - Zubaida.mp3,final
92.28515625,1222.4310486877416,2461.175624435601,2043.6709755345394,0.020313747157991485,0.034353505820035934,0.44940924644470215,0.7400473952293396,0.7252873778343201,0.08606167882680893,571.3789672851562,-377.1976013183594,73.89543151855469,162.35023498535156,27.895524978637695,40.0468635559082,26.72882080078125,29.644811630249023,16.397249221801758,13.147396087646484,16.024526596069336,9.63249397277832,9.991599082946777,0.2465747594833374,8.2975492477417,2.441730260848999,7.245113372802734,1.8851512670516968,7.882415294647217,-4.450220108032227,7.414205551147461,-6.752415180206299,7.371279239654541,-0.5842540264129639,6.837501049041748,-5.6212873458862305,6.0403289794921875,3.3683278701290202,0.00016141046944539994,0.18505954889391732,0.10198275259570173,0.1943035207559794,0.18843963775558623,0.084833265032152,0.06920909372587801,0.07913357700054804,179.6506702526162,jazz,Checkie Brown - Emphatic Flamingos (CB 101).mp3,inicio
101.33272058823529,1928.0909616973338,2920.99939065042,4318.607219306308,0.03350149810129644,0.0802459567785263,0.4195862114429474,0.9356064796447754,0.775919497013092,0.0852373018860817,3105.806396484375,-235.9272918701172,68.99989318847656,156.89576721191406,20.534658432006836,8.228466033935547,19.447006225585938,45.20280456542969,11.908260345458984,-10.797926902770996,20.452465057373047,14.87918758392334,13.495442390441895,-2.9106569290161133,10.424516677856445,2.7814619541168213,8.471673965454102,-2.3583333492279053,8.269708633422852,-10.249260902404785,8.355179786682129,-5.648885726928711,8.977864265441895,-1.729417324066162,6.686581134796143,-2.4183666706085205,5.993332386016846,2.896237497459665,0.00032509531592950225,0.18227045729728025,0.1266048422081662,0.14803227434203045,0.14398460778804067,0.05746351254292014,0.07437836640175395,0.07364607568518998,66.64275156954345,jazz,Checkie Brown - Emphatic Flamingos (CB 101).mp3,mitad
103.359375,3183.1320514849313,3781.700861324788,7588.587446183243,0.0622885500314435,0.02944098226726055,0.42412179708480835,0.9432923793792725,0.8378322720527649,0.08551790565252304,80.91606903076172,-314.9759216308594,53.2603874206543,124.23743438720703,25.705768585205078,-6.095961093902588,15.15755558013916,69.80143737792969,14.960881233215332,-21.09956932067871,13.910280227661133,29.929821014404297,10.306825637817383,-5.525538444519043,11.168136596679688,15.295087814331055,8.510045051574707,0.49360689520835876,9.083332061767578,-2.144263982772827,7.960305213928223,-8.177886962890625,7.070279121398926,0.5772379636764526,7.016765117645264,-10.546732902526855,6.187621593475342,4.989655408525419,0.001426424947567284,0.22550026838739223,0.11267130504008024,0.1899929327572225,0.12779840345361662,0.07158396868069113,0.08935192732379542,0.06549313916504831,42.488182816810976,jazz,Checkie Brown - Emphatic Flamingos (CB 101).mp3,final
101.33272058823529,2169.7766633744845,3075.8635050486796,5304.334592081076,0.03667589311629257,0.047205135226249695,0.2975069582462311,0.8926556706428528,0.6760133504867554,0.10221108049154282,424.13897705078125,-320.3050842285156,56.63353729248047,136.6094970703125,24.5082950592041,19.417455673217773,24.235485076904297,60.591148376464844,15.39111614227295,-17.12589454650879,12.961295127868652,12.248682975769043,10.304478645324707,-5.6610517501831055,12.672484397888184,-6.843636512756348,9.982627868652344,9.30764102935791,9.361712455749512,-10.284884452819824,9.565986633300781,-4.3254265785217285,8.34300708770752,-2.9636993408203125,6.641899585723877,-1.6617838144302368,6.686435222625732,6.180527668442526,0.0005324168014340103,0.13522462301396718,0.14731138771402283,0.17838072584491102,0.18339712136320716,0.07552403781399677,0.08045255698735765,0.0630762986358755,50.00891984317033,jazz,Checkie Brown - Running in Circles (CB 051).mp3,inicio
103.359375,1928.9616721210452,2717.880077553157,3960.8760491244193,0.04041736709075077,0.15446360409259796,0.40166693925857544,1.0640689134597778,0.8936411142349243,0.07908765971660614,3698.53515625,-160.0355682373047,43.51072311401367,169.6061553955078,21.270681381225586,-9.718546867370605,30.280763626098633,51.498680114746094,15.622933387756348,-14.416319847106934,14.947773933410645,17.585832595825195,9.3782958984375,-13.499641418457031,10.239972114562988,1.0782896280288696,10.451359748840332,6.117692470550537,10.984769821166992,-8.17318058013916,10.15652847290039,-0.8138096928596497,9.578977584838867,-1.7483155727386475,7.706093788146973,-1.031461238861084,6.546807289123535,2.227014250689931,0.00010470183042343706,0.10980187098548273,0.09064546570038895,0.1178822198607097,0.11549791361909385,0.049944595402636204,0.04250176437590965,0.03747104577064845,53.25620548849494,jazz,Checkie Brown - Running in Circles (CB 051).mp3,mitad
109.95678191489361,1027.5434797662895,1736.4929503043024,1783.88087978304,0.02409924958881579,0.1040956974029541,0.4673821032047272,0.865951418876648,0.6223472952842712,0.08015123009681702,1551.8570556640625,-271.9718017578125,76.13841247558594,207.22552490234375,29.666606903076172,29.932044982910156,40.85560989379883,19.419546127319336,31.07294464111328,-0.4773716330528259,21.64052963256836,10.861658096313477,15.195074081420898,1.8704886436462402,11.187987327575684,-2.1479828357696533,9.735661506652832,-5.528195381164551,10.012951850891113,-6.063431262969971,7.799131870269775,1.7417445182800293,7.8922038078308105,3.635432243347168,6.757043361663818,2.614189386367798,6.89533805847168,2.254618864643881,2.9244538382044993e-05,0.07267464727536739,0.10589339068452938,0.05311506992119046,0.13071609867106462,0.04404803995031592,0.04602887118597826,0.045899961725353,153.19802958768088,jazz,Checkie Brown - Running in Circles (CB 051).mp3,final
123.046875,5285.399649611442,5955.679731012571,12549.349115802777,0.08849908692917957,0.001996140694245696,0.6725226640701294,1.0296181440353394,0.5299485325813293,0.058287158608436584,7.359585762023926,-544.4284057617188,51.366371154785156,86.27070617675781,22.904212951660156,11.369893074035645,15.393213272094727,22.17009162902832,14.608896255493164,11.72468376159668,8.958436012268066,11.983783721923828,7.130681037902832,6.481194496154785,8.246087074279785,4.954847812652588,7.419915676116943,4.473433971405029,5.8911356925964355,4.941485404968262,6.715643405914307,3.778160810470581,6.78530740737915,4.896528244018555,5.790127754211426,4.920261859893799,5.90789270401001,1.8447978276936408,0.052059657871723175,0.048769998421697394,0.06528630356532963,0.06395684728698263,0.07693874873092593,0.035668326522501514,0.027338844521235837,0.06033702692817136,30.75489022376428,jazz,Dominic Lash & Nate Wooley - Number 2.mp3,inicio
123.046875,5108.252180809641,6090.424255678671,12704.981508048326,0.07148709607198142,0.002074212534353137,0.5145100951194763,0.9589559435844421,0.21087616682052612,0.11440832912921906,0.43612661957740784,-548.6941528320312,33.44541549682617,90.19273376464844,13.918784141540527,16.26896095275879,11.111457824707031,17.78776741027832,7.968714714050293,9.855430603027344,6.423182487487793,10.823626518249512,5.5155229568481445,6.878089904785156,6.098628044128418,6.192705154418945,5.539438247680664,3.2936604022979736,5.553642272949219,2.6548664569854736,5.147447109222412,2.9456746578216553,4.926088333129883,5.3029327392578125,5.816096782684326,5.763398170471191,6.482404708862305,5.1630118637399915,0.03148374706506729,0.12465215446688326,0.12718925563350666,0.07569704035113622,0.19533166973604052,0.05571744888070959,0.06744537237079737,0.07000650095293202,29.257450949434062,jazz,Dominic Lash & Nate Wooley - Number 2.mp3,mitad
117.45383522727273,3214.0754805953984,4328.995282270485,6946.557995114164,0.05095018321884675,0.01068440917879343,0.4774143397808075,1.2328311204910278,1.211695671081543,0.10651642829179764,47.457401275634766,-438.2489013671875,93.95928955078125,123.2864990234375,32.040504455566406,-0.36786171793937683,34.300750732421875,34.564388275146484,15.469743728637695,4.731907844543457,16.03234100341797,14.815828323364258,7.976120948791504,5.766624450683594,10.14007568359375,6.486282825469971,7.214908123016357,2.4669857025146484,7.432445049285889,6.10632848739624,7.264832496643066,-2.739588499069214,9.08297061920166,0.1116061881184578,7.7102251052856445,1.4294075965881348,7.7755961418151855,1.9837580958429142,0.007397019769996405,0.1499550509772883,0.08500930063325787,0.14000299210463527,0.1491522117328439,0.06878748228077343,0.06164741138017832,0.11049495657706257,31.190446792207627,jazz,Dominic Lash & Nate Wooley - Number 2.mp3,final
132.51201923076923,1927.4104527351503,1925.2556354458259,3233.0137837412926,0.056821840835429564,0.08097624778747559,0.29496145248413086,0.8636721968650818,0.5573441982269287,0.10683350265026093,725.4231567382812,-308.4344177246094,84.04285430908203,172.4083709716797,45.57563400268555,-72.42243194580078,33.85187911987305,-23.32975959777832,22.96855926513672,8.751951217651367,14.612704277038574,-4.159076690673828,14.103960990905762,2.7687020301818848,10.908474922180176,-3.684584379196167,10.182323455810547,-9.971413612365723,13.581839561462402,-9.945008277893066,9.661092758178711,-9.488107681274414,8.758721351623535,-5.447726726531982,8.17393684387207,-5.851111888885498,8.249056816101074,5.224339102949728,0.005394676700234413,0.26988911068691085,0.20697935318259555,0.2599319378970936,0.25934706561783544,0.08270921318629691,0.09381810349395442,0.07171325347986249,14.272519690730597,jazz,Dominic Lash & Nate Wooley - Number 3.mp3,inicio
120.18531976744185,1754.3477291225563,3571.413375013679,3386.8711867199595,0.016294497085429568,0.03329148143529892,0.5154993534088135,0.5731940269470215,0.4536057114601135,0.0948910266160965,432.38238525390625,-441.8302917480469,49.42573547363281,112.70880889892578,42.31425094604492,48.54957580566406,22.716035842895508,20.738338470458984,21.854890823364258,23.247861862182617,10.296292304992676,22.30611801147461,9.228397369384766,14.910344123840332,8.282037734985352,11.04217529296875,6.780282020568848,8.729022026062012,6.0810675621032715,4.720314025878906,5.610199451446533,2.22607684135437,5.553150177001953,2.770024538040161,4.931387901306152,3.095752716064453,4.940067768096924,10.003281413743277,0.0015251851873472333,0.17235099622597416,0.16679576859144926,0.17038629119179938,0.27126773945360255,0.09516986785076098,0.07943584141089377,0.07521812737659016,477.91932850650437,jazz,Dominic Lash & Nate Wooley - Number 3.mp3,mitad
135.99917763157896,1746.0562094053514,3040.9256983051523,3518.0870599421924,0.0213352829310178,0.045232921838760376,0.5549337863922119,0.6610734462738037,0.5897350907325745,0.08425956219434738,743.3980102539062,-408.71197509765625,87.13813018798828,134.4895782470703,61.79289245605469,33.519630432128906,34.80730438232422,11.881596565246582,21.515539169311523,21.3861141204834,12.443960189819336,16.632320404052734,12.232430458068848,10.419522285461426,10.182121276855469,9.999313354492188,7.427841663360596,8.660143852233887,6.60545015335083,3.710477590560913,6.380586624145508,0.8473170399665833,6.532670974731445,3.0152993202209473,5.3605499267578125,3.998060464859009,5.795373439788818,5.680631751698026,0.00949733518064022,0.22902814047088416,0.16938807664395666,0.179129685282738,0.2727252144462092,0.0964620448122332,0.1092508793745995,0.05830147602480201,233.773830830568,jazz,Dominic Lash & Nate Wooley - Number 3.mp3,final
123.046875,5125.780156747637,5940.16035957441,12203.734539020172,0.085518946219524,0.0016897667665034533,0.6137357950210571,1.0231536626815796,0.3807482421398163,0.07830220460891724,1.8734807968139648,-559.2250366210938,51.979469299316406,91.16282653808594,27.933637619018555,14.765739440917969,10.504762649536133,18.78192138671875,13.607597351074219,10.9238862991333,10.82373046875,13.274860382080078,8.069559097290039,7.191886901855469,8.856021881103516,3.1489956378936768,9.584566116333008,1.9485883712768555,7.8679680824279785,2.573896646499634,7.714887619018555,1.3147990703582764,7.3724365234375,3.4407036304473877,6.2108845710754395,5.147280216217041,6.332667350769043,1.6459811109960985,0.04147591441869736,0.05400713564131932,0.060299401601148564,0.0783150368490309,0.07317722824667616,0.029446013636871795,0.03177785180864349,0.08848509640750328,32.656139087115264,jazz,Dominic Lash & Nate Wooley - Number 4.mp3,inicio
126.04801829268293,1357.2093988252464,2213.5520942137214,1934.0883048326239,0.030597131687790248,0.03643132001161575,0.40533554553985596,0.9507337808609009,0.3150476813316345,0.08751781284809113,131.88705444335938,-323.87945556640625,30.24087142944336,210.34556579589844,11.191208839416504,-15.828125,13.63558292388916,-11.587573051452637,9.279214859008789,-5.963912487030029,7.464742660522461,11.552865028381348,5.850264549255371,5.109274387359619,7.05109977722168,0.15258987247943878,6.177735805511475,-1.0538743734359741,5.681323528289795,-2.813103437423706,5.489852428436279,-8.225831985473633,5.415217399597168,-6.0446391105651855,5.194169044494629,-4.533324718475342,5.052027702331543,2.903949706563716,0.0002665266511030495,0.13208259341285392,0.09575290972452939,0.1493280422360391,0.1576955412442782,0.04856800513869813,0.06390479165319801,0.08458620390124674,80.03526795645959,jazz,Dominic Lash & Nate Wooley - Number 4.mp3,mitad
123.046875,2940.0139901155194,5011.836965617474,6787.150625695385,0.02759526019494969,0.00636030500754714,0.4356933534145355,0.8497609496116638,0.1867913454771042,0.11132598668336868,1.905692458152771,-528.9742431640625,28.71609878540039,125.20556640625,27.584177017211914,40.40615463256836,11.458841323852539,23.377864837646484,9.492423057556152,12.04354476928711,9.988992691040039,13.235977172851562,8.409448623657227,10.43263053894043,7.666854381561279,8.51262092590332,7.235345840454102,4.626008987426758,6.918633937835693,1.3189562559127808,6.144309997558594,-2.6295340061187744,6.421226978302002,-4.111454963684082,7.179562091827393,-4.696490287780762,7.464460372924805,8.272251312251065,0.007260981015861034,0.13590739151674228,0.15445873652147807,0.23774999146986087,0.15392397833328367,0.05960030224536307,0.09183759883303018,0.05461592225606874,116.16855208817438,jazz,Dominic Lash & Nate Wooley - Number 4.mp3,final
126.04801829268293,1151.4525095771767,2231.6488051919546,2183.961793881821,0.017911267354392416,0.09586695581674576,0.45109376311302185,0.6659510731697083,0.7286666035652161,0.09030285477638245,5017.2919921875,-306.3683776855469,89.9180679321289,151.296630859375,24.573501586914062,53.0689582824707,20.403738021850586,31.73724365234375,11.421655654907227,21.746610641479492,12.037694931030273,17.541351318359375,9.011446952819824,0.7460028529167175,11.252840995788574,4.689175605773926,8.876655578613281,-3.9724090099334717,7.171977519989014,-1.7778781652450562,9.3077392578125,-2.1290643215179443,7.8179497718811035,0.6433431506156921,8.018670082092285,-2.0685665607452393,8.462385177612305,4.570526680529734,0.0002106327301589772,0.16150843443795937,0.19184688611126913,0.31333542415063687,0.13901056918357213,0.11863843035803051,0.21565944693448447,0.07273050325248524,150.30271148138604,jazz,Jazz at Mladost Club - Arana.mp3,inicio
132.51201923076923,2259.894910252933,3297.9414900466713,5611.7993995501165,0.03341438600522446,0.19847793877124786,0.5390681624412537,1.1538728475570679,1.3359962701797485,0.08388800919055939,11422.7216796875,-181.2210235595703,49.13584518432617,128.12103271484375,27.553892135620117,7.515517711639404,16.234893798828125,68.36711120605469,15.372108459472656,5.529857635498047,13.645315170288086,29.311616897583008,11.612539291381836,1.5749505758285522,10.131963729858398,12.611518859863281,10.024155616760254,2.3884952068328857,10.281740188598633,-3.290837287902832,9.903218269348145,8.845776557922363,9.899530410766602,3.309053421020508,9.520159721374512,4.403967380523682,8.391437530517578,2.969445997311238,0.0009771587792783976,0.10500251540648936,0.10836940168801956,0.10263054491188768,0.1677936326600106,0.06243344473489208,0.05528131049589562,0.04785583471722578,111.4776620441096,jazz,Jazz at Mladost Club - Arana.mp3,mitad
101.33272058823529,1969.6543818309647,3130.083586373269,4760.687879438371,0.02555067694224071,0.26117169857025146,0.506429135799408,1.060228943824768,1.137337565422058,0.07980632036924362,10104.1689453125,-165.1559600830078,79.19896697998047,142.57373046875,29.583311080932617,11.09036636352539,18.008108139038086,54.06165313720703,16.39495277404785,9.236783981323242,15.945635795593262,29.052444458007812,10.785318374633789,-5.560137748718262,11.27234935760498,10.323205947875977,8.9302978515625,-0.9610824584960938,10.430075645446777,-0.48770180344581604,8.972862243652344,2.797132968902588,10.502246856689453,0.3576487600803375,8.505020141601562,-0.3915342390537262,9.350244522094727,4.192793923644331,0.0003868739295285195,0.1965714424605976,0.22138098363292785,0.27943976146815475,0.24746149072582083,0.1306786631103495,0.09157105566090158,0.07708082769280918,117.33137066988166,jazz,Jazz at Mladost Club - Arana.mp3,final
139.6748310810811,1610.5485612839543,2531.896213293889,3321.3882493529895,0.02253841246613777,0.05518636852502823,0.46487924456596375,0.9502519965171814,1.2934019565582275,0.09952160716056824,2307.843505859375,-356.8727722167969,72.3480224609375,112.96947479248047,26.783950805664062,25.207107543945312,23.12632179260254,38.700584411621094,19.583152770996094,24.917978286743164,15.43274974822998,18.238229751586914,11.048389434814453,10.233477592468262,8.988472938537598,9.898399353027344,9.086673736572266,-0.6883769631385803,7.165785312652588,-4.851192951202393,9.725865364074707,-0.8608177304267883,8.216397285461426,-0.4403455853462219,7.114260673522949,-4.644455432891846,7.853085041046143,4.8138126295653185,0.0009041104931384325,0.1108192049231311,0.2394888854116566,0.16642698991653426,0.25948710667312425,0.13744764742741067,0.13322231522878922,0.040680111653421724,135.32981008814133,jazz,Jazz at Mladost Club - Avenue B.mp3,inicio
139.6748310810811,2630.939302070598,3417.676592181683,5794.81495954673,0.038767717202012386,0.0714210793375969,0.4546750783920288,1.0401734113693237,1.3610284328460693,0.09890970587730408,3909.345703125,-287.4947509765625,88.35709381103516,104.26719665527344,28.09235382080078,6.882575035095215,23.301151275634766,49.93379211425781,19.314861297607422,13.701664924621582,19.457862854003906,24.405479431152344,10.371135711669922,8.898035049438477,11.199076652526855,13.133530616760254,10.686851501464844,-0.1731274425983429,10.019074440002441,0.8471043109893799,10.334128379821777,-0.8066677451133728,8.574605941772461,2.3530776500701904,10.38103199005127,0.019676752388477325,11.063817977905273,4.254122931868064,0.0008669571252539754,0.22280673362915498,0.26094745343024384,0.2754890691799024,0.27268965457640576,0.13178669292460266,0.1438865259609175,0.06202203924044847,53.7627809566794,jazz,Jazz at Mladost Club - Avenue B.mp3,mitad
139.6748310810811,1820.774619475849,2732.79554262437,3882.951520323384,0.02645411063273994,0.03490208834409714,0.5337454676628113,0.9415010809898376,1.1018576622009277,0.08321771770715714,1165.244873046875,-386.8578796386719,75.35617065429688,123.05779266357422,34.78937530517578,19.351543426513672,22.625410079956055,32.97035217285156,17.37347412109375,22.582889556884766,15.613977432250977,17.565288543701172,10.963708877563477,9.847792625427246,9.005531311035156,11.763572692871094,9.530560493469238,1.1394473314285278,8.174639701843262,-2.82075834274292,8.53580379486084,2.3672423362731934,8.367470741271973,5.3029632568359375,7.694713115692139,3.114602565765381,7.726754665374756,5.025211195034875,0.0013654554495587945,0.1531094348653867,0.20914018111614974,0.26683268672141425,0.1969819882010902,0.147667114219407,0.10602246619487936,0.046617112266847706,126.7439881132788,jazz,Jazz at Mladost Club - Avenue B.mp3,final
139.6748310810811,1366.9824791567721,2420.277203797182,2816.4079695663218,0.01844338809742647,0.1957481950521469,0.6217933297157288,1.162437081336975,1.3854658603668213,0.06382687389850616,5823.20068359375,-238.94883728027344,83.1955795288086,150.66807556152344,33.594017028808594,14.148336410522461,23.921031951904297,45.91505813598633,21.322057723999023,7.963207244873047,12.361981391906738,16.94594955444336,13.41105842590332,9.052799224853516,9.727313041687012,10.375020027160645,8.509904861450195,4.2489399909973145,8.066007614135742,5.857283115386963,7.231682777404785,8.79159927368164,7.114871501922607,1.3607571125030518,5.777450084686279,1.5685724020004272,6.845983505249023,5.047079522646546,0.0004981158999726176,0.05815501512011628,0.07792876427051713,0.12746357580087103,0.07789067319733443,0.04089122102287322,0.036043541868856395,0.07841264316178813,211.59910769611056,jazz,Jazz at Mladost Club - Balkan improvisation.mp3,inicio
135.99917763157896,2252.4779264327553,2886.850323125263,4869.028890981763,0.04569038887142028,0.22463864088058472,0.4672565460205078,1.078806757926941,0.8316042423248291,0.07535289227962494,4744.513671875,-106.82068634033203,35.929527282714844,159.3015594482422,22.08620262145996,-34.31980514526367,19.565032958984375,57.46369934082031,14.273385047912598,-4.081893444061279,11.78452205657959,19.59560775756836,8.7720365524292,-6.409240245819092,9.491172790527344,10.939352035522461,8.124201774597168,-2.559803009033203,9.401690483093262,4.937037467956543,6.822538375854492,-4.164742946624756,7.536552429199219,2.1496212482452393,7.263984203338623,0.3977949917316437,7.692081451416016,2.797516505803009,0.00017295659927185625,0.08809930889364749,0.08352324234677896,0.1271988409356001,0.10392363537285812,0.04335663196663326,0.03846540196885305,0.08664993099173668,50.28324090570926,jazz,Jazz at Mladost Club - Balkan improvisation.mp3,mitad
103.359375,2335.0246797949953,3205.0201107707458,5359.450925466815,0.03892550158426858,0.14289996027946472,0.5516710877418518,1.0367692708969116,1.1116207838058472,0.0776858776807785,5058.77880859375,-223.04803466796875,124.34200286865234,128.87164306640625,37.777198791503906,0.32129207253456116,24.64691162109375,48.30844497680664,22.279020309448242,-0.8792551755905151,13.1637544631958,17.21763038635254,11.882099151611328,-0.35316574573516846,12.207321166992188,11.797273635864258,9.18879508972168,-1.758394479751587,9.679110527038574,6.277690887451172,7.6176300048828125,5.351751327514648,8.890423774719238,3.958404541015625,8.824158668518066,1.5238863229751587,7.9536590576171875,3.432617212782217,0.0004204304423183203,0.15967695845372307,0.18256430388268405,0.14717400338008468,0.1521940467356738,0.07005591899011257,0.07425599787783585,0.10644811578975723,75.88724108405764,jazz,Jazz at Mladost Club - Balkan improvisation.mp3,final
126.04801829268293,1547.4768470341548,2752.6116395352415,3140.8310078245936,0.020442998077109132,0.2579422891139984,0.4383014738559723,1.0682101249694824,1.142382264137268,0.09367045760154724,10755.7890625,-182.87181091308594,72.51775360107422,154.4008331298828,36.36702346801758,17.78419303894043,17.456716537475586,54.84458923339844,17.6827449798584,0.7618290781974792,12.161940574645996,28.649438858032227,10.840353965759277,5.659576892852783,10.256390571594238,3.661046266555786,10.149889945983887,-2.149528741836548,7.956170558929443,3.2890546321868896,8.257890701293945,-0.4108644723892212,7.063384056091309,1.789502739906311,6.67116117477417,-1.4655011892318726,6.869264602661133,2.8544949372220647,0.00048811727901920676,0.08853926261658215,0.09946976944274848,0.12199196127958271,0.13495962632249753,0.05206691412311812,0.04591960164040735,0.044307280312510466,178.49620694398715,jazz,Jazz at Mladost Club - Blue bossa.mp3,inicio
120.18531976744185,1829.6161899630445,2997.6517218431177,4088.55027709583,0.02710905754160217,0.27669739723205566,0.4959414005279541,1.0824472904205322,1.0728687047958374,0.07602802664041519,14253.1611328125,-125.91519927978516,36.239036560058594,159.7264862060547,22.688404083251953,3.3323051929473877,14.81554889678955,55.62763595581055,15.75957202911377,-2.1585190296173096,11.199043273925781,29.204431533813477,8.841508865356445,-3.532849073410034,8.456228256225586,4.156377792358398,9.496905326843262,-2.936154365539551,7.3922882080078125,8.777697563171387,8.614365577697754,-0.9890219569206238,7.613739967346191,3.30119252204895,7.466158390045166,-1.4302047491073608,7.5493998527526855,2.043296592461608,7.128253491828218e-05,0.10532169350205459,0.09696201750061828,0.1101885304965415,0.12397650434799654,0.047094330701825116,0.04473836221333346,0.07649264540149812,117.92697268879527,jazz,Jazz at Mladost Club - Blue bossa.mp3,mitad
120.18531976744185,1697.8833315060158,2680.087784560757,3731.427436568789,0.026341866413506193,0.21140161156654358,0.41061291098594666,0.8961703181266785,0.7064079642295837,0.09068983048200607,12852.103515625,-208.27880859375,115.10089111328125,150.3083953857422,41.480098724365234,6.471297264099121,18.634828567504883,49.4277229309082,21.87371826171875,1.23902428150177,15.597959518432617,18.084083557128906,11.003508567810059,3.682030200958252,9.185698509216309,1.9863115549087524,8.104096412658691,0.17229591310024261,7.813163757324219,-0.5360738635063171,9.180991172790527,-0.894109845161438,7.131697177886963,2.734718084335327,7.86621618270874,-3.2009356021881104,8.964255332946777,3.1198776746962102,9.863916056929156e-05,0.12482165829484007,0.1737404564225301,0.1930372249502525,0.16771521033229475,0.06961491640865343,0.1029115816283271,0.0937985410536789,120.63238900074336,jazz,Jazz at Mladost Club - Blue bossa.mp3,final
143.5546875,1342.3988431055743,2442.982520271042,2639.984036377709,0.01769566019253096,0.036605626344680786,0.3585384488105774,0.9837824106216431,1.087519645690918,0.10734783113002777,215.964111328125,-428.4495849609375,61.9278678894043,145.71493530273438,32.409847259521484,34.049583435058594,28.117998123168945,40.41123962402344,19.720691680908203,14.361778259277344,13.806305885314941,15.597798347473145,12.283506393432617,7.673004150390625,9.403829574584961,4.562277793884277,8.454506874084473,-2.4510550498962402,8.688894271850586,-9.368996620178223,8.864147186279297,-5.184391975402832,7.509465217590332,-3.9327168464660645,8.203392028808594,-3.2328431606292725,7.960099697113037,9.070276269988865,0.00011870208254549652,0.2353311114524232,0.220406450736738,0.24399686923005612,0.27753504211916763,0.12656739214864934,0.1325631323149889,0.08079420076059449,212.2046567386578,jazz,Jazz at Mladost Club - Blue Monk.mp3,inicio
156.60511363636363,2478.6097457109327,3437.6520249594446,5690.732255587268,0.038656417799438854,0.17573784291744232,0.5279775261878967,1.1349152326583862,1.123714566230774,0.07200122624635696,6700.9931640625,-154.2879180908203,51.50311279296875,134.19178771972656,28.145511627197266,0.4492400884628296,27.64217758178711,59.40853500366211,14.640968322753906,2.1410675048828125,12.799482345581055,26.304180145263672,11.135770797729492,-4.389575481414795,9.395459175109863,15.073163986206055,7.5792951583862305,-4.410329818725586,8.502803802490234,6.03645658493042,9.00448989868164,0.09872885048389435,7.77266788482666,-1.2934037446975708,8.09594440460205,0.956856906414032,6.742287635803223,2.630056621469706,0.0005510802147909999,0.1357506599886091,0.10584881221735297,0.13590601886726414,0.1458540920726446,0.06362250739643628,0.060738287139789314,0.04833437200545972,69.08662295490724,jazz,Jazz at Mladost Club - Blue Monk.mp3,mitad
156.60511363636363,2173.6431670797665,3172.1543334257353,5133.010628053647,0.03166760896381579,0.17769648134708405,0.5093942284584045,0.980612576007843,0.8321397304534912,0.07887811958789825,7915.625,-176.2997283935547,70.66565704345703,134.67169189453125,33.129249572753906,4.38574743270874,23.87495994567871,65.2768783569336,20.241947174072266,6.173138618469238,13.191766738891602,23.36714744567871,10.467473030090332,1.3034381866455078,9.311601638793945,13.606687545776367,7.833894729614258,0.27101293206214905,8.919002532958984,0.677444577217102,7.367266654968262,-2.1193087100982666,6.364097595214844,-0.9426125884056091,6.965481758117676,-0.7299579977989197,5.399151802062988,2.7627135891694268,0.015212392434477806,0.13962498966368694,0.13321403146011362,0.16175368856195346,0.19912531906239098,0.0662169363639719,0.06656166207665418,0.08440598806920156,90.6963136231668,jazz,Jazz at Mladost Club - Blue Monk.mp3,final
139.6748310810811,1936.1716166339856,2910.5813856737927,4267.065864303164,0.02601042472910217,0.24503673613071442,0.4984293282032013,1.102217435836792,1.095847725868225,0.07974131405353546,9277.3447265625,-146.68576049804688,52.48798370361328,147.73643493652344,28.083635330200195,-7.938305854797363,23.606294631958008,59.64228057861328,17.097599029541016,5.6624436378479,14.07003116607666,24.60355567932129,9.896100997924805,-0.17047251760959625,9.40018081665039,11.751700401306152,9.524325370788574,0.05507497116923332,8.065183639526367,2.0002784729003906,8.886171340942383,0.4677005112171173,7.320435047149658,4.048883438110352,7.27424955368042,0.062204282730817795,6.503448963165283,3.8040820758598772,0.00047050052671693265,0.12399918039690662,0.09841478142488462,0.13265813134653454,0.13916865687660568,0.056967877798705456,0.056467672176452766,0.09093095172447338,96.43060000672497,jazz,Jazz at Mladost Club - C-mol blues.mp3,inicio
135.99917763157896,2201.1821062742306,2964.4886495405694,4769.671158451045,0.039890159394349846,0.28689730167388916,0.4786340296268463,1.031545877456665,0.8511322736740112,0.08066849410533905,16677.666015625,-92.08073425292969,36.6298713684082,151.24435424804688,21.686304092407227,-26.2224178314209,19.998830795288086,56.98118209838867,15.628473281860352,0.857062816619873,11.230621337890625,25.96111297607422,9.169205665588379,-4.179256439208984,8.444091796875,13.810453414916992,9.15031623840332,-3.518744707107544,7.861565589904785,6.29993200302124,8.509309768676758,1.2299214601516724,6.993645191192627,4.956990718841553,8.14101791381836,-0.35687878727912903,7.60787296295166,2.4637389191601637,5.661120667355135e-05,0.09100989118662772,0.08718259341184124,0.11557836789830556,0.0980526300901365,0.0462418497108822,0.04413545606735181,0.08215464466491465,62.219888632808285,jazz,Jazz at Mladost Club - C-mol blues.mp3,mitad
132.51201923076923,1836.5712957176656,2692.132046996747,3894.7264491220008,0.027177840194465945,0.17057929933071136,0.5227649807929993,0.8142514824867249,0.7136480212211609,0.08308562636375427,6394.58837890625,-266.1636962890625,133.46994018554688,127.25789642333984,49.88079833984375,1.2020347118377686,32.95533752441406,47.121578216552734,23.921178817749023,13.787494659423828,17.046621322631836,19.572181701660156,13.255350112915039,7.8652191162109375,15.144481658935547,11.207380294799805,10.430225372314453,5.4569501876831055,8.689839363098145,2.7087228298187256,7.480504989624023,3.0173349380493164,8.850702285766602,5.666667938232422,7.863955974578857,3.4828460216522217,7.594082355499268,5.767465584586997,0.0003128925454802811,0.16440503008893392,0.2657012978404668,0.26585522577283766,0.2717004795480302,0.10543393244534735,0.14728531965853045,0.07327496538424509,122.91634200913343,jazz,Jazz at Mladost Club - C-mol blues.mp3,final
129.19921875,797.8893189497315,1531.2949888306805,1310.842073517318,0.01397931834123452,0.11372736841440201,0.5703182220458984,0.9711031317710876,1.3024390935897827,0.08505746722221375,4971.0849609375,-334.51739501953125,73.11882019042969,166.94586181640625,36.25777816772461,36.33203125,29.367204666137695,25.742202758789062,19.794883728027344,19.199987411499023,13.252982139587402,14.2056884765625,12.141845703125,7.943357944488525,10.091350555419922,4.41991662979126,10.448331832885742,6.3974080085754395,9.072813987731934,6.048163890838623,9.650075912475586,5.844337463378906,8.924051284790039,5.966750144958496,8.039976119995117,3.09360933303833,7.616929531097412,2.9482360962067946,0.0006041523301973939,0.08290819842414532,0.15955487493172021,0.1371677495798116,0.12518897069017595,0.05070250739763078,0.06677603023586083,0.10745431348185869,476.3473793046505,jazz,Jazz at Mladost Club - Caravan.mp3,inicio
132.51201923076923,1506.6521160624704,2661.182198619731,3103.1229025070143,0.018860808097910218,0.19000013172626495,0.5276092886924744,1.2095001935958862,1.6839854717254639,0.08559899032115936,7304.09765625,-204.04058837890625,59.98236083984375,167.59788513183594,29.7830810546875,22.402942657470703,19.997770309448242,38.13243865966797,17.59519386291504,-1.859060525894165,13.599576950073242,20.810468673706055,12.467447280883789,-0.5815959572792053,9.679705619812012,6.684139251708984,10.032166481018066,-0.3456512987613678,8.364371299743652,6.661428928375244,8.547453880310059,3.78501296043396,7.9285888671875,1.3433356285095215,7.223623752593994,-1.0316083431243896,7.159883975982666,2.959250570170012,6.60931909806095e-05,0.076882765311087,0.10174605938903193,0.11647289203616785,0.1254308749285132,0.04626747586673197,0.056125830629927154,0.08092728656257164,153.89917698953258,jazz,Jazz at Mladost Club - Caravan.mp3,mitad
103.359375,2423.511206468985,3183.7976671184906,5533.874870749081,0.03959877793633901,0.17819832265377045,0.5355401039123535,1.053126335144043,1.0246233940124512,0.07805506885051727,5031.5576171875,-176.21340942382812,96.77645111083984,135.1122589111328,38.31996154785156,-5.5673418045043945,21.263925552368164,52.9890022277832,23.434429168701172,-0.0995878353714943,12.304434776306152,17.09813117980957,10.831287384033203,-0.15730176866054535,11.34194564819336,10.476692199707031,8.289573669433594,-2.328248977661133,9.458847045898438,2.5574777126312256,8.780070304870605,2.6659302711486816,7.898077487945557,3.044222593307495,7.210929870605469,-1.197907567024231,7.046652317047119,3.614736381994967,0.0004839776665903628,0.09644605466914333,0.12469233270610318,0.17646533749764357,0.135331977612963,0.07175436366739447,0.0502428872637322,0.05829265035682658,64.64040389608871,jazz,Jazz at Mladost Club - Caravan.mp3,final
120.18531976744185,1137.7809153956082,2400.0649274817506,1781.3142286365614,0.017505563080495355,0.03632837533950806,0.44562050700187683,0.8626801371574402,0.8326066136360168,0.0979732796549797,213.1840057373047,-413.4512939453125,46.60755157470703,159.90672302246094,30.263704299926758,40.80838394165039,21.787260055541992,34.91265869140625,15.612126350402832,16.573143005371094,10.387506484985352,18.364904403686523,9.424023628234863,2.364058256149292,7.795254230499268,12.283781051635742,8.099462509155273,1.0256825685501099,8.415840148925781,-1.7919079065322876,7.669028282165527,1.8557263612747192,7.583775043487549,3.4700701236724854,8.449213981628418,3.336979389190674,8.09823989868164,4.895894878846516,4.240575071889907e-05,0.11508288569269542,0.1294853085433784,0.17665402285610166,0.10814450582959005,0.07897626144391232,0.046628987829447174,0.08047227300184662,279.89308367190193,jazz,Jazz at Mladost Club - Konflikt.mp3,inicio
120.18531976744185,1479.017974260989,2577.3176014603555,3211.2555819768286,0.017974381107294893,0.24429966509342194,0.5691909193992615,1.102835774421692,1.2921193838119507,0.07704855501651764,7568.62939453125,-219.95407104492188,89.4432601928711,141.9641571044922,26.305335998535156,23.73563575744629,31.962080001831055,53.7198486328125,17.66605567932129,19.7723388671875,18.825035095214844,27.920705795288086,9.71904468536377,7.386011123657227,10.756656646728516,15.258931159973145,9.323596954345703,4.935284614562988,9.467018127441406,4.011817932128906,9.592264175415039,7.228950023651123,9.105680465698242,4.034031391143799,8.00590705871582,2.026867628097534,7.642041206359863,5.440282586426282,0.00017520658730063587,0.09307438261444805,0.12918558241828207,0.1894507861881215,0.11053379007351168,0.07305085807344325,0.044344467033090924,0.05911010160392689,167.42579570552883,jazz,Jazz at Mladost Club - Konflikt.mp3,mitad
117.45383522727273,2577.850263725071,3526.600057847165,6363.119856418101,0.03680249854876161,0.21957184374332428,0.5363981127738953,1.1203616857528687,1.0494418144226074,0.07731964439153671,9074.2451171875,-150.7156524658203,78.30699920654297,128.31671142578125,33.550254821777344,1.6743648052215576,21.97334861755371,55.302608489990234,15.666202545166016,4.207276344299316,13.015938758850098,28.407691955566406,10.772147178649902,-0.9432318210601807,10.131607055664062,12.988807678222656,9.492295265197754,0.3810127079486847,10.051218032836914,1.3124290704727173,9.656939506530762,3.5891506671905518,9.400894165039062,2.55678391456604,8.983250617980957,2.5049479007720947,7.6322760581970215,3.408010212161929,0.0006092625553719699,0.1022089481384977,0.1297561529510722,0.18327603236731607,0.12390465481028318,0.0673334281362275,0.049568621648873365,0.035290397893644083,80.57373521090332,jazz,Jazz at Mladost Club - Konflikt.mp3,final
129.19921875,1649.1438047770926,2789.8181179614267,3619.2697814374515,0.020440163627128482,0.20535117387771606,0.5493983030319214,0.8833540678024292,1.0088504552841187,0.07579421252012253,3526.1923828125,-203.8378448486328,72.57585906982422,150.52932739257812,30.5201358795166,13.28023910522461,27.885967254638672,56.526039123535156,17.481657028198242,4.165187835693359,18.329219818115234,25.220125198364258,10.15115737915039,-0.5141941905021667,12.44441032409668,12.83376693725586,8.861448287963867,4.581448554992676,10.636707305908203,6.867699146270752,8.087199211120605,2.4980123043060303,7.162452220916748,5.233043193817139,6.516973972320557,1.420346975326538,6.439737319946289,5.173559089890977,0.00046531850239261985,0.20088569860633504,0.17516255538131295,0.21605648198942873,0.2369337468520378,0.09530677948806804,0.10862554340702497,0.06005699755595776,153.73992628456458,jazz,Jazz at Mladost Club - Maiden voyage.mp3,inicio
139.6748310810811,1421.9996522956098,2531.412452593751,2883.782562161378,0.018698299632352942,0.2767413258552551,0.43251529335975647,0.9623703360557556,0.8972709774971008,0.08922766894102097,9725.0986328125,-172.87490844726562,62.60932159423828,162.69313049316406,25.65146827697754,10.533270835876465,24.251203536987305,63.935890197753906,17.182750701904297,2.2268786430358887,14.064857482910156,26.254444122314453,9.017396926879883,3.715501308441162,12.265033721923828,4.583316802978516,11.172087669372559,0.45187142491340637,8.528146743774414,2.2284317016601562,8.28254508972168,0.8811254501342773,6.762040138244629,2.5830819606781006,7.539455413818359,-0.5591930747032166,7.284522533416748,3.4121511372195004,2.7087944545201026e-05,0.14883396357275702,0.1406630630639295,0.1610973862983136,0.17833749967887652,0.0679174485198585,0.07060571105490107,0.05538879411890013,155.26548968267252,jazz,Jazz at Mladost Club - Maiden voyage.mp3,mitad
132.51201923076923,1566.3669641577785,2387.48162413032,3068.8064433472814,0.026064657205398606,0.18845711648464203,0.47878098487854004,0.8457309007644653,0.8551201820373535,0.08669199794530869,3909.006591796875,-218.8816680908203,104.74591827392578,150.71664428710938,43.98619842529297,-8.505463600158691,37.23756790161133,47.223777770996094,21.378536224365234,6.0513505935668945,14.359331130981445,16.216594696044922,11.401114463806152,0.5226103067398071,12.974932670593262,11.983450889587402,10.994306564331055,4.046424388885498,10.863801002502441,1.3817048072814941,10.734469413757324,1.1580207347869873,7.320240020751953,3.5612385272979736,6.544844150543213,1.7804348468780518,7.224796295166016,5.3605218491163384,2.3718741431366652e-05,0.1888657494091541,0.22901600788387622,0.23501742503092038,0.27422955048101944,0.09021848655255633,0.13636506229359174,0.06961017595730204,108.6800318521601,jazz,Jazz at Mladost Club - Maiden voyage.mp3,final
120.18531976744185,2908.744783284913,3782.8459017220043,6861.500176113826,0.04140980251064241,0.09170076996088028,0.5239492058753967,1.156053066253662,1.233599066734314,0.08366084098815918,2491.484130859375,-255.3067169189453,84.52104949951172,106.87020874023438,38.348297119140625,15.291305541992188,19.483142852783203,59.95738983154297,18.772905349731445,4.838639736175537,14.316557884216309,29.32371711730957,12.246787071228027,3.5518345832824707,11.672242164611816,19.48521614074707,10.533906936645508,-2.4442009925842285,11.196684837341309,4.4779887199401855,9.363208770751953,0.30230513215065,9.383993148803711,7.307326793670654,9.039551734924316,-0.4947608411312103,8.338821411132812,3.1608981353752417,0.0013812612742185593,0.2119015788480772,0.13342714575014647,0.1941096870830273,0.1624371415585677,0.07731759241934137,0.0727419519939781,0.07661035415245022,76.28291592085942,jazz,Jazz at Mladost Club - No More Blues.mp3,inicio
120.18531976744185,3200.376696050366,3969.2573199244143,7582.145818468218,0.04571873337122678,0.11961326003074646,0.41400209069252014,1.2242240905761719,1.2515698671340942,0.10462107509374619,4178.99951171875,-208.46192932128906,70.19300079345703,110.52426147460938,27.793514251708984,5.693972110748291,19.44731330871582,59.58560562133789,17.18081283569336,-3.321942090988159,12.523447036743164,29.952653884887695,9.599493980407715,-1.9858030080795288,9.014256477355957,15.870696067810059,8.609598159790039,-5.860505104064941,8.648706436157227,3.65663480758667,7.883071422576904,-5.681273460388184,7.889971733093262,2.4911060333251953,9.400249481201172,-3.1624011993408203,9.078141212463379,3.1869586485153962,0.002306552603840828,0.17168674340569412,0.15676836323001453,0.22307335815654294,0.20496599410802224,0.08420448167185744,0.09008134094520993,0.06421040499619511,54.17121091006401,jazz,Jazz at Mladost Club - No More Blues.mp3,mitad
120.18531976744185,3144.2289214294824,3933.6094301814524,7507.254604658475,0.04619567682130418,0.10790252685546875,0.5275338292121887,1.1023640632629395,1.0474616289138794,0.08199199289083481,5117.98583984375,-220.75958251953125,86.69339752197266,107.52574920654297,29.400449752807617,8.093352317810059,19.160614013671875,66.06543731689453,18.0213623046875,4.291056156158447,16.67291831970215,31.075288772583008,11.785713195800781,-2.3872361183166504,8.606813430786133,14.842443466186523,9.823071479797363,-3.1382906436920166,8.467663764953613,3.4055681228637695,8.308273315429688,-0.7271909713745117,7.772591590881348,9.22862434387207,7.604034423828125,0.44726261496543884,7.6564741134643555,2.503512188040736,0.0018125975038856268,0.2143322916398185,0.1390638943761936,0.26124713501420416,0.13065517263757387,0.07459384904159297,0.08078753031816338,0.07541931947597105,58.19334950223094,jazz,Jazz at Mladost Club - No More Blues.mp3,final
112.34714673913044,1213.5793642930778,1933.207582466966,2049.8959378930435,0.023594339565595975,0.0969415009021759,0.3363707959651947,0.826767086982727,0.9397464394569397,0.10214335471391678,2823.218505859375,-306.886474609375,87.24404907226562,161.50489807128906,40.24700164794922,16.597320556640625,26.530807495117188,26.176664352416992,22.884414672851562,0.4987106919288635,15.179237365722656,4.906174659729004,15.286484718322754,-1.489214539527893,9.757027626037598,-10.110906600952148,12.576170921325684,-4.016152381896973,8.911534309387207,-5.664872646331787,10.500648498535156,-7.137426376342773,9.168804168701172,-5.982536792755127,8.693181991577148,-9.801213264465332,8.838717460632324,4.860872559852529,0.00047982920659705997,0.23825072739316475,0.2361170487279617,0.2573395964275163,0.24416807612547747,0.11520720388783368,0.09652299568524382,0.0812307952096075,128.26781231942488,jazz,Jazz at Mladost Club - Song for Bilbao.mp3,inicio
120.18531976744185,1715.24768885114,2790.3818412103305,3651.327920919601,0.025499467879256967,0.2625080943107605,0.35895073413848877,1.069817304611206,1.0290569067001343,0.09234941750764847,9588.2548828125,-135.53729248046875,32.92970275878906,170.50579833984375,24.66452980041504,1.1449894905090332,15.994080543518066,48.424354553222656,14.212029457092285,-6.704204559326172,10.207225799560547,24.66557502746582,8.971686363220215,-4.079506874084473,8.402290344238281,4.0206708908081055,9.118569374084473,-5.275148868560791,7.533107280731201,4.41024923324585,7.673586368560791,-4.1381330490112305,6.563441753387451,1.666475534439087,7.02921199798584,-5.152213096618652,6.579960346221924,2.5313195195756086,8.157571573974565e-05,0.0936240459249788,0.14406665558375512,0.12206092293060485,0.16514373594298884,0.049473119440558516,0.06081584781922088,0.023059302263457714,101.65876479753302,jazz,Jazz at Mladost Club - Song for Bilbao.mp3,mitad
117.45383522727273,2320.977234865078,3156.7119446319525,5067.0110271442045,0.04135160180437306,0.23045344650745392,0.39024588465690613,0.996637761592865,1.035102128982544,0.09706200659275055,11499.357421875,-172.176513671875,125.41754150390625,136.73638916015625,42.489967346191406,-6.145251750946045,22.274187088012695,39.20176696777344,28.406631469726562,-6.066234588623047,13.81628704071045,20.42502784729004,15.611331939697266,-6.378094673156738,10.341224670410156,8.243050575256348,10.14481258392334,-6.559639930725098,7.95003604888916,2.8375463485717773,8.325273513793945,-4.065436363220215,8.738292694091797,5.160745143890381,8.314826965332031,-2.5895416736602783,8.252095222473145,3.232641665162312,0.00026730814715847373,0.11180082661859889,0.16779010234232733,0.1326311400302145,0.18127068129899093,0.06050540017316822,0.0712639433114374,0.07028473256772,68.29579136969295,jazz,Jazz at Mladost Club - Song for Bilbao.mp3,final
117.45383522727273,2937.0894458250227,3362.5931989015917,5033.002899453367,0.08010817016979489,0.027868986129760742,0.2588668763637543,0.7771297693252563,0.33077186346054077,0.09570470452308655,67.24906158447266,-450.193115234375,100.39984893798828,116.81855010986328,46.21470260620117,-31.4089412689209,28.49656867980957,7.676210403442383,17.78561019897461,14.788262367248535,20.68121337890625,-0.15767289698123932,17.816761016845703,-23.84467124938965,22.138492584228516,-10.075912475585938,13.448369979858398,-4.022032260894775,13.882773399353027,-9.726885795593262,11.18541431427002,-16.225069046020508,14.205713272094727,-7.845527648925781,11.364840507507324,-8.466781616210938,13.042471885681152,27.12561855355507,0.029984399676322937,0.16536674421250205,0.27781330295669904,0.22332725259386324,0.23105640397181693,0.09208992881363826,0.11420790922297874,0.07581147266758351,21.85598919644291,jazz,Jerome Bourdellon_Thomas Buckner_Dalila Khatir_Roscoe Mitchell - Pt I.mp3,inicio
123.046875,3252.722005009951,4496.444704940016,6755.359151267415,0.07153093556501548,0.022188426926732063,0.21011745929718018,0.7810856699943542,0.47649142146110535,0.09940783679485321,171.19827270507812,-479.8011779785156,71.89828491210938,86.03227233886719,31.80976676940918,-23.796133041381836,41.85853576660156,-26.24452781677246,22.37433433532715,-14.153850555419922,22.658884048461914,-7.054378509521484,15.37054443359375,3.383547306060791,11.826696395874023,1.5325853824615479,12.45894718170166,0.7863023281097412,11.892245292663574,-4.615257263183594,11.827338218688965,-8.17809772491455,12.65408706665039,-14.794472694396973,12.450608253479004,-10.952556610107422,12.787239074707031,24.278531294144532,0.00068692397326231,0.26095595361596624,0.21946707972464705,0.2720476580523486,0.315606556454825,0.13236982624876284,0.11783743102792807,0.11555716251543567,6.663958595950936,jazz,Jerome Bourdellon_Thomas Buckner_Dalila Khatir_Roscoe Mitchell - Pt I.mp3,mitad
123.046875,3111.7194309022993,3233.6492062713114,5711.273798042038,0.07968319163602941,0.10260435938835144,0.2597047686576843,0.6236430406570435,0.5483164191246033,0.09958896785974503,2699.91455078125,-293.2552185058594,152.78411865234375,103.92761993408203,53.60957336425781,-50.25736618041992,54.421897888183594,6.6767425537109375,20.635046005249023,-3.419782876968384,22.165882110595703,-2.9110634326934814,18.426502227783203,-10.97546100616455,20.2238826751709,1.9674019813537598,10.130363464355469,-8.233040809631348,12.081480026245117,-2.665888547897339,11.186006546020508,-6.600706100463867,13.130800247192383,-5.630407810211182,17.59038543701172,-6.909234046936035,15.22654914855957,8.212424119630164,0.02067727781832218,0.232373288674237,0.2930977083730896,0.24865622802420703,0.22423536571109673,0.11157191824639032,0.08054104982801863,0.07209823502056108,5.30242018686115,jazz,Jerome Bourdellon_Thomas Buckner_Dalila Khatir_Roscoe Mitchell - Pt I.mp3,final
126.04801829268293,2732.9864364627,2344.7883500489793,4382.3401672552245,0.09082957170327012,0.07984693348407745,0.34359216690063477,0.6432049870491028,0.4741520583629608,0.11525771021842957,1590.6300048828125,-376.0835266113281,71.42079162597656,57.32640075683594,33.69001770019531,-63.85066223144531,38.58407211303711,-50.75697326660156,28.960067749023438,-7.811840057373047,8.12452220916748,1.012726068496704,5.67180061340332,1.8377265930175781,7.335860729217529,-7.545958995819092,6.492579936981201,-16.919754028320312,10.861376762390137,-2.1284096240997314,5.0302839279174805,11.164179801940918,8.208516120910645,6.864877700805664,8.356456756591797,2.550706386566162,8.679230690002441,15.852671498585678,0.008039540611207485,0.09804236769594821,0.22514302324603952,0.1883712904004079,0.2716329173672394,0.07079186842286996,0.11894929255742653,0.10949655832280196,0.7107190538319201,jazz,Li Zenghui - baritone saxphone.mp3,inicio
123.046875,2869.2444954890016,2200.2754679768104,4760.487880647736,0.1025277247000774,0.02289220690727234,0.4748837351799011,1.1132019758224487,1.0206416845321655,0.07979966700077057,268.8031921386719,-356.0711975097656,98.47789001464844,118.51806640625,27.347736358642578,-124.31961059570312,48.97032165527344,-14.043888092041016,12.878632545471191,-30.25872230529785,14.326705932617188,-12.379237174987793,9.149313926696777,-21.634849548339844,9.430609703063965,-13.306013107299805,9.618879318237305,-20.11528205871582,11.178464889526367,3.7771072387695312,8.78726863861084,0.09764571487903595,6.848079204559326,-14.521928787231445,7.474734783172607,0.2573126554489136,6.632798194885254,1.435447494090091,0.0006434723036363721,0.05902693350373157,0.06649271172571938,0.08679241342878745,0.08130249901609517,0.03563504832309493,0.03378257856956128,0.07482034855409969,0.5563425855850515,jazz,Li Zenghui - baritone saxphone.mp3,mitad
129.19921875,3115.3295056115903,2770.685222516725,5328.801110802051,0.08207679016302244,0.23484714329242706,0.22749464213848114,1.0073012113571167,0.8965060710906982,0.10417084395885468,19691.017578125,-268.0657653808594,121.462890625,52.05054473876953,33.64148712158203,-81.3021469116211,45.547576904296875,-30.69623374938965,19.982032775878906,-3.89794921875,10.699501991271973,12.025969505310059,19.518144607543945,16.370391845703125,12.588958740234375,-9.07007122039795,9.151144027709961,-23.000703811645508,11.196460723876953,8.185750961303711,9.88256549835205,11.051112174987793,10.237793922424316,0.7550071477890015,11.247063636779785,-1.7321761846542358,8.28580379486084,9.180975936590185,0.04725136607885361,0.21487260323765126,0.18664974758705427,0.3462082188580867,0.22793200006840594,0.11486927372418684,0.11642856633703431,0.07924562945641676,1.1868242347922355,jazz,Li Zenghui - baritone saxphone.mp3,final
129.19921875,2148.1016282822316,2101.102885297647,3765.018900112471,0.065255274344524,0.05225430056452751,0.24579578638076782,0.63626629114151,0.5508548021316528,0.11176275461912155,445.9994812011719,-455.7827453613281,76.79478454589844,74.12617492675781,39.27397537231445,-39.498165130615234,33.711387634277344,-35.09986114501953,20.116411209106445,-19.49358367919922,12.619476318359375,-16.263072967529297,11.447684288024902,-14.901114463806152,10.351996421813965,-17.96450424194336,12.597882270812988,-10.747864723205566,8.58613395690918,-7.678738117218018,8.060347557067871,-11.481497764587402,11.034795761108398,-1.8767074346542358,10.35079574584961,7.833029747009277,14.718573570251465,42.038401303288104,0.004408272448927164,0.3818267928029475,0.2623414123463993,0.3594519057636446,0.39923290607400763,0.16838835082840609,0.15976522844731614,0.05593785814040759,0.45632505815116503,jazz,Li Zenghui - soprano saxphone.mp3,inicio
147.65625,1932.866403563462,1944.461638152531,3198.3139935661766,0.05589894392172988,0.06163182109594345,0.217146635055542,0.6794483661651611,0.7753037810325623,0.10189594328403473,861.04541015625,-408.93218994140625,72.60990142822266,76.1851806640625,40.33636474609375,-40.60536575317383,35.89679718017578,-37.20029067993164,17.652835845947266,-16.979000091552734,10.646088600158691,-13.4953031539917,10.050095558166504,-12.383837699890137,12.450787544250488,-13.958314895629883,12.47615909576416,-8.126233100891113,10.933722496032715,-4.1632890701293945,12.053352355957031,-8.178503036499023,14.835395812988281,-5.122337341308594,18.03040313720703,-1.7050505876541138,20.94452667236328,23.638724503841633,0.00035595279769040644,0.273293397355239,0.3736018741881132,0.4089216111035631,0.3639770726112316,0.15907400785427137,0.15301505979502422,0.061388843697325154,0.4727740438053124,jazz,Li Zenghui - soprano saxphone.mp3,mitad
123.046875,2869.8109379117427,2269.5192958718885,4542.197533952932,0.10705812058581657,0.10073628276586533,0.23143909871578217,0.7149685621261597,0.471965491771698,0.11531472951173782,1020.2313842773438,-379.3717956542969,109.53002166748047,57.45875930786133,30.184967041015625,-95.39399719238281,57.22611999511719,-27.268346786499023,15.899815559387207,-14.321505546569824,10.181450843811035,-4.9430646896362305,6.777270793914795,-15.8684663772583,11.172388076782227,-18.05521583557129,11.681626319885254,-0.043576929718256,7.222300052642822,11.167948722839355,9.235466957092285,0.7995626926422119,6.496274948120117,-7.585946559906006,9.320411682128906,-4.451672077178955,9.28013801574707,25.58484117734053,0.06558161228895187,0.31873392970448244,0.28704737790834384,0.25300025947867405,0.40953024321171416,0.11757026320161182,0.14120637173281142,0.06821749283324317,0.13822560737913686,jazz,Li Zenghui - soprano saxphone.mp3,final
109.95678191489361,1149.183023855729,1445.5371796949214,2111.5288985402963,0.029010028661958204,0.06754656136035919,0.5268808007240295,0.9547703266143799,1.204019546508789,0.07086034119129181,390.2634582519531,-287.109619140625,63.17793655395508,230.9424591064453,28.8371639251709,-31.29448127746582,22.324581146240234,2.495231866836548,16.400836944580078,11.31889533996582,10.755183219909668,-2.232966661453247,8.800359725952148,2.894392251968384,7.216335296630859,-1.1733781099319458,7.892211437225342,-0.7666462659835815,5.720565319061279,-5.347165107727051,6.980996608734131,-0.9155030846595764,6.24744176864624,-0.37357762455940247,5.168863296508789,-5.147165298461914,5.72967004776001,2.4896021195955713,0.00017428575665690005,0.13597296726814387,0.12330351998361191,0.11690724519422506,0.1453898055541311,0.055180970277009085,0.05071676840912737,0.11129671787034137,118.43319955972608,jazz,Pat Thomas - Three.mp3,inicio
120.18531976744185,1428.7348688995858,1583.2155240965083,2437.976924553744,0.04407380756578947,0.09679418802261353,0.43186497688293457,1.067107081413269,1.3855990171432495,0.08269303292036057,1107.3079833984375,-220.0901641845703,43.073463439941406,214.53285217285156,22.10797691345215,-50.212955474853516,15.11744213104248,6.163941860198975,14.481949806213379,-3.2973601818084717,15.812790870666504,2.75075626373291,11.956670761108398,1.476397156715393,9.572907447814941,-5.2276787757873535,8.838431358337402,-0.40206414461135864,7.297526836395264,-7.890490531921387,8.751851081848145,-1.7353447675704956,7.792665958404541,0.45999839901924133,7.589400291442871,-3.1064465045928955,6.564447402954102,2.446719905369449,2.4465549358865246e-05,0.12287368918385758,0.11202526463749227,0.09787928580783155,0.12242387646391176,0.05160432553187699,0.04556163704098351,0.06007371867958959,55.28548654179566,jazz,Pat Thomas - Three.mp3,mitad
123.046875,3280.8283681510184,3580.9744673912564,6643.226495984907,0.08666274126838236,0.01660219393670559,0.5139655470848083,1.0850600004196167,1.461224913597107,0.08658095449209213,131.2102508544922,-383.968505859375,148.45269775390625,109.07732391357422,40.33747482299805,-35.919647216796875,47.507240295410156,-1.8601384162902832,13.798222541809082,-12.116579055786133,27.759231567382812,14.313125610351562,10.881054878234863,-8.6271390914917,14.467238426208496,-2.952813148498535,7.2060370445251465,-7.886921405792236,9.389799118041992,1.2104462385177612,7.528865337371826,-2.3475818634033203,8.583253860473633,-0.6583583354949951,6.621359348297119,-4.703595161437988,7.885632038116455,1.3260370760193803,0.006570565048605204,0.11951627179397077,0.10684641165653463,0.1036203577417994,0.16261119570589327,0.05595764959463465,0.054368778749523956,0.1226392193960835,4.819051935451255,jazz,Pat Thomas - Three.mp3,final
125.0,1803.3058294716216,2887.3600634652776,3659.1994756487734,0.02536632376466406,0.15692470967769623,0.5873141288757324,1.0162142515182495,0.8696340918540955,0.07046755403280258,3164.73974609375,-238.6835174560547,58.56280517578125,138.4681854248047,36.63588333129883,13.915789604187012,24.813819885253906,65.87993621826172,18.232803344726562,14.895413398742676,15.462230682373047,35.49286651611328,11.655464172363281,4.044642925262451,10.82123851776123,8.941019058227539,9.789359092712402,8.794872283935547,8.989612579345703,-2.975104808807373,8.60190200805664,3.4678966999053955,7.897249698638916,0.22946883738040924,6.636314868927002,5.682300567626953,7.04415225982666,4.061845796692678,0.00043265512795187533,0.14023217524863427,0.19003229773241195,0.14828919870439897,0.1921760598473552,0.07803082600935499,0.07730355356733994,0.0794558633503651,158.4356464006586,jazz,Pierce Murphy - Persimmon.mp3,inicio
125.0,1821.425067789348,2906.4935162113584,4060.0115535016,0.02175238290970494,0.19540108740329742,0.5678077340126038,1.045763611793518,0.7756926417350769,0.0746070146560669,5565.1533203125,-189.90652465820312,36.04768753051758,152.44345092773438,20.96505355834961,-4.887421607971191,19.979055404663086,66.20845031738281,13.845812797546387,7.830906391143799,12.589715003967285,33.43935012817383,10.483424186706543,0.2678620219230652,10.094045639038086,10.395259857177734,9.283876419067383,8.433244705200195,8.69090461730957,-4.661243438720703,8.068394660949707,1.5339605808258057,8.203527450561523,-2.3870744705200195,6.742311477661133,5.0005645751953125,6.693033218383789,3.8142387335756336,1.1004340194631368e-05,0.10066964906832333,0.11297611281389075,0.12132020452674204,0.14244096957920238,0.057841357449988806,0.05034266123018868,0.06878597566077024,136.70799650156397,jazz,Pierce Murphy - Persimmon.mp3,mitad
130.8139534883721,1561.1114211533877,2864.7854919403276,2999.0834962673302,0.0176194371000711,0.1591026484966278,0.5950756072998047,0.8426793813705444,0.7293263077735901,0.07505472749471664,4922.89697265625,-265.14093017578125,122.38421630859375,133.38531494140625,52.30086898803711,20.23879051208496,28.370342254638672,58.941734313964844,21.818599700927734,7.840808868408203,17.055395126342773,26.93912124633789,13.724599838256836,3.3737242221832275,10.09111499786377,7.868341445922852,9.374825477600098,7.441931247711182,8.487982749938965,-2.4719252586364746,7.6841721534729,0.9283811450004578,7.488222599029541,-1.6957509517669678,6.466282844543457,3.5930473804473877,6.30246639251709,4.166640723979588,0.014989991672337055,0.16224156058824454,0.24615767607314468,0.18166971896287182,0.23230876746420373,0.06071157252339749,0.15811054225290852,0.06806585991708138,172.00192309294934,jazz,Pierce Murphy - Persimmon.mp3,final
129.19921875,1773.1102424960277,2391.3883783401016,3042.6899346035702,0.04150182765334752,0.1077837124466896,0.25388091802597046,1.2183430194854736,1.6549309492111206,0.09698229283094406,1684.357177734375,-300.8941955566406,104.23499298095703,150.28363037109375,45.37770080566406,-26.483129501342773,29.56084632873535,2.0433664321899414,16.849714279174805,11.740055084228516,14.843647956848145,-1.5037801265716553,11.76339054107666,-28.193334579467773,12.537686347961426,-4.921934127807617,10.738838195800781,-8.622493743896484,9.445464134216309,-19.70038604736328,13.815512657165527,-13.445798873901367,11.05274772644043,-5.560883045196533,9.665529251098633,-9.07178020477295,9.986974716186523,7.1431410589498725,0.0032793234568089247,0.24605005120997245,0.2853461501705571,0.335272922330116,0.25703785519833006,0.1455782107003856,0.12603474877163848,0.05907987195053642,23.63556554992277,jazz,Scott Fields - Santa on a Segway.mp3,inicio
126.04801829268293,1511.7122361447375,1972.7877327182255,2777.724870144398,0.032677429010255415,0.11779838055372238,0.3215487599372864,1.2121566534042358,0.9319359064102173,0.09445381164550781,1663.9808349609375,-234.4844512939453,59.104103088378906,189.7120361328125,29.335609436035156,-39.201438903808594,27.420377731323242,10.598849296569824,17.83782196044922,16.296695709228516,13.685150146484375,0.613124668598175,10.012335777282715,-23.777362823486328,10.606471061706543,-3.7164127826690674,10.54262638092041,-11.196076393127441,9.555334091186523,-21.032323837280273,9.909804344177246,-9.29910659790039,6.8720197677612305,-6.475799083709717,8.121805191040039,-9.037408828735352,7.385104656219482,3.330102949212681,8.670670649735257e-05,0.16806712192255807,0.17242356554291566,0.18898220691104628,0.2021517320709427,0.07823345980810792,0.07111721305888748,0.10063570426577147,32.08048508937036,jazz,Scott Fields - Santa on a Segway.mp3,mitad
123.046875,4508.009693152062,3876.123521323482,7888.985629716525,0.1688162505442144,0.043129030615091324,0.4755483865737915,0.7871452569961548,1.2137609720230103,0.11561345309019089,846.2801513671875,-420.7766418457031,135.31517028808594,108.7117691040039,78.96968841552734,-1.2102357149124146,25.596677780151367,10.528441429138184,17.982955932617188,10.031023979187012,13.026810646057129,9.167058944702148,10.447052001953125,-3.51176118850708,8.853999137878418,-3.3038341999053955,7.623420238494873,-0.3593648076057434,8.351117134094238,-8.654035568237305,9.696352005004883,-7.738714218139648,8.193629264831543,-2.78794527053833,6.661552429199219,-7.645973205566406,7.811317443847656,5.435781039549595,0.15676529705524445,0.1487031725304186,0.1622836972800837,0.1745253951400745,0.18696444586484925,0.09545541869845897,0.08861788062682294,0.08810847774601756,57.762380788434236,jazz,Scott Fields - Santa on a Segway.mp3,final
147.65625,1679.6092112488077,2747.825600628568,2944.5738612313758,0.03100302492501935,0.03131522610783577,0.4608142375946045,1.0222129821777344,1.1386981010437012,0.0985700786113739,143.9947967529297,-397.0645446777344,78.74516296386719,152.81019592285156,33.84677505493164,10.18671703338623,40.05842208862305,33.30534744262695,21.88347816467285,11.236542701721191,19.965595245361328,17.227941513061523,15.312747955322266,4.456793785095215,15.789742469787598,5.765573024749756,10.483537673950195,-1.699262261390686,11.954011917114258,2.633225679397583,9.200895309448242,-2.5959649085998535,8.944147109985352,-1.285546898841858,8.315321922302246,-1.7098227739334106,10.014054298400879,5.093714751593385,0.00015615485608577728,0.20750273031139957,0.19468080692864811,0.238947861872029,0.21109353731405614,0.07555088591096842,0.09676856545469922,0.042966537430027096,103.1434946646258,jazz,Sid Peacock - Can_t buy everything forever.mp3,inicio
135.99917763157896,2410.784546832268,2992.7812122556343,4915.553609653154,0.04870246438419118,0.07255111634731293,0.45744746923446655,1.0354546308517456,0.96247798204422,0.08669143170118332,531.2343139648438,-243.42308044433594,52.76868438720703,135.10543823242188,26.340085983276367,-29.390592575073242,25.020734786987305,57.52996826171875,12.538616180419922,7.767918109893799,10.014358520507812,31.35881805419922,9.068068504333496,-1.2833013534545898,9.516913414001465,9.49616527557373,8.926020622253418,-8.126195907592773,9.857450485229492,9.016509056091309,11.481202125549316,-6.646334171295166,9.038424491882324,-3.689117908477783,9.116294860839844,-1.410688877105713,8.56164836883545,4.8500599155171935,0.00013704549928661436,0.18099295647615143,0.17915677503726493,0.2478701657398863,0.19845659438542168,0.09355969513125394,0.07336499722926514,0.039363763104095374,39.896072765625036,jazz,Sid Peacock - Can_t buy everything forever.mp3,mitad
143.5546875,1682.5806534539684,2385.9943558896307,3382.9878768684694,0.02811963344136997,0.036912981420755386,0.3923397660255432,0.8386995792388916,0.9266624450683594,0.0998525395989418,261.682861328125,-376.7024841308594,126.7730484008789,137.9423370361328,65.06436157226562,-3.5892231464385986,22.399553298950195,32.363685607910156,20.872907638549805,11.517066955566406,17.526845932006836,17.111141204833984,12.996432304382324,2.7184736728668213,10.429022789001465,2.5973870754241943,8.31864070892334,-4.339997291564941,8.435094833374023,-2.9373228549957275,8.654012680053711,-1.1652356386184692,7.632833957672119,0.7773862481117249,7.891258716583252,1.724560260772705,7.682779788970947,4.23526727222067,0.12426624447107315,0.12792823680471557,0.14614822650392256,0.18269594284315796,0.18557364269295207,0.07698772859336371,0.0804392706886339,0.05923034154056481,84.27913759434705,jazz,Sid Peacock - Can_t buy everything forever.mp3,final
129.19921875,2465.865290694296,3045.115193027712,5015.819670024671,0.051874024949206655,0.027229439467191696,0.47246119379997253,1.0543841123580933,0.8487313985824585,0.09205310791730881,278.8571472167969,-368.90673828125,136.61854553222656,130.8072967529297,47.65751647949219,-22.785242080688477,32.969085693359375,25.97022819519043,22.74603843688965,4.0891499519348145,17.691184997558594,20.99703598022461,12.940308570861816,6.706735134124756,11.644038200378418,7.676398754119873,8.255545616149902,-0.991366446018219,9.348527908325195,3.095924139022827,8.753149032592773,-3.1110756397247314,7.050414085388184,-2.636847734451294,7.468661785125732,-0.6388496160507202,8.338608741760254,2.7485989674951816,0.0611201710999012,0.08135125758435613,0.0724655158795512,0.08487307772258607,0.10305395161095109,0.04481864873926522,0.03363221127417937,0.06913294552508688,37.13071717418821,jazz,Sid Peacock - Noise section from Wee Green Man.mp3,unico
123.046875,1974.4056340119316,1816.6191079518396,3690.8776817676085,0.06402833542956657,0.130987286567688,0.5171999335289001,0.42071297764778137,0.3786257803440094,0.07649001479148865,1409.0025634765625,-411.4259033203125,98.40441131591797,178.74232482910156,91.93622589111328,50.022682189941406,34.57372283935547,5.506228923797607,6.532522678375244,9.16238784790039,5.491360187530518,11.20688247680664,6.257709980010986,9.909899711608887,5.86403751373291,11.959915161132812,6.619602680206299,9.436443328857422,6.7262983322143555,4.0893425941467285,6.184332847595215,2.284141778945923,7.9694013595581055,0.4093843400478363,11.146188735961914,-1.885730504989624,11.45893669128418,10.746590541985851,0.015359818004071712,0.20368098767925863,0.333888738423765,0.16904554011790968,0.3822587897049395,0.11757348682543806,0.09708625544378954,0.04855001929368652,2259.84898303226,jazz,Sid Peacock - Orchard way.mp3,inicio
123.046875,441.4792602345346,1011.9820830064601,629.4211939761514,0.009284902283281734,0.2249005138874054,0.5199522376060486,0.7756953239440918,0.36868637800216675,0.06273292005062103,3844.298095703125,-286.3154602050781,26.012849807739258,221.21453857421875,16.006389617919922,41.72419738769531,16.89717674255371,20.923294067382812,10.90961742401123,21.023164749145508,7.685140609741211,12.095685005187988,5.645197868347168,14.59566879272461,6.493852615356445,16.034927368164062,7.261943340301514,14.181384086608887,5.878902912139893,6.7294020652771,5.826588153839111,4.394169330596924,5.773347854614258,2.826298475265503,6.893181800842285,-0.026524120941758156,7.0241827964782715,3.636375902843739,1.2380399994071922e-06,0.07968239851450502,0.10997485324090832,0.05408914192811209,0.2164125726071258,0.057494751989083985,0.06568733527115338,0.0600034709768801,1317.8064380386631,jazz,Sid Peacock - Orchard way.mp3,mitad
143.5546875,2017.6603208082208,2762.052981597605,4202.057924063951,0.039455165803986066,0.04279039055109024,0.6738956570625305,0.7342705130577087,0.47063148021698,0.06873297691345215,1773.3868408203125,-376.6394348144531,117.34194946289062,133.9114227294922,74.0101547241211,5.149504661560059,18.777753829956055,11.512984275817871,12.234262466430664,8.321656227111816,9.395997047424316,10.036130905151367,7.001439571380615,12.858068466186523,7.8328728675842285,13.886982917785645,8.884214401245117,11.989063262939453,6.193520545959473,3.244588851928711,5.004575729370117,2.6442456245422363,4.458291053771973,2.1249804496765137,3.932654857635498,1.9955989122390747,3.870546817779541,3.7480558908674264,0.06452521681785583,0.05860700824397709,0.07504921368446242,0.08999912925938514,0.08989766426880594,0.03486817976693045,0.0391800593074699,0.04360650112858821,236.3546524452782,jazz,Sid Peacock - Orchard way.mp3,final
117.45383522727273,1522.6591318556643,1890.1851579404167,2720.000219197465,0.04441167400348297,0.21113897860050201,0.6626989245414734,0.8468990921974182,1.199388027191162,0.05446134880185127,4167.75830078125,-314.60821533203125,103.78759002685547,145.4234161376953,62.86445617675781,63.23060607910156,43.994815826416016,47.40746307373047,29.18182945251465,28.362957000732422,22.152164459228516,17.829978942871094,16.96879005432129,0.3390143811702728,13.50476360321045,4.227392196655273,12.151137351989746,0.22670072317123413,10.235485076904297,6.234723091125488,8.140782356262207,3.1643035411834717,8.147974967956543,2.122389316558838,6.686926364898682,2.943307399749756,6.975891590118408,4.658193386867495,0.015099816024303436,0.07701422775448133,0.15831489963103837,0.12342049609056553,0.0826653400572106,0.06440187541105147,0.03805276846909247,0.060840540482712965,333.55074894563023,jazz,Sid Peacock - Want.mp3,inicio
126.04801829268293,974.8273363651076,1819.1750112448653,1793.5724878458784,0.012026004377902477,0.27800965309143066,0.6647468209266663,0.9338940382003784,0.9860158562660217,0.05015537887811661,3591.25634765625,-215.1489715576172,59.400028228759766,183.30072021484375,31.0179500579834,22.9923038482666,35.11829376220703,39.20576477050781,21.284786224365234,33.41936111450195,17.27800750732422,17.738554000854492,14.627763748168945,11.462624549865723,14.413310050964355,11.740928649902344,11.520270347595215,-11.137171745300293,10.443306922912598,5.977783203125,7.594326019287109,4.0596394538879395,8.139412879943848,-1.0927460193634033,7.680705547332764,7.536106586456299,6.710248947143555,4.905299979802342,2.1400584955699742e-05,0.0807175888515476,0.12156475137672369,0.1165540059051309,0.07353082061926534,0.05768398826836224,0.03576831972716716,0.08260237679645267,284.68393567473584,jazz,Sid Peacock - Want.mp3,mitad
109.95678191489361,434.50660196671805,1016.5297105979629,676.8375739224555,0.007767526726973684,0.15357117354869843,0.5636277198791504,0.38581785559654236,0.42473772168159485,0.09151829779148102,1469.2318115234375,-349.8487243652344,89.88912963867188,129.62783813476562,71.57135772705078,54.822078704833984,35.77550506591797,42.947181701660156,21.695959091186523,27.59177589416504,16.306970596313477,6.457340240478516,14.218855857849121,8.228809356689453,10.195724487304688,8.828265190124512,10.869824409484863,1.7106194496154785,5.396414756774902,3.2181856632232666,4.560147285461426,5.525450706481934,5.019472599029541,3.0664753913879395,4.274150371551514,-1.7986520528793335,6.50011682510376,7.082879564287083,0.13208141922950745,0.08878601337114442,0.16557908919747205,0.14778279454785365,0.08032747364847491,0.0751018001474792,0.04102631953705299,0.0955369256279533,1047.9121297754343,jazz,Sid Peacock - Want.mp3,final
143.5546875,1680.7714371233026,2527.597804012883,3094.9979516374806,0.03193310244533669,0.0494367741048336,0.30029296875,1.0526762008666992,1.6316723823547363,0.10158242285251617,207.38601684570312,-382.6355895996094,81.96623992919922,157.59861755371094,36.43364715576172,19.282522201538086,29.499935150146484,25.187381744384766,20.425735473632812,-12.726239204406738,15.52778148651123,16.74882698059082,14.68509578704834,3.9352238178253174,16.289440155029297,8.87732219696045,10.737634658813477,-0.1096290647983551,10.950287818908691,-4.163610935211182,13.493379592895508,-12.3743257522583,10.3330717086792,-7.117645740509033,8.656754493713379,-5.0011725425720215,7.871374607086182,7.744832990412367,0.00026744409115053713,0.23144031135458404,0.1669657567978474,0.17137854895978533,0.24137912249146143,0.10729647799439211,0.07831427869809156,0.014644456385525794,64.43395058097647,jazz,Till Paradiso - Did You see My Budgie (TP 062).mp3,inicio
143.5546875,1766.9397855591546,2602.4343305644743,3398.662782084462,0.03189058569562694,0.05535097420215607,0.3533027172088623,1.1791123151779175,1.5252325534820557,0.09382833540439606,571.19140625,-318.3570861816406,70.71944427490234,163.14669799804688,26.709896087646484,-1.5761873722076416,28.75663948059082,32.1782341003418,18.483318328857422,0.5277383327484131,15.397355079650879,21.147132873535156,13.216741561889648,-3.174509048461914,15.244160652160645,7.544559955596924,10.777965545654297,2.395617723464966,8.739928245544434,0.0922742560505867,10.099696159362793,-5.789219856262207,9.74930477142334,-3.437652587890625,8.024221420288086,-7.5900797843933105,6.580391883850098,2.455648757854869,0.00021631487470585853,0.1189194731106092,0.15411372141498236,0.1350862132597062,0.21162310276006652,0.08237920336195442,0.0549378254071604,0.011058092940517586,67.69527477024528,jazz,Till Paradiso - Did You see My Budgie (TP 062).mp3,mitad
143.5546875,1901.0270084731414,2558.9114130771236,3109.2728653190306,0.04741619098297214,0.020064853131771088,0.3123914897441864,1.0090609788894653,1.2051588296890259,0.09250673651695251,101.12614440917969,-409.82623291015625,73.96788024902344,161.85911560058594,30.613256454467773,-7.323988914489746,15.096766471862793,-19.07636260986328,27.859416961669922,-18.74041175842285,16.16318702697754,19.289928436279297,17.872657775878906,2.0574450492858887,10.50416088104248,-6.4769086837768555,12.3013277053833,-9.232791900634766,8.47567367553711,-3.0072317123413086,10.734660148620605,-4.578510284423828,9.774023056030273,-0.5290004014968872,9.805004119873047,4.134478569030762,10.939160346984863,4.569469049832129,0.00035582948476076126,0.13882690907605702,0.1359896961317842,0.1225515528214027,0.22404125159224034,0.08589150512983233,0.06247746702988913,0.006338271418567725,45.34713021543911,jazz,Till Paradiso - Did You see My Budgie (TP 062).mp3,final
126.04801829268293,1400.2780893646216,2290.937236036751,2668.0671998959947,0.02354728769591718,0.056981876492500305,0.3914277255535126,0.9321786165237427,0.8364664912223816,0.08247935771942139,193.62977600097656,-300.1826477050781,64.6954116821289,182.37986755371094,20.58660125732422,-11.89890193939209,22.10073471069336,41.59062194824219,10.549620628356934,9.634109497070312,9.52104663848877,14.40407943725586,7.602380752563477,-2.700908899307251,10.09007740020752,8.042829513549805,6.199288845062256,7.812927722930908,5.525047302246094,2.7232706546783447,6.023689270019531,-4.848787784576416,9.138059616088867,-3.005950927734375,5.226091384887695,-1.9152382612228394,5.184360027313232,4.628698512257532,7.340701995417476e-05,0.1792364557245513,0.08687365649996455,0.341827054038773,0.10960313425546322,0.12051645421827198,0.04600423024279641,0.043899594345882836,103.37701789610685,jazz,Till Paradiso - March of Hope (TP 064) (1).mp3,inicio
126.04801829268293,1487.4963805143254,2431.3801318739925,2730.783487325851,0.02434357917714783,0.04339798167347908,0.37296757102012634,0.9069156050682068,1.0138616561889648,0.09142839908599854,129.09388732910156,-352.40875244140625,78.10752868652344,174.30712890625,27.675657272338867,-1.4684048891067505,31.840599060058594,33.70174789428711,16.612918853759766,3.5806479454040527,10.18275260925293,15.381086349487305,7.440654754638672,-7.704319477081299,10.181096076965332,4.694582462310791,7.664588928222656,3.841610908508301,7.952219486236572,-1.8958003520965576,7.3879594802856445,-10.253963470458984,9.259819984436035,-2.1886491775512695,6.151575088500977,-3.3192460536956787,7.097975254058838,7.664200548498356,0.00021188394748605788,0.20660448148464355,0.13115084187598586,0.3805833640129397,0.13722921351272457,0.14057264747122436,0.049645501813045154,0.09290852734801969,88.84862324454113,jazz,Till Paradiso - March of Hope (TP 064) (1).mp3,mitad
129.19921875,1235.0999006442435,2609.61315565621,1785.830867991728,0.014735360632739938,0.02833019383251667,0.41566476225852966,0.7369383573532104,0.7062606811523438,0.09820076078176498,62.95883560180664,-438.0075378417969,78.72883605957031,165.20602416992188,25.26707649230957,36.6338996887207,36.27621078491211,25.060806274414062,15.347854614257812,5.4636101722717285,8.941659927368164,15.437898635864258,8.301271438598633,-3.603611707687378,12.825380325317383,7.512284755706787,8.650680541992188,5.23284387588501,7.932176113128662,-0.004397932440042496,8.308526039123535,-6.326136112213135,8.575042724609375,-2.868016242980957,6.275420188903809,0.3508681356906891,6.614053726196289,12.563365695859678,5.256637814454734e-05,0.23998927334294354,0.18448967400070215,0.481027678972833,0.16453268445360011,0.18662161112303965,0.05842841161361208,0.08377336494160062,177.07621057067917,jazz,Till Paradiso - March of Hope (TP 064) (1).mp3,final
126.04801829268293,1400.2780893646216,2290.937236036751,2668.0671998959947,0.02354728769591718,0.056981876492500305,0.3914277255535126,0.9321786165237427,0.8364664912223816,0.08247935771942139,193.62977600097656,-300.1826477050781,64.6954116821289,182.37986755371094,20.58660125732422,-11.89890193939209,22.10073471069336,41.59062194824219,10.549620628356934,9.634109497070312,9.52104663848877,14.40407943725586,7.602380752563477,-2.700908899307251,10.09007740020752,8.042829513549805,6.199288845062256,7.812927722930908,5.525047302246094,2.7232706546783447,6.023689270019531,-4.848787784576416,9.138059616088867,-3.005950927734375,5.226091384887695,-1.9152382612228394,5.184360027313232,4.628698512257532,7.340701995417476e-05,0.1792364557245513,0.08687365649996455,0.341827054038773,0.10960313425546322,0.12051645421827198,0.04600423024279641,0.043899594345882836,103.37701789610685,jazz,Till Paradiso - March of Hope (TP 064).mp3,inicio
126.04801829268293,1487.4963805143254,2431.3801318739925,2730.783487325851,0.02434357917714783,0.04339798167347908,0.37296757102012634,0.9069156050682068,1.0138616561889648,0.09142839908599854,129.09388732910156,-352.40875244140625,78.10752868652344,174.30712890625,27.675657272338867,-1.4684048891067505,31.840599060058594,33.70174789428711,16.612918853759766,3.5806479454040527,10.18275260925293,15.381086349487305,7.440654754638672,-7.704319477081299,10.181096076965332,4.694582462310791,7.664588928222656,3.841610908508301,7.952219486236572,-1.8958003520965576,7.3879594802856445,-10.253963470458984,9.259819984436035,-2.1886491775512695,6.151575088500977,-3.3192460536956787,7.097975254058838,7.664200548498356,0.00021188394748605788,0.20660448148464355,0.13115084187598586,0.3805833640129397,0.13722921351272457,0.14057264747122436,0.049645501813045154,0.09290852734801969,88.84862324454113,jazz,Till Paradiso - March of Hope (TP 064).mp3,mitad
129.19921875,1235.0999006442435,2609.61315565621,1785.830867991728,0.014735360632739938,0.02833019383251667,0.41566476225852966,0.7369383573532104,0.7062606811523438,0.09820076078176498,62.95883560180664,-438.0075378417969,78.72883605957031,165.20602416992188,25.26707649230957,36.6338996887207,36.27621078491211,25.060806274414062,15.347854614257812,5.4636101722717285,8.941659927368164,15.437898635864258,8.301271438598633,-3.603611707687378,12.825380325317383,7.512284755706787,8.650680541992188,5.23284387588501,7.932176113128662,-0.004397932440042496,8.308526039123535,-6.326136112213135,8.575042724609375,-2.868016242980957,6.275420188903809,0.3508681356906891,6.614053726196289,12.563365695859678,5.256637814454734e-05,0.23998927334294354,0.18448967400070215,0.481027678972833,0.16453268445360011,0.18662161112303965,0.05842841161361208,0.08377336494160062,177.07621057067917,jazz,Till Paradiso - March of Hope (TP 064).mp3,final
117.45383522727273,1816.718439126078,3006.9327283662315,3523.4786940063855,0.03275339226973684,0.08789852261543274,0.3990442752838135,1.1495658159255981,1.4001282453536987,0.08559220284223557,1142.769775390625,-271.1273193359375,76.46043395996094,172.54283142089844,40.64578628540039,13.22805118560791,34.767967224121094,24.00415802001953,25.32879638671875,7.62244987487793,17.849092483520508,10.985199928283691,13.243650436401367,1.3729591369628906,12.859189987182617,13.297489166259766,9.988954544067383,2.379917621612549,7.782968044281006,1.4955610036849976,8.031000137329102,-2.026625871658325,7.7532477378845215,1.5131947994232178,6.935340404510498,1.7955760955810547,6.388430118560791,3.3116510765998424,0.0008629795629531145,0.09787309270991729,0.16756251616926832,0.08308150379148815,0.1891226952999246,0.03749128360711436,0.08266204528152883,0.0744130916375277,112.11804075120199,jazz,Till Paradiso - New Ideas (TP 76).mp3,inicio
120.18531976744185,1915.3417834915897,3097.679417350637,3773.2021839626063,0.03337886089880031,0.08704879134893417,0.385142982006073,1.2271535396575928,1.4944027662277222,0.08857819437980652,1137.059814453125,-275.1387634277344,78.60511016845703,164.19674682617188,40.64040756225586,11.06202220916748,34.465797424316406,31.17226791381836,22.075124740600586,11.891371726989746,18.696807861328125,8.87351131439209,13.029915809631348,-2.3938543796539307,12.673074722290039,11.175943374633789,9.391914367675781,1.8539257049560547,9.547382354736328,2.0070841312408447,8.531984329223633,-0.44024842977523804,7.925992488861084,3.6711742877960205,7.484269618988037,-0.040476370602846146,6.417173862457275,3.171233412203266,0.0009095465647988021,0.1476475471740048,0.173251935938871,0.1117290528505388,0.21312461707721775,0.057226028531912006,0.08649034247651166,0.050269584893754576,103.3359999398879,jazz,Till Paradiso - New Ideas (TP 76).mp3,mitad
120.18531976744185,2032.2243485123013,3190.2024679420656,3920.709625338622,0.03596312342782508,0.0681823194026947,0.3819085657596588,1.2535958290100098,1.5854207277297974,0.09461097419261932,1155.3193359375,-307.3271789550781,91.81892395019531,154.35601806640625,40.04609298706055,10.51516056060791,36.8924560546875,27.407773971557617,24.037641525268555,9.572539329528809,19.234222412109375,11.969892501831055,12.620972633361816,0.6740724444389343,11.93237590789795,10.735984802246094,9.261591911315918,1.150477647781372,9.34208869934082,2.3950135707855225,11.179119110107422,-0.18400758504867554,9.454851150512695,3.46522855758667,9.10303020477295,0.10301832109689713,8.497130393981934,3.3097580053529123,0.0010296913096681237,0.12559476437350187,0.1619530772655611,0.1382005218249718,0.21780011438938549,0.05073097599800116,0.09588620792123073,0.06722945451898377,83.19893224502017,jazz,Till Paradiso - New Ideas (TP 76).mp3,final
139.6748310810811,1070.9228278285066,1821.4484235743707,2149.037005067241,0.015172621783088236,0.12953071296215057,0.5967243313789368,1.0242667198181152,1.3511240482330322,0.09344212710857391,1771.79345703125,-307.6506042480469,85.31995391845703,154.52740478515625,36.91279983520508,25.418455123901367,28.451059341430664,34.033077239990234,22.124366760253906,23.279861450195312,22.42409324645996,20.55220603942871,15.352466583251953,4.674253463745117,13.686171531677246,17.572608947753906,10.507744789123535,6.804389476776123,8.655892372131348,7.023463249206543,8.106807708740234,12.981155395507812,10.361248016357422,6.396173000335693,9.625571250915527,4.034169673919678,6.740566730499268,6.017027708012939,0.017472291365265846,0.25568206427103063,0.1260524193349251,0.2212421506850152,0.11516736081084408,0.06679828954827595,0.14185729649195247,0.036695266237684834,204.14099847852114,pop,5 Seconds of Summer - Teeth Official Video.mp3,inicio
139.6748310810811,2144.403175450765,2742.8447750296996,4516.031025511562,0.04471288155476006,0.20970222353935242,0.45685869455337524,1.248761534690857,1.5579923391342163,0.09074021130800247,5915.12353515625,-153.4083251953125,67.0209732055664,155.09242248535156,35.980255126953125,-23.178117752075195,31.554689407348633,47.272212982177734,22.236906051635742,-11.604655265808105,19.865022659301758,23.113847732543945,16.331953048706055,0.8103668093681335,13.26140308380127,15.10006332397461,13.147285461425781,-0.2681425213813782,12.670648574829102,6.857896327972412,8.916821479797363,6.974991798400879,9.50895881652832,0.8215072154998779,10.13512897491455,5.331691265106201,8.605790138244629,3.091917749579673,7.331008237088099e-05,0.1532669016166965,0.15343664287915537,0.21053414139895338,0.14554969850381444,0.054918846141158356,0.07321875357622634,0.051904307889527004,68.22835607908077,pop,5 Seconds of Summer - Teeth Official Video.mp3,mitad
139.6748310810811,2004.8261902917793,2720.901181541834,4476.25626602409,0.027353009203270124,0.20250192284584045,0.6278433799743652,1.0811289548873901,1.355223298072815,0.0691785141825676,6007.470703125,-172.3042449951172,116.89530181884766,150.8416290283203,19.645492553710938,-21.53499984741211,35.041297912597656,43.266265869140625,18.328046798706055,2.601924419403076,17.60890007019043,22.741804122924805,17.05327033996582,0.07553733885288239,12.13548755645752,19.157716751098633,11.054580688476562,-1.927478551864624,10.889474868774414,12.417616844177246,8.486348152160645,4.407533645629883,9.722892761230469,11.082637786865234,7.665934085845947,3.592719316482544,6.712001323699951,3.8298013511296745,9.774485806701705e-05,0.24442372786732267,0.04900384664882641,0.24949216358661597,0.08863529590587615,0.028354975788403,0.11263474427409441,0.013170294937012996,67.77168943498025,pop,5 Seconds of Summer - Teeth Official Video.mp3,final
120.18531976744185,2510.2903405984275,2867.976521842549,5113.719078040344,0.056611335683533284,0.05830434709787369,0.32136714458465576,1.0667905807495117,0.9958116412162781,0.09849303960800171,824.192138671875,-306.7818908691406,109.68447875976562,128.75656127929688,46.83881759643555,-12.088900566101074,35.13035583496094,31.827613830566406,32.837364196777344,-1.4973064661026,17.334218978881836,18.128753662109375,18.038414001464844,-17.224300384521484,16.803783416748047,-2.7270753383636475,15.135002136230469,-22.07366943359375,15.446355819702148,6.0386810302734375,11.318737983703613,-2.42655611038208,11.288684844970703,-8.776321411132812,11.021577835083008,3.739166736602783,10.202780723571777,3.887207000473395,0.024408843368291855,0.18680555723616937,0.15115014015364717,0.3500828586906923,0.19186875034813325,0.1047314480873249,0.10314532342480101,0.0809090646947375,22.30087105550056,pop,5 Seconds of Summer - Youngblood Alt Version.mp3,inicio
120.18531976744185,2656.8292118483287,3107.005991899908,5668.557389675649,0.05359661468411378,0.24080348014831543,0.5149761438369751,1.263082504272461,1.3047384023666382,0.08777575939893723,15655.9912109375,-150.63131713867188,84.98734283447266,127.9814453125,35.286537170410156,-18.909608840942383,29.83219337463379,55.410858154296875,26.472362518310547,6.692631721496582,20.611337661743164,31.257299423217773,15.912515640258789,-3.8937160968780518,14.56663990020752,14.560938835144043,16.366626739501953,-8.125967979431152,11.45618724822998,16.776512145996094,12.179434776306152,6.512910842895508,11.245940208435059,3.664978504180908,12.037699699401855,13.241921424865723,10.319711685180664,2.0299223993778184,0.00016030299593694508,0.06247940671398814,0.05404419494522609,0.09197001030350582,0.05640463049859857,0.024462950298112962,0.029475437608002093,0.11133435223206041,51.98106459356931,pop,5 Seconds of Summer - Youngblood Alt Version.mp3,mitad
120.18531976744185,3352.6692972421088,3531.1516937319875,7145.748457303357,0.07374974300986842,0.26246359944343567,0.4734847843647003,1.0245699882507324,0.7474807500839233,0.09572034329175949,13246.1337890625,-92.21568298339844,136.874755859375,118.20716094970703,41.15803527832031,-39.099857330322266,21.22858238220215,48.53982925415039,19.80268669128418,-13.11240291595459,12.792731285095215,32.004276275634766,15.69620418548584,-13.94403076171875,10.727838516235352,21.461238861083984,12.918379783630371,-12.122943878173828,8.2708101272583,16.50031280517578,10.729532241821289,0.6097247004508972,8.177412986755371,3.8235597610473633,8.018394470214844,5.331966400146484,8.187535285949707,2.1336330786295017,0.053467798978090286,0.04894532779911862,0.04776316818625425,0.05758844989002293,0.045531334823570135,0.017856498753032878,0.021247540642778284,0.02140616000280126,28.79684803331881,pop,5 Seconds of Summer - Youngblood Alt Version.mp3,final
101.33272058823529,2700.5751556063015,2987.1647970979147,5393.234054518189,0.06988412012625773,0.17136770486831665,0.3389269709587097,1.076703667640686,0.8070358633995056,0.08616840094327927,4253.32275390625,-104.6656723022461,53.813438415527344,156.18641662597656,24.265945434570312,-52.17932891845703,17.781064987182617,33.31372833251953,14.409093856811523,-22.332916259765625,11.687407493591309,21.853069305419922,11.439835548400879,-19.50293731689453,9.792095184326172,16.80892562866211,10.046751022338867,-8.300641059875488,8.151850700378418,8.362256050109863,8.538742065429688,-2.2005419731140137,8.196273803710938,-2.299546003341675,7.235072612762451,-2.166517496109009,6.595892906188965,2.482190681081388,0.0025539284106343985,0.12996647958029958,0.08942744267252782,0.14651720575718843,0.13909171930720574,0.048303922713452525,0.04748482566467708,0.01783818336251017,19.740564736110937,pop,ABBA - Dancing Queen Official Lyric Video.mp3,inicio
101.33272058823529,2791.0835365816893,2900.5683296677093,5279.968072755418,0.07915031503966719,0.19421973824501038,0.3691660761833191,1.0340579748153687,0.5712761282920837,0.07871326804161072,4281.7421875,-75.93990325927734,24.927112579345703,156.09494018554688,17.898935317993164,-64.44296264648438,10.22491455078125,34.42034149169922,13.768081665039062,-21.21500015258789,12.4811372756958,21.749008178710938,9.628711700439453,-23.652801513671875,9.451884269714355,17.536144256591797,8.438589096069336,-10.891730308532715,7.881166934967041,6.817152976989746,8.686213493347168,-0.34359046816825867,8.128327369689941,-3.3134925365448,7.258784770965576,1.2661762237548828,6.694829940795898,2.2570225864729463,0.00019151136802975088,0.12571379973605132,0.07291145320467181,0.13219030010094313,0.11654970569658618,0.04036472081694152,0.0453261807815992,0.015391284084747959,14.495320670446695,pop,ABBA - Dancing Queen Official Lyric Video.mp3,mitad
101.33272058823529,2926.606225867413,3145.071318186495,5872.43115687887,0.0751699914135062,0.08669393509626389,0.4117845296859741,0.9248024225234985,0.7758620977401733,0.08193811774253845,2947.985595703125,-235.06527709960938,178.2244110107422,132.7261962890625,52.930397033691406,-41.0157356262207,28.396770477294922,21.764537811279297,21.526613235473633,-15.553632736206055,15.620746612548828,20.385833740234375,12.632715225219727,-12.982081413269043,14.351142883300781,13.47932243347168,10.396567344665527,-6.867409706115723,9.08100700378418,6.8258748054504395,7.28994083404541,-1.383130669593811,7.056242942810059,-0.8249549269676208,6.459471702575684,-0.8643390536308289,6.179940223693848,1.9586061833978572,0.042389027774333954,0.07747954798749485,0.09333352262705298,0.14069457306080715,0.10908351197066826,0.037609348131284796,0.04807176940332879,0.012825439840704174,18.847999368857455,pop,ABBA - Dancing Queen Official Lyric Video.mp3,final
117.45383522727273,2356.847282854739,2518.300385034377,4525.247636446643,0.06463585254208591,0.13835826516151428,0.3736833333969116,0.8908290863037109,0.7752712965011597,0.088958740234375,12551.68359375,-169.5778350830078,93.37750244140625,152.4268035888672,40.017417907714844,-39.497230529785156,22.842931747436523,21.19000816345215,29.391481399536133,-4.240514278411865,17.520055770874023,5.170149326324463,21.102949142456055,-3.9447247982025146,9.680858612060547,4.626157760620117,14.053598403930664,0.02581990323960781,8.895691871643066,-2.6727488040924072,9.899669647216797,-6.401578903198242,7.8453898429870605,-1.461055040359497,7.129531383514404,-2.582120656967163,7.078589916229248,2.3859680426972747,0.023131702095270157,0.12675846509609687,0.08576256113870497,0.14187808747115685,0.20675316799633678,0.06335173719123537,0.044145856635596364,0.029084782639368357,34.86826370816043,pop,ABBA - Gimme! Gimme! Gimme! A Man After Midnight.mp3,inicio
120.18531976744185,3534.7258619648424,3598.380733471247,7445.329979108214,0.08493996257014319,0.2059803307056427,0.40695425868034363,1.2244513034820557,1.4239670038223267,0.09019588679075241,18212.359375,-96.07035827636719,60.00069808959961,123.81779479980469,29.036195755004883,-29.41444969177246,23.373685836791992,51.733028411865234,19.403654098510742,-19.493728637695312,13.331254005432129,28.332931518554688,13.289430618286133,-9.03746223449707,11.90480899810791,19.30426025390625,12.992843627929688,-4.886674880981445,9.778153419494629,5.992559432983398,11.659344673156738,-6.833146095275879,8.372597694396973,2.1245198249816895,8.63257122039795,-5.123166084289551,6.535891056060791,1.5518824958627513,0.0007361430325545371,0.12817615148592823,0.09689907567594638,0.15281351683272437,0.16071109855472598,0.05833582916931292,0.05435858999689917,0.029466910555566005,25.84248389738673,pop,ABBA - Gimme! Gimme! Gimme! A Man After Midnight.mp3,mitad
120.18531976744185,3052.623317327608,3289.2229440413753,6470.319208198288,0.07242699968556501,0.16656458377838135,0.3412948548793793,0.9853923916816711,0.9070641994476318,0.08648545295000076,15624.7646484375,-153.36399841308594,131.02243041992188,118.32103729248047,41.96519088745117,-27.887487411499023,21.025171279907227,39.57253646850586,19.93948745727539,-11.068861961364746,14.076884269714355,20.806737899780273,13.383652687072754,-0.7064570188522339,10.89553451538086,11.62098217010498,11.898712158203125,-0.6711627840995789,8.987933158874512,2.2786800861358643,9.812264442443848,-4.265944004058838,7.831795692443848,-0.976383626461029,7.11859655380249,-3.1982247829437256,6.0229811668396,1.7063752614562286,0.0011217063292860985,0.1100462621031159,0.08585179148029343,0.11737267228443876,0.1605834880896289,0.055621943183239674,0.05044594585931,0.019211793709592452,29.661950314795153,pop,ABBA - Gimme! Gimme! Gimme! A Man After Midnight.mp3,final
135.99917763157896,1192.6506659982097,1950.293319167396,2471.460055419166,0.01736327369146672,0.1915222406387329,0.5890840291976929,1.134920597076416,1.6795960664749146,0.08244112133979797,11141.283203125,-255.14517211914062,88.79631042480469,167.12413024902344,45.9891242980957,39.67451095581055,35.20310592651367,32.3606071472168,30.027721405029297,12.925884246826172,14.705663681030273,16.50947380065918,16.82914924621582,0.5646371841430664,18.0498046875,12.870059967041016,14.822819709777832,1.9370853900909424,12.53507137298584,9.543622970581055,9.308035850524902,7.856882095336914,8.47598648071289,0.9503188133239746,9.299788475036621,6.360973834991455,8.025875091552734,3.444895273017955,0.002359979785978794,0.06508260076568294,0.07779395659867364,0.10917615466961747,0.15016526378238126,0.040335236619506006,0.0450190910254369,0.020437931657134315,196.55492753694097,pop,Aitana - SUPERESTRELLA.mp3,inicio
135.99917763157896,2753.454861195547,3340.964117248121,6140.954533154751,0.05402008151122291,0.2950093150138855,0.46223828196525574,1.2461848258972168,1.3500593900680542,0.0898025706410408,24246.322265625,-94.4572982788086,71.7176284790039,148.2259521484375,33.74513626098633,-6.8485026359558105,28.064773559570312,46.3634033203125,22.913387298583984,-13.812797546386719,18.232162475585938,26.761226654052734,14.871308326721191,-16.430400848388672,16.941179275512695,21.441333770751953,14.082141876220703,-8.788137435913086,10.422713279724121,4.9653401374816895,11.28140926361084,7.778096675872803,11.463558197021484,-0.16829706728458405,10.482706069946289,6.383708953857422,7.344478607177734,2.29068424085298,0.0008918007952161133,0.0561484508143472,0.057691572314289424,0.08062052788875723,0.10858060517958994,0.03328927893686717,0.03095659563866775,0.02728055191353004,42.20948313677538,pop,Aitana - SUPERESTRELLA.mp3,mitad
135.99917763157896,1730.1597482113532,2134.3126884750327,3387.754514711929,0.04225522445820434,0.18483072519302368,0.4391840994358063,0.8583354949951172,0.5152490139007568,0.07332862168550491,13014.26953125,-158.52542114257812,121.28192138671875,170.3101348876953,38.071556091308594,-11.440672874450684,36.10546875,14.404302597045898,27.936866760253906,-11.604033470153809,14.975395202636719,4.529294013977051,16.466419219970703,-9.496328353881836,10.830901145935059,5.60836124420166,12.405051231384277,-0.8378406167030334,8.604049682617188,2.3233911991119385,8.745858192443848,-1.4502378702163696,8.33348560333252,-3.1253085136413574,7.761146068572998,0.7743848562240601,6.993108749389648,2.6578188286972155,0.000533263199031353,0.15228752359885817,0.21474772623078286,0.1762608875938718,0.28766362349976515,0.10246182758603326,0.117282872771803,0.031669489680168895,40.673416050865,pop,Aitana - SUPERESTRELLA.mp3,final
129.19921875,3126.8761393835694,3350.023267137136,7183.364896508562,0.06347108256337074,0.20281198620796204,0.40217092633247375,1.2825552225112915,2.019789457321167,0.10386797040700912,10602.7958984375,-185.23255920410156,100.2018051147461,109.2183837890625,45.599098205566406,-4.954702377319336,34.81819152832031,44.04277038574219,25.136505126953125,11.283528327941895,31.577770233154297,19.89031410217285,26.898775100708008,-13.15865707397461,22.3902530670166,26.489727020263672,16.383363723754883,-11.592836380004883,21.675870895385742,9.891745567321777,16.29022216796875,-4.277544975280762,11.177438735961914,-6.605128765106201,11.677485466003418,4.080026149749756,11.093282699584961,4.300186369684192,0.0030005061998963356,0.23001656918846228,0.19050759228372377,0.35806779447254117,0.1919643582323578,0.1389785683788602,0.10411222020138149,0.057940551522622084,30.65719983013384,pop,"Aitana, Nicki Nicole - Formentera video oficial.mp3",inicio
129.19921875,3584.951955909932,4078.6283633020726,8716.780624153444,0.06393687717685759,0.34442517161369324,0.4316192865371704,1.33724045753479,1.8066723346710205,0.09626102447509766,16940.28515625,-86.4295654296875,76.49423217773438,115.71565246582031,26.899560928344727,-8.814750671386719,25.125947952270508,56.67827224731445,19.288305282592773,-9.768742561340332,21.893314361572266,37.202091217041016,13.362061500549316,-21.802764892578125,19.029470443725586,32.459476470947266,12.052801132202148,-11.7527437210083,13.861175537109375,12.980396270751953,10.749544143676758,2.87544322013855,12.27211856842041,-3.9512932300567627,10.243624687194824,6.6923041343688965,9.086277961730957,3.4656991291493813,0.0016549081774428487,0.08110146032131732,0.10917825069573943,0.12922282781000716,0.08611838844521905,0.061338651747596507,0.0441548709418614,0.013378336032170701,32.65574263963327,pop,"Aitana, Nicki Nicole - Formentera video oficial.mp3",mitad
129.19921875,2683.3826422906686,3110.3621042679756,5991.963767414861,0.05151329394833591,0.25643280148506165,0.3945845067501068,0.9762259721755981,1.3353984355926514,0.10148011893033981,14897.1513671875,-176.9252166748047,181.7080841064453,102.74980926513672,60.448604583740234,-21.056434631347656,20.20355987548828,34.03078079223633,27.985122680664062,-11.223957061767578,16.01236343383789,27.172412872314453,19.52969741821289,-8.941984176635742,11.103532791137695,21.725210189819336,15.333093643188477,-1.7253953218460083,10.063911437988281,6.440855026245117,9.772123336791992,7.6848883628845215,9.762863159179688,0.8149642944335938,8.27860164642334,5.625192165374756,8.658744812011719,3.472910766933388,0.15036459267139435,0.07148147463768116,0.09848329915832636,0.11400828949479488,0.07612606798913187,0.050375997582723445,0.036331420651783575,0.023645254604486184,38.968222638776254,pop,"Aitana, Nicki Nicole - Formentera video oficial.mp3",final
120.18531976744185,2691.7861996544393,2823.2586592617936,5479.93353025832,0.06940472015286378,0.1824427992105484,0.4280579090118408,1.019868016242981,0.8237591981887817,0.08711306005716324,7254.01806640625,-139.13853454589844,128.33705139160156,132.4231414794922,27.686540603637695,-32.21231460571289,41.47636795043945,37.39461135864258,30.552175521850586,-8.926778793334961,16.920059204101562,20.80247688293457,22.520238876342773,-14.135680198669434,11.58694839477539,14.090608596801758,21.099693298339844,-10.917766571044922,9.471354484558105,1.6558837890625,16.752538681030273,-4.885440349578857,14.370558738708496,-4.773561954498291,11.772214889526367,-7.967337131500244,8.938998222351074,2.4358989453000373,0.0061079831793904305,0.10816424337132524,0.16908483283034634,0.14938896503589424,0.11796414562152381,0.07176007618744638,0.05486477349865035,0.05029771038386039,25.32674218621402,pop,All The Things She Said.mp3,inicio
120.18531976744185,3301.2185953412186,3512.958894535615,7032.9491393854005,0.07470155131337074,0.23899030685424805,0.4517291188240051,1.061919093132019,0.6975584626197815,0.08209889382123947,6735.30078125,-72.07852172851562,54.27804946899414,134.1027069091797,23.244245529174805,-38.903831481933594,18.32654571533203,63.35029220581055,13.612555503845215,-16.65218734741211,11.901294708251953,35.75156021118164,11.748549461364746,-19.847002029418945,10.371804237365723,21.573213577270508,8.494427680969238,-10.758769035339355,7.924694538116455,10.781572341918945,9.079094886779785,-1.553570032119751,7.080106258392334,3.4714624881744385,7.5562896728515625,-2.4525740146636963,7.187655925750732,2.4716003947071545,0.0009033334790728986,0.15684328963100563,0.20902200925847977,0.23147485356350306,0.12690397485171787,0.08620402520388888,0.08614821225476509,0.020965955599685733,27.77747923943719,pop,All The Things She Said.mp3,mitad
120.18531976744185,2502.9706413763597,2821.393558843351,5024.661283227312,0.06141043742743808,0.19270846247673035,0.4588974416255951,0.9162030816078186,0.5713546872138977,0.07820761203765869,7776.3916015625,-146.24822998046875,156.625,145.22250366210938,35.25740432739258,-24.27230453491211,45.95859146118164,34.797119140625,33.69182586669922,-12.68485164642334,14.858942985534668,22.650819778442383,24.588430404663086,-13.60370922088623,14.152759552001953,19.171314239501953,15.56592082977295,-6.667121410369873,9.137972831726074,3.9515459537506104,12.244657516479492,0.754523515701294,7.836817264556885,-0.6038133502006531,9.849784851074219,-3.3983075618743896,6.647141933441162,2.1435666766280494,0.0008382963133044541,0.10513467144361073,0.14396788221909196,0.11192731767715589,0.09898173181900864,0.055011801982509996,0.051548810920273296,0.0301329945766642,28.309250237241237,pop,All The Things She Said.mp3,final
84.72079918032787,1147.8668223847544,1671.0770336514615,2253.878037774526,0.021357580604198918,0.15388227999210358,0.5784388184547424,0.9626116156578064,1.6215503215789795,0.08132366091012955,4791.9228515625,-239.65956115722656,98.83016967773438,180.04283142089844,44.72507858276367,-13.125736236572266,34.521202087402344,21.1939754486084,14.522298812866211,27.525959014892578,15.848871231079102,7.810573101043701,12.779054641723633,2.2435009479522705,9.992405891418457,5.561142921447754,11.642579078674316,7.59383487701416,7.961236953735352,5.80186653137207,7.2250800132751465,-1.0105278491973877,7.50812292098999,2.508585214614868,6.559675693511963,6.0826568603515625,6.124074459075928,3.3404358480009715,0.02527787536382675,0.09022530449389883,0.09574851300197235,0.126333998892878,0.10227028621760431,0.043839042281017045,0.051841258514005735,0.02071960248938945,129.87314295778683,pop,Arctic Monkeys - Do I Wanna Know_ Official Video.mp3,inicio
84.72079918032787,1883.453388399856,2571.4668338115607,3653.1945762988585,0.03674656540247678,0.19137263298034668,0.4884141683578491,1.1341277360916138,1.1854723691940308,0.09791211783885956,5379.1416015625,-180.18771362304688,82.93575286865234,165.23187255859375,34.972999572753906,-15.069574356079102,28.667184829711914,23.85052490234375,23.05561065673828,-1.3138078451156616,21.681194305419922,23.59910774230957,16.193498611450195,-6.4067792892456055,13.374353408813477,15.803176879882812,12.101702690124512,4.089713096618652,10.618160247802734,3.4948697090148926,10.911118507385254,-1.001640796661377,9.782629013061523,5.261250019073486,8.972822189331055,6.338099956512451,8.73553466796875,3.0974941006571424,0.00011476541840238497,0.09189362903186166,0.1100585835376334,0.14771518498084404,0.12118501426593922,0.044281031216191334,0.05786097981911363,0.02138331298554347,80.84061418007215,pop,Arctic Monkeys - Do I Wanna Know_ Official Video.mp3,mitad
123.046875,2064.9507582405386,2536.3062264184846,4272.399165386755,0.04564503767172988,0.26839470863342285,0.47062718868255615,0.8707360625267029,0.4697968363761902,0.07701203227043152,8005.75244140625,-112.4816665649414,128.9576416015625,170.14479064941406,50.825740814208984,-43.82997512817383,22.016830444335938,40.72079849243164,20.017250061035156,-3.4051151275634766,18.528215408325195,14.020523071289062,11.449397087097168,-14.231600761413574,10.485296249389648,6.134823799133301,10.537642478942871,4.303833961486816,9.054068565368652,4.759711742401123,6.892190933227539,1.2900503873825073,7.193909168243408,-1.6904903650283813,6.231213092803955,4.708634853363037,6.036531448364258,2.521664421283365,0.0004980519879609346,0.11830609830192236,0.1021472925263659,0.1481988226084768,0.11110680955420249,0.041333012845701234,0.06293110389487726,0.038010803186468364,40.73226060677583,pop,Arctic Monkeys - Do I Wanna Know_ Official Video.mp3,final
114.84375,2103.9677076558132,2494.440194430951,4670.871755877515,0.04314202937548375,0.12185832113027573,0.3283112049102783,1.0851147174835205,0.8947690725326538,0.10171076655387878,1712.059814453125,-243.6173553466797,69.60221099853516,162.57325744628906,58.80744552612305,8.309792518615723,18.89561653137207,14.780797958374023,24.381040573120117,-3.6409478187561035,26.239578247070312,10.415020942687988,14.828895568847656,-17.038501739501953,23.384902954101562,13.584222793579102,13.307575225830078,-13.159197807312012,18.49365997314453,-9.287724494934082,11.525552749633789,0.40209469199180603,13.683015823364258,-11.225125312805176,13.01441764831543,-5.786941051483154,12.273943901062012,4.201631117777741,0.02565956674516201,0.16136565822798563,0.16456466765681574,0.21600196116166756,0.19761961392796826,0.08306102507481357,0.08978032719984398,0.022392692224031462,49.14194247703603,pop,Ariana Grande - 7 rings Official Video.mp3,inicio
139.6748310810811,2895.6618474315333,3528.8891152195306,6532.177167485004,0.056126644736842105,0.18004988133907318,0.43341365456581116,1.21965754032135,0.9675988554954529,0.10616252571344376,6602.47021484375,-180.78439331054688,54.0999641418457,128.7493438720703,31.837316513061523,6.706155300140381,25.86067771911621,37.922889709472656,21.779272079467773,-9.391498565673828,19.802295684814453,24.66217041015625,17.58281707763672,-16.26388931274414,17.25736427307129,23.705371856689453,15.905043601989746,-9.576123237609863,13.121034622192383,-6.583331108093262,15.739045143127441,14.574810981750488,16.217754364013672,-7.892621994018555,13.22782039642334,-7.6114277839660645,14.6275634765625,4.582960584607529,0.00019974642782472074,0.19719379623416766,0.179559210179032,0.24385709392283947,0.27722406601335997,0.0909394392724917,0.10065730970071049,0.0283543573091395,56.09687319452948,pop,Ariana Grande - 7 rings Official Video.mp3,mitad
69.83741554054055,1822.9789941131573,2370.3854875827665,4059.4004533608263,0.02987604761271285,0.11252041161060333,0.33585965633392334,0.6756046414375305,1.0219006538391113,0.11451523005962372,10529.1767578125,-307.45855712890625,156.71603393554688,79.23194122314453,59.15538787841797,8.219442367553711,21.016220092773438,20.11656951904297,27.93546485900879,-5.180291175842285,13.642626762390137,10.506659507751465,18.69179344177246,-10.088156700134277,16.045146942138672,5.515011787414551,14.187830924987793,-5.185000419616699,9.928228378295898,-2.069033145904541,11.844654083251953,-2.1456756591796875,11.493691444396973,-3.9571938514709473,8.995909690856934,-2.944131851196289,8.642224311828613,3.8230641543159463,0.21803513169288635,0.1618021591220277,0.15188136640044808,0.19825641267787494,0.22992075564419046,0.07104813427705339,0.09157285908099741,0.013474294035779818,59.11165246017056,pop,Ariana Grande - 7 rings Official Video.mp3,final
156.60511363636363,2681.762115704488,2825.4961717347874,5445.40873902501,0.07234347789280186,0.10193806141614914,0.4300570487976074,1.1144274473190308,1.0514214038848877,0.08647450804710388,3796.973388671875,-176.34315490722656,84.75576782226562,143.90020751953125,37.33491134643555,-34.7722053527832,25.433597564697266,34.94582748413086,23.652847290039062,-9.26898193359375,18.554136276245117,14.808935165405273,15.814568519592285,-9.759359359741211,14.75269603729248,1.9047133922576904,13.065526962280273,-3.518070936203003,10.492159843444824,-0.8178492784500122,11.290493965148926,-1.4157345294952393,10.035326957702637,-1.4245116710662842,9.37730884552002,-1.9812692403793335,7.750333309173584,1.7891430701215376,0.011295456439256668,0.13639060454298726,0.14669860317922565,0.16001829100459736,0.16447389989316571,0.053840672079943315,0.05434866264210948,0.05628063718358233,19.652228203248075,pop,Avril Lavigne - Complicated Official Video.mp3,inicio
156.60511363636363,3390.7114899465405,3446.580062931736,7168.631652265141,0.08171681501547988,0.21559476852416992,0.460125595331192,1.127690315246582,0.9003355503082275,0.07981844991445541,7254.73974609375,-86.7410888671875,49.609092712402344,129.70875549316406,24.40998649597168,-41.09893035888672,18.870410919189453,63.04991149902344,17.104354858398438,-20.407241821289062,15.800063133239746,26.58453369140625,13.202095031738281,-14.736902236938477,13.208250999450684,19.79643440246582,12.927919387817383,-5.370830059051514,11.959183692932129,9.392744064331055,11.568991661071777,2.1518869400024414,11.5188570022583,3.8334219455718994,10.99612808227539,-1.3765530586242676,8.388114929199219,2.2856452192491044,0.00023728166706860065,0.17618879158219278,0.1370005107719862,0.12710250918754223,0.18790844399194015,0.07193950279920608,0.06513575088973592,0.040100217306021216,24.269774065763524,pop,Avril Lavigne - Complicated Official Video.mp3,mitad
151.99908088235293,3244.809439491451,3361.911694789522,6777.70901612084,0.08263309821255804,0.2162773609161377,0.42785924673080444,0.8719509840011597,0.5415828824043274,0.08678456395864487,7654.03466796875,-119.97846984863281,167.73768615722656,127.83839416503906,45.90669250488281,-32.03440475463867,35.3764533996582,46.902950286865234,27.379287719726562,-23.821334838867188,16.97808265686035,27.145057678222656,18.14329719543457,-16.064006805419922,12.1652193069458,19.562803268432617,14.87427043914795,-9.148985862731934,7.960602760314941,7.8818840980529785,13.845802307128906,-0.22703230381011963,9.257853507995605,3.5239386558532715,8.218230247497559,-2.366555690765381,6.148918628692627,2.1710932196336117,0.01006721518933773,0.1740963547032424,0.14449942046679143,0.15087742409897112,0.14690332970728506,0.06085561727536091,0.04904493532708899,0.036233408197459384,18.963891002410808,pop,Avril Lavigne - Complicated Official Video.mp3,final
109.95678191489361,2491.0658093283887,2824.8720969624633,5127.835659345975,0.04973004698384288,0.16014055907726288,0.5265243649482727,1.17881178855896,0.9199149012565613,0.08240833878517151,5032.98828125,-160.73284912109375,76.99874114990234,146.32936096191406,31.610870361328125,-46.8758544921875,23.91010093688965,48.68571472167969,22.43814468383789,-10.035489082336426,15.075272560119629,24.5443058013916,16.199926376342773,-10.938143730163574,12.41660213470459,17.14415740966797,15.704549789428711,0.6652570366859436,8.51452350616455,6.227321147918701,10.907397270202637,7.022167682647705,9.991975784301758,-3.222344398498535,7.429847717285156,6.224614143371582,7.241044998168945,2.504168439943295,0.004638250917196274,0.048936965425756845,0.05953938587277938,0.09229240150287372,0.05827867853591678,0.024723576390306125,0.026125679505785846,0.06978109401555778,38.29957825081112,pop,Avril Lavigne - Girlfriend Official Video.mp3,inicio
109.95678191489361,3448.2829656128297,3431.8772495577505,7105.615366649333,0.09038512994630418,0.2111404985189438,0.5143763422966003,1.067366361618042,0.6770190000534058,0.07787793129682541,7134.5458984375,-64.08628845214844,21.41925811767578,133.38601684570312,17.52298355102539,-53.08972930908203,13.700228691101074,58.97673034667969,10.337421417236328,-20.42656135559082,12.680190086364746,36.42976760864258,10.037548065185547,-17.391653060913086,9.986144065856934,21.645410537719727,7.86620569229126,-9.645440101623535,6.919341564178467,11.937268257141113,7.965814590454102,3.8198959827423096,8.13042163848877,3.5748064517974854,6.716832637786865,2.4521987438201904,6.794689178466797,1.6402747195022922,0.0002941892307717353,0.05905305228535302,0.0869668451472014,0.08639400678942756,0.07002151686386276,0.030058787052565122,0.027093769245426565,0.05227727923591094,23.392032662624942,pop,Avril Lavigne - Girlfriend Official Video.mp3,mitad
109.95678191489361,3478.9291139681904,3392.120839192191,7164.848341808969,0.0897683536305147,0.23832067847251892,0.5171906352043152,0.9933013319969177,0.4898682236671448,0.07296907156705856,8289.2744140625,-58.573184967041016,87.60601043701172,127.18704223632812,22.245595932006836,-59.13547134399414,11.578381538391113,59.86140060424805,10.794633865356445,-19.058740615844727,12.337952613830566,32.20392990112305,10.55135726928711,-16.93386459350586,11.037639617919922,26.48198890686035,7.5524115562438965,-2.9167234897613525,7.341380596160889,16.56046485900879,7.297389984130859,2.576179265975952,8.104035377502441,5.13532829284668,6.47745418548584,2.426137924194336,6.305961608886719,1.8121587491761582,0.00026834633899852633,0.06513029370813063,0.07768932282403851,0.08636662230729202,0.06639549038582383,0.02732526045374445,0.035052790010111246,0.03011688892140795,22.07042527543005,pop,Avril Lavigne - Girlfriend Official Video.mp3,final
166.70866935483872,1968.9159666140456,2249.5535052424366,4144.87493650832,0.030439725232198143,0.24417760968208313,0.497917503118515,1.1303929090499878,1.6000864505767822,0.09188324958086014,14221.2998046875,-190.7001953125,144.57269287109375,138.8520050048828,51.50547409057617,-5.820320129394531,55.293968200683594,38.426719665527344,35.50605392456055,-2.330610513687134,23.960615158081055,16.943618774414062,18.904895782470703,-4.760434627532959,15.577239036560059,11.785006523132324,15.304228782653809,-0.25697973370552063,11.003984451293945,4.434494495391846,10.453335762023926,5.7128424644470215,11.8558988571167,5.586089611053467,10.589617729187012,2.404224395751953,8.129754066467285,3.4085462475837103,0.044229552149772644,0.10886326436089915,0.07075465256077462,0.09436655513526135,0.13364829956729743,0.043029546937784,0.05073263801064977,0.07639374901641122,47.99641187164554,pop,BLACKPINK - _마지막처럼 AS IF IT_S YOUR LAST_ M_V.mp3,inicio
126.04801829268293,3146.1688387414433,3513.2810000509367,6884.633369563903,0.05697924729102167,0.35367143154144287,0.501578688621521,1.344158411026001,1.6907901763916016,0.08497719466686249,15385.70703125,-67.28273010253906,76.26403045654297,130.75123596191406,24.438823699951172,-30.44212532043457,21.607301712036133,54.13734817504883,17.612146377563477,-16.616477966308594,18.671001434326172,31.958576202392578,15.721014976501465,-15.500650405883789,15.792627334594727,23.387130737304688,12.031759262084961,-5.04346227645874,11.56894588470459,12.092732429504395,10.038031578063965,3.4864354133605957,10.852526664733887,8.171630859375,8.942534446716309,2.7643046379089355,10.387849807739258,2.851227856451069,0.0011978725669905543,0.13107766763195802,0.0869422969264567,0.14000669815158873,0.12390931086411076,0.04868441974388164,0.051725201609847705,0.0572245562372566,35.03477994175801,pop,BLACKPINK - _마지막처럼 AS IF IT_S YOUR LAST_ M_V.mp3,mitad
126.04801829268293,3561.8321309818407,3730.7427767478694,7677.920239333398,0.0599862207938274,0.2988538146018982,0.4625142514705658,0.9562512040138245,1.0704938173294067,0.09619807451963425,17679.509765625,-107.47091674804688,172.0926055908203,101.9691162109375,48.85027313232422,-30.625598907470703,19.668678283691406,42.53811264038086,24.564863204956055,-18.288753509521484,12.627835273742676,24.83489227294922,18.65748405456543,-12.093343734741211,11.339938163757324,23.406200408935547,13.097794532775879,-8.476751327514648,9.784384727478027,12.581618309020996,9.75693130493164,3.9790608882904053,9.348247528076172,8.272093772888184,8.59963607788086,-2.204848289489746,7.011366367340088,2.8453730003921938,0.06302108615636826,0.040660551523746424,0.08447836216960351,0.10102454176250804,0.05766243823904546,0.04991161355060782,0.02625402179876058,0.04485268673337812,27.976634014450433,pop,BLACKPINK - _마지막처럼 AS IF IT_S YOUR LAST_ M_V.mp3,final
92.28515625,3486.0676250331026,3618.9924681985467,7460.954884626548,0.0841871326552825,0.05895237997174263,0.5715824961662292,1.6071480512619019,2.953805923461914,0.08691073954105377,3503.0205078125,-299.551025390625,148.24514770507812,93.60137939453125,44.43117141723633,-17.19548225402832,46.63932800292969,26.797964096069336,22.055994033813477,-2.0635385513305664,21.498126983642578,15.2427978515625,14.817357063293457,0.6107068061828613,13.987285614013672,9.571216583251953,10.57979965209961,0.45359891653060913,12.838285446166992,8.449593544006348,10.353394508361816,1.9945251941680908,10.051900863647461,2.9155545234680176,8.138547897338867,2.184915065765381,6.586677551269531,1.2346174098353813,0.018054094165563583,0.06120845477736245,0.10156558956402856,0.06325001321113022,0.09632642093564343,0.0243630572909175,0.03552476649605341,0.08089726109511432,14.888028369755434,pop,Britney Spears - ...Baby One More Time Official Video.mp3,inicio
92.28515625,3687.0416161313287,3634.313383688757,7668.878627340122,0.09783123004547213,0.16273914277553558,0.44205743074417114,1.145019769668579,1.091277837753296,0.08644494414329529,5142.2236328125,-97.4034652709961,52.4013671875,124.58013153076172,24.974376678466797,-43.564632415771484,20.917043685913086,46.99330139160156,17.210906982421875,-27.10599708557129,15.58072280883789,29.906984329223633,14.171393394470215,-18.08660316467285,14.191262245178223,20.977014541625977,11.468997955322266,-16.407012939453125,9.277265548706055,7.984612941741943,11.005613327026367,-5.121555805206299,11.214509010314941,2.2285306453704834,10.42143440246582,-4.278816223144531,7.92249870300293,1.669630089342948,0.0004573916958179325,0.10194084464235786,0.08781656852931592,0.11189022412816178,0.1297576543837985,0.04918338117972652,0.052530336848515276,0.012284900190119716,16.733519561935694,pop,Britney Spears - ...Baby One More Time Official Video.mp3,mitad
93.96306818181819,3599.8455962931475,3083.341562135478,6888.716678206028,0.11183983770317338,0.1601542979478836,0.3419139087200165,0.961664080619812,0.8095236420631409,0.09552071988582611,4674.55126953125,-146.75306701660156,150.93028259277344,93.14518737792969,53.376548767089844,-49.522735595703125,31.664838790893555,43.677188873291016,24.599626541137695,-26.975688934326172,18.632463455200195,26.429073333740234,13.70064640045166,-14.906743049621582,14.133359909057617,18.41840362548828,11.568835258483887,-13.294652938842773,10.023348808288574,9.684233665466309,9.666648864746094,-6.955451488494873,8.667720794677734,1.578738808631897,8.189760208129883,-4.505271911621094,6.980570316314697,2.4546123801761355,0.1131090447306633,0.07549059197762731,0.08011580765422976,0.12096763998119701,0.10578726118974181,0.04122953888717957,0.04109591314045353,0.012398923944885579,10.374462301146572,pop,Britney Spears - ...Baby One More Time Official Video.mp3,final
135.99917763157896,2383.473052291588,3041.4892620389132,4878.862164854634,0.05155165350474071,0.04683613404631615,0.510379433631897,1.0542086362838745,0.7479179501533508,0.08030904829502106,913.7740478515625,-265.05548095703125,71.64958953857422,144.4590301513672,28.956045150756836,-21.764373779296875,20.57965087890625,29.265371322631836,18.201988220214844,1.1691467761993408,14.858015060424805,13.461983680725098,12.825334548950195,0.06341458112001419,9.443065643310547,14.258698463439941,9.775144577026367,1.2912911176681519,9.361671447753906,8.242156982421875,9.299134254455566,-1.412513017654419,7.394490718841553,4.726940631866455,6.981167793273926,2.5627880096435547,7.5430192947387695,2.4104691498399946,0.0024058599956333637,0.09932279988521046,0.21618158291457956,0.0839433020762264,0.16878106610935953,0.03217630298430642,0.07410448797855786,0.06775447656170354,49.95855023530582,pop,BTS 방탄소년단 _불타오르네 FIRE_ Official MV.mp3,inicio
99.38401442307692,4159.321028897725,3882.7524616269584,8571.58150215267,0.09799657296101007,0.2907685935497284,0.4787558913230896,1.298812747001648,1.2598416805267334,0.08949188888072968,13373.7548828125,-46.550418853759766,54.023658752441406,104.88211059570312,29.34459114074707,-41.20575714111328,26.625572204589844,47.546993255615234,21.923561096191406,-29.652246475219727,21.28632354736328,35.38401412963867,19.018611907958984,-16.534320831298828,14.830292701721191,22.319700241088867,12.00267219543457,-8.678104400634766,12.471050262451172,15.3367280960083,11.591277122497559,-2.1257970333099365,10.61672592163086,8.312238693237305,9.226289749145508,6.363080024719238,8.706686019897461,1.9832926891740807,0.0027786721475422382,0.10614276040348886,0.12629988673064543,0.1667509536292718,0.10795673002493753,0.058584509750082475,0.05144693888578089,0.02317192685468385,16.72158828686836,pop,BTS 방탄소년단 _불타오르네 FIRE_ Official MV.mp3,mitad
123.046875,2410.111801281408,2796.8570039801843,5212.118483032605,0.04830375175357972,0.06085050851106644,0.5381317734718323,0.9855173826217651,0.9391710758209229,0.10954427719116211,5786.216796875,-292.9966125488281,123.99929809570312,99.69159698486328,46.83646774291992,-12.51244068145752,31.611595153808594,27.00209617614746,22.363765716552734,1.0595765113830566,20.608003616333008,12.273898124694824,13.139505386352539,6.4985833168029785,16.576257705688477,7.582342624664307,9.240315437316895,4.999763488769531,11.338248252868652,3.311967611312866,7.722820281982422,2.4815919399261475,7.787630558013916,4.743361473083496,7.466353893280029,4.261143684387207,7.231070518493652,2.3896706544711095,0.11026755720376968,0.07871096443272708,0.058150557102185266,0.07385592265902902,0.07822879041973285,0.03559450506127323,0.029745488920725042,0.09283747932835927,31.78332081574529,pop,BTS 방탄소년단 _불타오르네 FIRE_ Official MV.mp3,final
156.60511363636363,2929.163507958349,3459.823613281327,6817.525442023027,0.044154494908571984,0.2282375693321228,0.4905718266963959,1.1224416494369507,1.548514723777771,0.09111650288105011,8121.02099609375,-130.61289978027344,114.99812316894531,117.1963882446289,40.66970443725586,-18.27570343017578,12.128536224365234,52.16815185546875,19.252456665039062,-8.459696769714355,18.431306838989258,33.71147155761719,15.537232398986816,-10.486091613769531,10.053474426269531,24.642791748046875,10.78511905670166,-0.7365378737449646,8.330765724182129,11.963004112243652,8.884756088256836,1.315116047859192,7.084576606750488,8.036856651306152,6.978914737701416,1.7014095783233643,5.666844367980957,3.9130226207730687,0.07764310389757156,0.08045306797983215,0.09586701109235861,0.14757359146353555,0.13524225025837078,0.05029274988860871,0.061733457750723406,0.01761357671291159,48.57473205379927,pop,Bubblegum Bitch.mp3,inicio
156.60511363636363,3578.909697715783,3883.322638566842,8091.501071800019,0.06781194822707043,0.27206137776374817,0.5110989212989807,1.0825469493865967,0.9853854179382324,0.07777246832847595,8787.4248046875,-61.185577392578125,42.65681838989258,122.15949249267578,18.972658157348633,-26.35113525390625,15.661552429199219,57.93262481689453,11.47750473022461,-15.55809211730957,14.16661262512207,39.32513427734375,10.625882148742676,-17.805639266967773,9.18941593170166,25.07073211669922,8.096440315246582,-4.002397537231445,7.937926292419434,13.58340072631836,7.823691368103027,0.4215434491634369,7.228306770324707,6.822845935821533,7.089239120483398,0.4695262014865875,5.9630446434021,2.9778690033944226,0.000514067942276597,0.07954973671853449,0.0871667952537546,0.14880971474199964,0.12761172718346359,0.0387975615312307,0.060863574793869224,0.014994193512641486,32.284036788764375,pop,Bubblegum Bitch.mp3,mitad
105.46875,3778.1397689898445,3756.8611568016427,8078.901147990035,0.0870147799559791,0.34303387999534607,0.517500102519989,1.0007832050323486,0.5294675230979919,0.07310059666633606,10228.6474609375,-8.183018684387207,20.10490608215332,123.41841888427734,19.251211166381836,-44.66930389404297,9.289716720581055,61.5040397644043,10.12201976776123,-19.06989288330078,9.901394844055176,38.096900939941406,8.74014949798584,-22.47441291809082,7.236595630645752,25.851097106933594,6.9827423095703125,-9.031340599060059,6.331368446350098,13.827306747436523,5.8018083572387695,-1.3944740295410156,5.727691650390625,5.693779468536377,5.8342814445495605,0.13313435018062592,5.79548978805542,2.3735899032350893,0.0016553351888433099,0.0709114140790909,0.07978404499100525,0.12285748676386611,0.12174381858302588,0.03890683905638992,0.04721811021278725,0.04053046322070709,22.042808345635095,pop,Bubblegum Bitch.mp3,final
123.046875,1418.7538484020884,2162.271639146775,2685.808759281879,0.028126058194659444,0.0655592679977417,0.47430509328842163,0.9053955078125,0.6539508104324341,0.09887174516916275,1357.8543701171875,-326.72802734375,75.49675750732422,172.72828674316406,37.19558334350586,19.171966552734375,20.481292724609375,10.05134105682373,21.45566749572754,4.257218837738037,16.345401763916016,14.653841972351074,10.992979049682617,-1.3178030252456665,12.417583465576172,-0.297758013010025,8.895529747009277,2.1419007778167725,9.552154541015625,-2.327648162841797,9.99958610534668,-3.18611216545105,9.332781791687012,0.34769517183303833,8.826555252075195,-2.602905750274658,8.542080879211426,5.2890105076591665,0.0009263995452784002,0.15221907082277955,0.15723858799732165,0.16839720080052506,0.1949810330371227,0.09918869898713725,0.08230834878439765,0.07134556375178899,112.12865176427576,pop,Chappell Roan - Pink Pony Club Official Music Video.mp3,inicio
107.666015625,2626.7070964187296,3101.736475430395,5564.358019754983,0.05463459026702786,0.24013923108577728,0.3941345512866974,1.205918312072754,1.1733137369155884,0.09330624341964722,9808.5732421875,-96.90769958496094,45.525089263916016,150.89308166503906,28.271162033081055,-26.483585357666016,12.919916152954102,42.53933334350586,18.44609260559082,-13.676161766052246,15.125038146972656,28.2493839263916,12.564536094665527,-10.64599609375,10.528801918029785,15.427773475646973,11.22424030303955,-2.7290878295898438,9.944721221923828,-0.8439599275588989,11.077016830444336,-2.191283941268921,9.263619422912598,6.095726490020752,8.28747844696045,-1.8501393795013428,7.379560470581055,2.5004207943230448,0.00016227597370743752,0.09820459568096904,0.11398714226322401,0.13165336520767562,0.14207170389992768,0.05097292860644328,0.057745089907494544,0.015264709064596125,38.49701557183276,pop,Chappell Roan - Pink Pony Club Official Music Video.mp3,mitad
107.666015625,1927.914562811414,2412.2747209551594,3822.876883586494,0.044993303139512386,0.10747506469488144,0.46742719411849976,0.9313494563102722,0.6810340285301208,0.08700631558895111,6266.06298828125,-235.5630340576172,150.81651306152344,141.74932861328125,46.49821853637695,-18.062341690063477,34.069217681884766,19.78541374206543,22.827428817749023,3.019594430923462,12.92552375793457,10.133193016052246,12.616435050964355,-7.238417148590088,12.092724800109863,2.8495349884033203,8.775677680969238,-3.3862428665161133,6.866434097290039,5.058645725250244,7.05580472946167,3.138540267944336,6.239665508270264,1.958479642868042,5.530758380889893,2.432594060897827,4.897808074951172,2.037193566637946,0.07460316270589828,0.09047612928925873,0.08414524364753695,0.07706086759646262,0.09851802716917653,0.03013955681796116,0.034862395504845226,0.01263008809592618,29.660973964567706,pop,Chappell Roan - Pink Pony Club Official Music Video.mp3,final
172.265625,2122.3774260336963,2541.577136177837,4497.339471870163,0.044274108697755415,0.08864803612232208,0.4613184630870819,0.9265467524528503,1.1877944469451904,0.09023413807153702,5646.70068359375,-240.48194885253906,75.09872436523438,133.14454650878906,27.34266471862793,-19.617656707763672,24.291790008544922,51.07501220703125,20.60890769958496,20.090539932250977,20.71011734008789,7.7455573081970215,13.769354820251465,2.7142231464385986,13.538387298583984,7.652327060699463,10.63292121887207,3.908102512359619,9.227128028869629,-0.37920328974723816,9.297988891601562,0.41520535945892334,10.212113380432129,-2.3357722759246826,8.070317268371582,-1.754787564277649,7.718860149383545,2.657525004996911,0.00430059339851141,0.14154006519421158,0.11752745245047903,0.20276609791401673,0.22556542278920877,0.08162277141102045,0.09377870925155092,0.06561418639168741,56.643242476194004,pop,Devuélveme a mi chica.mp3,inicio
114.84375,2871.6072457879286,2897.0735893617757,5675.332348708398,0.07417868977360681,0.22967590391635895,0.5570156574249268,1.2716742753982544,1.5131242275238037,0.07129655033349991,12943.26171875,-101.15563201904297,49.108299255371094,138.35369873046875,31.990934371948242,-54.249080657958984,18.845552444458008,70.95866394042969,13.757125854492188,12.956497192382812,17.8586368560791,22.290115356445312,16.65882682800293,-0.975437581539154,13.46229076385498,16.728736877441406,12.823067665100098,-5.804896354675293,11.428980827331543,0.10355020314455032,13.112605094909668,0.14675308763980865,8.938094139099121,2.7660505771636963,6.980960369110107,-0.7388339638710022,6.281437397003174,1.7202080994030873,0.0003613385488279164,0.043213309334966934,0.04616435680464727,0.07535371997506607,0.08650679622584662,0.02610735671381017,0.024136989806905384,0.042834321232957794,32.633431217799966,pop,Devuélveme a mi chica.mp3,mitad
114.84375,2599.1787492125427,2745.3379551323205,5159.160469929131,0.06377266804131192,0.23800970613956451,0.4266682267189026,0.9516924023628235,0.8019481301307678,0.077744260430336,11616.712890625,-107.80101013183594,121.16138458251953,146.265380859375,37.04942321777344,-53.10201644897461,31.748960494995117,58.223060607910156,16.214866638183594,-2.034771680831909,17.646596908569336,22.18433952331543,12.111469268798828,-2.541945695877075,11.188383102416992,15.427440643310547,10.893731117248535,-2.4657647609710693,9.197196960449219,-6.491687297821045,9.406383514404297,0.6777788996696472,8.83057689666748,2.3098104000091553,6.4991374015808105,0.990981936454773,5.708487033843994,1.993155075805336,0.010007699020206928,0.12261538586079773,0.07080098562693891,0.13860903676707048,0.1456433332527334,0.05350396178228175,0.03827155255083624,0.022688699701461795,27.68524124765618,pop,Devuélveme a mi chica.mp3,final
147.65625,1597.0061740002186,2320.787985021048,2899.807465260981,0.0283586720564048,0.06993070989847183,0.2644890546798706,1.151188611984253,1.4736360311508179,0.09298109263181686,367.7697448730469,-328.686279296875,67.23759460449219,155.73556518554688,26.92473602294922,-3.593839168548584,19.606082916259766,16.986526489257812,23.093929290771484,0.49564439058303833,18.485885620117188,-5.623356342315674,11.718040466308594,-26.953588485717773,12.777347564697266,-12.457167625427246,12.184774398803711,-31.604047775268555,8.432454109191895,-25.735828399658203,9.984189987182617,-16.229211807250977,9.405344009399414,-8.320313453674316,9.416542053222656,-0.6360020637512207,10.14769172668457,10.679779613740036,8.672730473335832e-05,0.110490336244725,0.20390682703965846,0.22406910396283997,0.20338442066997753,0.08670016744217103,0.09626551208873176,0.0223237436903942,17.915282311374607,pop,Dog Days Are Over.mp3,inicio
143.5546875,2011.352977857343,2465.2677132405806,3693.610998572949,0.05016768606085526,0.14372476935386658,0.28863081336021423,0.8631956577301025,0.5890054106712341,0.10063521564006805,8705.3466796875,-205.7343292236328,88.08479309082031,158.10643005371094,24.499391555786133,-21.498558044433594,25.86840057373047,13.084501266479492,25.570899963378906,1.4311761856079102,17.429838180541992,7.729401588439941,16.98811149597168,-15.156092643737793,10.082940101623535,12.516883850097656,14.185819625854492,-1.4820812940597534,8.834495544433594,-9.16218090057373,10.332586288452148,-5.521305084228516,10.028044700622559,-7.434823513031006,10.374451637268066,-6.900603771209717,10.069647789001465,4.446181066164374,0.0001858017494669184,0.20289574608834007,0.16291888535017127,0.25134741129538724,0.2390578512288062,0.10224600716820874,0.09518583195880605,0.10417868572919414,28.989377139222295,pop,Dog Days Are Over.mp3,mitad
147.65625,2567.521690572129,2915.29049773577,5104.435800841718,0.0630746374927438,0.23952902853488922,0.4062313437461853,0.935702383518219,0.7687736749649048,0.07961493730545044,12971.515625,-115.70486450195312,147.1781463623047,143.8108367919922,32.3453483581543,-38.45195770263672,40.7712287902832,40.93569564819336,17.129114151000977,-7.467637538909912,17.902280807495117,22.113994598388672,16.618005752563477,-10.822243690490723,8.460277557373047,18.482990264892578,15.273801803588867,-1.0392996072769165,7.417060852050781,7.147263526916504,9.505910873413086,-3.282154083251953,7.257432460784912,3.504580020904541,9.093640327453613,-1.6798973083496094,7.060399055480957,2.485282695219133,0.001014180015772581,0.13077209402691056,0.15064641777336418,0.25174485026155524,0.08484219445024888,0.05274958437701314,0.07091069458073947,0.030176962701479966,27.32143836045095,pop,Dog Days Are Over.mp3,final
97.50884433962264,2677.764150456079,2655.893732663584,5374.467501330302,0.06903265135207043,0.1561034619808197,0.46233487129211426,1.274368405342102,1.9584665298461914,0.09863432496786118,9706.7041015625,-186.6675567626953,95.06128692626953,126.66241455078125,47.488468170166016,-35.2189826965332,27.774147033691406,53.78488540649414,27.70891571044922,-7.316812992095947,19.990903854370117,21.910493850708008,14.708047866821289,6.317421913146973,11.963580131530762,-0.7554011344909668,9.461211204528809,9.071741104125977,9.495331764221191,-1.5318427085876465,11.161029815673828,16.96967124938965,11.310306549072266,0.24874471127986908,11.16020679473877,8.151893615722656,10.396971702575684,2.2611078500293815,0.008430050686001778,0.08656900026716634,0.07944133008892396,0.10469678759530336,0.10851535967645422,0.03667606735611211,0.045355091975015735,0.012612762441425639,38.404884909023714,pop,ERES PARA MI JULIETA VENEGAS Y ANITA TIJOUX VIDEO OFICIAL.mp3,inicio
97.50884433962264,2797.2582631902433,2860.113962123007,5880.564441031347,0.06899788209897446,0.20622825622558594,0.4474559724330902,1.2707600593566895,1.6766711473464966,0.09303651750087738,9110.0732421875,-137.58853149414062,73.2340087890625,141.645263671875,27.153738021850586,-36.40146255493164,32.6329345703125,68.60113525390625,24.064416885375977,-17.921710968017578,20.04334259033203,26.21204948425293,11.552413940429688,1.683841347694397,12.525311470031738,-2.193026304244995,10.285706520080566,12.067695617675781,9.235403060913086,-12.790806770324707,10.666123390197754,14.860419273376465,9.984622955322266,-8.884925842285156,10.056621551513672,1.779649257659912,9.001664161682129,2.048197343756787,4.426367377163842e-05,0.08596730921469045,0.0873689177948401,0.1158689022436603,0.10712755781545251,0.04488158592318432,0.039876492480831076,0.011421986043604278,31.90947424405329,pop,ERES PARA MI JULIETA VENEGAS Y ANITA TIJOUX VIDEO OFICIAL.mp3,mitad
97.50884433962264,3314.9149726889523,3124.3141515693756,6922.533140389174,0.08976230680388932,0.14421485364437103,0.4453132450580597,1.0779720544815063,1.097767949104309,0.08881242573261261,6710.96630859375,-166.60650634765625,106.70867156982422,125.40135192871094,40.96799850463867,-40.680885314941406,26.59767723083496,62.148765563964844,27.5427188873291,-21.724882125854492,19.024452209472656,21.967304229736328,14.546494483947754,-3.0369222164154053,12.435880661010742,-8.789568901062012,11.203346252441406,9.132081985473633,10.5662260055542,-12.006965637207031,10.875077247619629,15.61031723022461,10.323986053466797,-7.1567864418029785,8.833093643188477,2.7353262901306152,7.849669456481934,1.7223766054380627,0.0011643043253570795,0.07712526358296644,0.10364465727620566,0.12962550416470703,0.12339376582175819,0.0464100961296112,0.04778869655581807,0.015310111978921709,22.41609584508121,pop,ERES PARA MI JULIETA VENEGAS Y ANITA TIJOUX VIDEO OFICIAL.mp3,final
147.65625,2336.0623345403355,2925.057436184995,5207.868508731618,0.04060803109278251,0.18588562309741974,0.4684479236602783,1.2152156829833984,1.5346320867538452,0.09604113548994064,8803.6357421875,-185.4056396484375,89.88452911376953,136.18467712402344,39.836639404296875,3.390493392944336,35.0819091796875,33.08625793457031,27.407718658447266,-7.738077163696289,21.884191513061523,30.876115798950195,17.111961364746094,-2.1231882572174072,18.643840789794922,10.215209007263184,11.486207962036133,-6.133257865905762,12.425411224365234,6.057539939880371,10.599910736083984,4.885811805725098,10.273262023925781,5.6151204109191895,9.96010684967041,3.464522123336792,8.094127655029297,3.4461195577726866,0.005830941256135702,0.15284603606547315,0.21989252789995148,0.22136710646119617,0.2602613618384462,0.09555100374290663,0.12138409884111866,0.07954744916739726,59.358065576654376,pop,EXO 엑소 _Love Shot_ MV.mp3,inicio
147.65625,3605.2911872371956,3742.2285456706613,7896.0855867840555,0.07919604416602168,0.2352769523859024,0.42104920744895935,1.2799979448318481,1.2750287055969238,0.08635574579238892,10836.2607421875,-84.09709930419922,61.99760437011719,118.68367767333984,31.932697296142578,-27.315753936767578,19.727436065673828,40.75688934326172,22.401599884033203,-22.400545120239258,19.586265563964844,39.03677749633789,15.51314926147461,-16.42681121826172,15.062845230102539,11.781328201293945,12.934592247009277,-11.595257759094238,13.086299896240234,5.976327419281006,10.300121307373047,-1.5579839944839478,9.935293197631836,4.8326497077941895,9.63008975982666,3.788482427597046,9.845020294189453,2.3639702096465367,0.0016588332364335656,0.12340092286140475,0.14711979622709623,0.185833928929553,0.1948706396671409,0.06590971992414002,0.08447742984638229,0.029992035596816197,23.030152560699573,pop,EXO 엑소 _Love Shot_ MV.mp3,mitad
147.65625,2635.3962431930195,2798.2170935050226,5925.355836850571,0.05252349192143963,0.1833977997303009,0.30807873606681824,0.6757845282554626,0.9096763730049133,0.10447698831558228,15775.7744140625,-220.7177276611328,216.11099243164062,72.91958618164062,60.501243591308594,-16.770875930786133,22.232986450195312,27.297380447387695,25.395322799682617,-17.318603515625,18.38350486755371,20.465009689331055,19.42180633544922,-9.657702445983887,12.032008171081543,12.918299674987793,12.41787338256836,-6.393422603607178,9.530160903930664,7.240562438964844,8.19318675994873,2.423074245452881,6.710400104522705,7.537641525268555,8.79353141784668,5.517300128936768,7.687960147857666,2.5640582471345086,0.31085947155952454,0.1580848345317017,0.18783897497778773,0.2264061179687019,0.12538794842030404,0.07786480189903172,0.07619179180511014,0.015165506226663702,22.66220902875934,pop,EXO 엑소 _Love Shot_ MV.mp3,final
129.19921875,1628.2160622480753,2107.546288898683,3373.687933103957,0.042106699279218264,0.07433268427848816,0.4529443681240082,0.7847970128059387,0.6955917477607727,0.08984170109033585,1807.4200439453125,-279.1803283691406,91.9167709350586,158.4745330810547,47.591163635253906,-10.408205032348633,23.748903274536133,33.58336639404297,20.847702026367188,15.412349700927734,15.991728782653809,-2.7354347705841064,15.821758270263672,-6.355316162109375,9.828502655029297,0.9878870844841003,13.919395446777344,-8.207619667053223,9.587173461914062,0.5394101738929749,13.64262580871582,-4.742101192474365,12.731730461120605,-0.8296265006065369,10.814146041870117,1.7762037515640259,7.989241600036621,3.8359376344711165,0.016322821378707886,0.13029851833108752,0.25333490486450255,0.1316675592104847,0.19381975275104674,0.05473071906783744,0.08929700001161665,0.04592167725166916,78.31979382188098,pop,girl in red - we fell in love in october.mp3,inicio
129.19921875,1720.0988687727515,2602.0618476432774,3536.8619464130225,0.028877754329527865,0.11502546072006226,0.5102265477180481,0.9532487988471985,0.9647619128227234,0.08086788654327393,3408.474365234375,-222.40576171875,56.94331741333008,166.79818725585938,30.01873016357422,2.0233805179595947,22.672895431518555,41.8449821472168,19.575403213500977,6.157167434692383,15.466165542602539,9.137798309326172,12.515480995178223,-4.465969085693359,12.0435152053833,11.945565223693848,9.729480743408203,-2.911799907684326,8.43134880065918,9.773886680603027,8.125946044921875,4.398564338684082,6.677247524261475,6.241436958312988,7.700929164886475,6.985461711883545,7.2292399406433105,2.85317389405035,8.644229092169553e-05,0.07014703208337375,0.0937587832600637,0.11632154896043377,0.12655826763152336,0.05968035472404043,0.07226887856006116,0.022615151528988738,105.20141376792823,pop,girl in red - we fell in love in october.mp3,mitad
129.19921875,1632.5926457657274,2347.3992117553266,3130.0560729791505,0.03307500786087461,0.1119946837425232,0.41359227895736694,0.8420981764793396,0.7394752502441406,0.08680235594511032,3203.753173828125,-233.25082397460938,146.21022033691406,150.3012237548828,64.82855987548828,-19.785568237304688,15.810463905334473,24.756498336791992,18.065988540649414,-2.4879565238952637,10.591452598571777,11.693873405456543,11.018965721130371,-5.835845947265625,7.306121826171875,16.26667022705078,11.500236511230469,-1.937166690826416,6.267096519470215,3.4673051834106445,9.280034065246582,-1.0176124572753906,6.0720648765563965,2.4871444702148438,5.552119731903076,1.3929966688156128,5.582536697387695,2.4145842501851122,0.09391231834888458,0.06792993695042746,0.08134100912138746,0.09319849216315969,0.11053866039114967,0.04058455690709631,0.04631624810955009,0.013133326693951312,80.00408160668762,pop,girl in red - we fell in love in october.mp3,final
132.51201923076923,2187.282113537364,2584.1048128152165,4493.264496510981,0.04572893739115712,0.12457054853439331,0.4040512144565582,1.338584542274475,2.2871005535125732,0.10258147120475769,6024.34765625,-233.94325256347656,110.31812286376953,144.2836456298828,42.20280075073242,15.331064224243164,40.38193130493164,34.21330642700195,25.470396041870117,-7.8453569412231445,25.268545150756836,10.184386253356934,20.402538299560547,-9.69887638092041,19.186513900756836,7.760841369628906,12.564605712890625,-9.353983879089355,12.226911544799805,-0.524213969707489,14.056716918945312,-6.065468788146973,14.654167175292969,-3.955742835998535,9.932260513305664,-4.510424613952637,9.846451759338379,2.2821959965298797,0.0007122173556126654,0.17915816968812825,0.20163016760693428,0.21650790928783564,0.17607091765573174,0.07886836611488479,0.06807577846745862,0.09432620104491307,31.09361709956235,pop,Girls_ Generation 소녀시대 _Gee_ MV.mp3,inicio
99.38401442307692,4398.160513477652,4146.887335866493,9386.57657398897,0.09756157937064629,0.34335172176361084,0.40703171491622925,1.2360386848449707,1.3571677207946777,0.09341880679130554,19558.0859375,-36.398414611816406,54.83760452270508,105.4898681640625,21.52482032775879,-29.733692169189453,16.180057525634766,62.315486907958984,17.979846954345703,-31.121753692626953,11.788602828979492,40.5087776184082,9.529203414916992,-24.153125762939453,11.47023868560791,24.26303482055664,8.82947063446045,-11.76442813873291,8.941964149475098,8.886148452758789,9.544408798217773,-5.628863334655762,7.659313678741455,6.700859069824219,8.267857551574707,-3.9879648685455322,7.902338981628418,2.3749208301946374,0.0020551106426864862,0.05912756992560649,0.04645841302300385,0.09170814957834779,0.056957399695930985,0.031524867860305776,0.025150575420620203,0.05098859766326654,18.63728931250316,pop,Girls_ Generation 소녀시대 _Gee_ MV.mp3,mitad
132.51201923076923,3175.803267272615,3023.698220723334,6118.088004758853,0.10973346344088622,0.14625556766986847,0.4702873229980469,0.7162287831306458,0.8178892135620117,0.1014573723077774,13642.93359375,-275.8395690917969,175.62806701660156,92.8957290649414,53.87977981567383,10.876699447631836,41.77131652832031,30.929439544677734,23.66359519958496,-8.715083122253418,32.197940826416016,10.781391143798828,19.607168197631836,-7.3078532218933105,17.013200759887695,9.680618286132812,14.923110008239746,-5.183842658996582,13.598281860351562,3.2158234119415283,12.963980674743652,-4.058817386627197,11.067017555236816,-1.173551321029663,11.659472465515137,-3.7052195072174072,10.940625190734863,3.4623889872841755,0.002633835654705763,0.17302412638565953,0.11526692236517254,0.25002665060844304,0.14819036981990946,0.04969859980968641,0.07928549070651106,0.03502693833309704,29.378563009486264,pop,Girls_ Generation 소녀시대 _Gee_ MV.mp3,final
92.28515625,1671.108938019651,2403.5863434816843,3391.0544947574012,0.033451611781637,0.11410941928625107,0.4174331724643707,0.8640053868293762,0.7222479581832886,0.09633248299360275,3721.19580078125,-260.2990417480469,73.565185546875,137.2003936767578,23.58233070373535,-2.8156797885894775,20.224130630493164,38.70363998413086,29.138458251953125,22.032560348510742,17.939228057861328,23.715421676635742,17.524826049804688,10.130942344665527,17.125104904174805,7.241084098815918,8.294580459594727,-3.2599916458129883,8.730168342590332,-1.6690095663070679,8.436018943786621,-5.933960914611816,8.250950813293457,-8.470242500305176,8.031609535217285,-4.94187068939209,9.842411041259766,3.8473798628943046,0.002293089870363474,0.22708532633525771,0.1805065956888929,0.18036697548948516,0.27892186372051203,0.10158502920404544,0.10979878568284193,0.0638846679270716,92.47801130628183,pop,Heather.mp3,inicio
109.95678191489361,2773.1690036009077,3502.1468699611924,6357.761555485681,0.054836403105650154,0.22619092464447021,0.43826770782470703,1.043511986732483,0.8322906494140625,0.08742494881153107,5040.69921875,-122.52649688720703,40.89565658569336,144.34036254882812,32.65038299560547,-8.671348571777344,21.24876594543457,51.98091506958008,27.009777069091797,-7.848387718200684,17.509624481201172,41.10011291503906,13.414480209350586,-20.950599670410156,13.491680145263672,16.895008087158203,11.674901962280273,-7.800414085388184,10.13962459564209,4.845868110656738,9.23895263671875,-1.7877401113510132,9.331375122070312,4.415840148925781,9.459303855895996,1.9511257410049438,7.8158860206604,2.870517458483398,0.00021758391812909395,0.20317693857237143,0.11748577896522243,0.19524625977502214,0.2293722922833835,0.09858045847674321,0.07715840190309925,0.08827338680202179,46.90385254394962,pop,Heather.mp3,mitad
132.51201923076923,2888.4816760144063,3429.0029930214464,6389.036366371179,0.059877377914570436,0.1734248697757721,0.4276474118232727,0.939216136932373,0.9455041289329529,0.11086450517177582,6517.806640625,-215.39691162109375,118.40995025634766,111.0135726928711,47.64081573486328,1.309554100036621,28.548744201660156,36.34823226928711,26.91252899169922,6.08942985534668,22.887100219726562,30.886030197143555,16.588102340698242,-11.338346481323242,19.126089096069336,10.99841594696045,13.102215766906738,-3.2429585456848145,12.144564628601074,0.8150586485862732,12.525106430053711,-0.8442630171775818,11.903217315673828,1.1665019989013672,9.061905860900879,-1.7179123163223267,9.836060523986816,4.055776617342456,0.03172554075717926,0.22843507857038747,0.19637193648732348,0.2423292178195098,0.23699852673629795,0.10910646730313991,0.11798781431982053,0.08628061584459461,50.34603057599413,pop,Heather.mp3,final
129.19921875,2855.5433084119377,3232.080886210917,5902.739306942966,0.0586674456994969,0.26366502046585083,0.4896109998226166,1.2668572664260864,1.5655888319015503,0.09012085944414139,19090.5546875,-96.77326202392578,79.01110076904297,139.3577117919922,35.170352935791016,-31.68877601623535,19.89902687072754,43.310543060302734,22.1607723236084,-6.589298248291016,18.6508846282959,37.42103576660156,12.763233184814453,-8.074365615844727,11.780598640441895,19.384763717651367,9.128921508789062,2.1917917728424072,9.665872573852539,8.43525505065918,10.126870155334473,1.8893535137176514,8.469414710998535,7.4449920654296875,7.219448089599609,1.9748913049697876,6.883547306060791,2.095531758687247,0.000627012166660279,0.0894302397617862,0.07915004528066649,0.0967226901145369,0.10836012663326199,0.042763922885729784,0.03401215417670864,0.02105855253668855,37.026514956889564,pop,I Kissed A Girl.mp3,inicio
129.19921875,3327.786069939672,3566.0475686635864,6893.183317863535,0.07476863329624613,0.3116816580295563,0.4772300720214844,1.1390419006347656,0.9855273365974426,0.0879095122218132,17965.78515625,-48.08145523071289,43.253387451171875,128.8822021484375,23.925390243530273,-38.18067932128906,14.576440811157227,43.97563552856445,16.11943817138672,-9.786272048950195,15.651910781860352,38.69207000732422,11.303763389587402,-13.18066120147705,11.058309555053711,21.48756980895996,8.01056957244873,-3.832151412963867,7.757808685302734,14.707687377929688,7.63724946975708,-1.6395524740219116,7.413150787353516,8.677462577819824,6.9806413650512695,2.217932939529419,6.730060577392578,2.2399508562902684,0.0014038117369636893,0.084184394444304,0.07798089458346998,0.10275271859815195,0.10541011277396542,0.041319791234852486,0.03468938816994622,0.01466757147709373,28.75902345901953,pop,I Kissed A Girl.mp3,mitad
129.19921875,3526.632041863019,3738.110747316042,7504.354622194272,0.07433099421923374,0.35097864270210266,0.5247402191162109,1.070195198059082,1.0242515802383423,0.07995756715536118,18981.2421875,-39.97092819213867,82.61875915527344,123.34561157226562,29.735790252685547,-35.167205810546875,20.984270095825195,46.60413360595703,15.899701118469238,-13.90244197845459,12.399750709533691,36.48845672607422,12.603363990783691,-16.592782974243164,12.2493314743042,22.384666442871094,8.577589988708496,-5.838301658630371,8.05158519744873,13.203300476074219,8.110193252563477,-2.8218178749084473,7.1195387840271,9.163871765136719,6.7437639236450195,1.2637755870819092,6.034231662750244,2.3938156422514107,0.002952834125608206,0.0933655907644766,0.07218186459694728,0.08890261162580083,0.10476763014339104,0.033728056921662954,0.04141293129282394,0.026454901519110136,26.907896444047985,pop,I Kissed A Girl.mp3,final
123.046875,2797.323692468927,2877.6305303794725,5758.423512934162,0.06798239315257353,0.09978330135345459,0.4368622601032257,1.0440499782562256,0.784009575843811,0.0957942083477974,5375.31982421875,-192.27845764160156,97.09124755859375,134.62860107421875,34.1941032409668,-28.77611541748047,35.67576217651367,32.10725784301758,25.306577682495117,-18.71613883972168,21.276700973510742,14.604344367980957,14.16726303100586,-15.32809066772461,14.680190086364746,6.042840480804443,12.927504539489746,-2.0931150913238525,10.24129581451416,3.864691972732544,9.764589309692383,-1.2369719743728638,8.248757362365723,3.911054849624634,7.886305332183838,4.689789295196533,7.44379186630249,1.4764474533201366,0.0020852850284427404,0.1268746754311115,0.0821696110910411,0.10986247984659252,0.1287337273580193,0.041604781495714185,0.04659360325094898,0.0391886220747382,22.258541534476482,pop,Katy Perry - Firework Official Music Video.mp3,inicio
123.046875,3102.1217679239603,3314.7152126723167,6477.135833645752,0.0719477886755031,0.1897813379764557,0.3874724507331848,1.0930503606796265,0.804421067237854,0.09139373153448105,6111.09375,-99.68653869628906,35.89223098754883,136.98379516601562,20.64472007751465,-44.9024772644043,16.326486587524414,50.90226364135742,13.5780668258667,-19.37251091003418,14.740204811096191,28.091094970703125,13.310399055480957,-18.7278995513916,12.224678993225098,16.100072860717773,10.533485412597656,-6.157957553863525,9.444056510925293,6.7570037841796875,9.39823055267334,-2.804023504257202,8.112214088439941,6.217845439910889,8.239051818847656,1.6424744129180908,7.937710762023926,1.8824597474345146,0.0002774612803477794,0.10003583166278641,0.09137056983560712,0.10263236843526136,0.12682712080264197,0.03796086267397128,0.053345282413990114,0.021676302539490478,24.141434668996293,pop,Katy Perry - Firework Official Music Video.mp3,mitad
123.046875,3259.860777391817,3755.5065490609472,7318.4557462993425,0.06379931187113003,0.271318644285202,0.42613252997398376,1.0790551900863647,0.7953037619590759,0.08901768177747726,8462.6455078125,-68.25862121582031,49.74494171142578,132.83079528808594,15.402791976928711,-35.499820709228516,13.120451927185059,47.06432342529297,9.452834129333496,-18.434188842773438,10.804683685302734,31.016849517822266,9.139382362365723,-16.523033142089844,11.305268287658691,27.886688232421875,11.09744644165039,-7.658257484436035,9.117265701293945,15.912723541259766,8.777878761291504,-6.41815710067749,9.132570266723633,12.220110893249512,7.915224075317383,-3.5903735160827637,7.730134010314941,2.9880481423013285,0.0004954970791004598,0.042704893669489145,0.05009678664466862,0.045984382945820086,0.056289582833390514,0.018525673316698705,0.024352643035349765,0.014615601729758253,29.34043611487274,pop,Katy Perry - Firework Official Music Video.mp3,final
161.4990234375,3042.4498084745233,3372.934587424776,5929.714143829818,0.07551957357778638,0.10258264094591141,0.4759993255138397,1.3397396802902222,1.4187006950378418,0.10152216255664825,4872.53125,-215.80628967285156,93.89547729492188,119.33837127685547,39.72331237792969,-15.527643203735352,42.84556198120117,27.737743377685547,25.90581703186035,-5.534296035766602,17.686809539794922,13.059127807617188,20.36386489868164,-14.122014045715332,19.403730392456055,13.017688751220703,12.29738712310791,-7.721434593200684,13.91699504852295,2.543119192123413,15.477917671203613,1.1035929918289185,11.016707420349121,0.32630735635757446,14.364616394042969,-6.938258171081543,10.202173233032227,1.7726154557995908,0.010890794917941093,0.0894462182945617,0.10955816623763825,0.11925715823174043,0.18100833470934322,0.05604510749158125,0.04757209382615497,0.08860630977224315,20.338349119211145,pop,Ke$ha - TiK ToK Official HD Video.mp3,inicio
120.18531976744185,3339.670330196033,3497.556161149017,6730.559301228715,0.07524652156298374,0.269528329372406,0.5061019062995911,1.2752315998077393,1.359732747077942,0.0871141105890274,14212.4375,-80.33362579345703,66.7602767944336,129.65541076660156,33.01749801635742,-34.112850189208984,25.76993179321289,44.53770446777344,18.576019287109375,-14.126472473144531,17.55941390991211,29.195192337036133,17.365217208862305,-17.89173126220703,16.417146682739258,26.294069290161133,13.326464653015137,-9.694340705871582,12.095113754272461,7.8750104904174805,12.380629539489746,-1.5283112525939941,11.155008316040039,6.967850685119629,9.535730361938477,-4.269615173339844,8.728401184082031,1.8212976101143405,0.000384758721338585,0.0738088692172153,0.05330701479631433,0.059141668915036374,0.08823239912260981,0.034543252252357846,0.026077369603213905,0.024987115228457483,30.516963683186372,pop,Ke$ha - TiK ToK Official HD Video.mp3,mitad
120.18531976744185,3484.5614432646294,3745.36763617541,7552.212666136562,0.0785722762069466,0.23834845423698425,0.4325691759586334,1.1311818361282349,0.8867130279541016,0.09238171577453613,13945.9912109375,-95.60641479492188,119.69509887695312,125.7796630859375,20.433565139770508,-29.84073257446289,18.303190231323242,37.11467361450195,27.11980438232422,-20.378721237182617,15.850905418395996,25.29750633239746,18.778396606445312,-16.59990882873535,10.404684066772461,20.15707778930664,18.614871978759766,-11.866409301757812,9.3684720993042,10.05864429473877,13.321319580078125,-5.579848289489746,9.017282485961914,6.349958419799805,9.666003227233887,-0.778863787651062,7.914127349853516,1.9370120715459032,0.0012465304462239146,0.08093973413657123,0.07780784077037227,0.08852274715723622,0.11946837136939922,0.046634839055144955,0.04037752062991618,0.016341326681038118,23.284086420497406,pop,Ke$ha - TiK ToK Official HD Video.mp3,final
120.18531976744185,1950.93122493597,3234.4687411242026,4478.222920798665,0.019272748161764705,0.057954445481300354,0.6750609278678894,1.1497187614440918,0.5871682167053223,0.0513734333217144,539.231689453125,-291.7031555175781,55.586143493652344,148.89508056640625,16.05322265625,1.1084259748458862,13.555536270141602,46.07667541503906,11.088642120361328,2.3982279300689697,9.21292495727539,44.45394515991211,9.307842254638672,-0.4432012140750885,10.556060791015625,19.483510971069336,7.508087158203125,3.0168416500091553,10.045350074768066,11.017723083496094,8.124706268310547,1.0726591348648071,6.016143798828125,-0.3541848361492157,6.340021133422852,-0.8281182646751404,5.969762325286865,3.998610079443594,0.002453950233757496,0.07505624323280817,0.06967760603367046,0.10134526990503555,0.10784594556696546,0.03832145626752535,0.03879790920887788,0.06136054040367138,120.60477922980999,pop,Lady Gaga - Judas Official Music Video.mp3,inicio
132.51201923076923,2973.642216105111,3373.1150530353407,6354.053244575996,0.05714799154653638,0.16873733699321747,0.478882372379303,1.092756986618042,0.8025873303413391,0.08089381456375122,2487.4541015625,-101.70465087890625,28.018207550048828,142.15802001953125,15.159095764160156,-45.789161682128906,10.536638259887695,47.87193298339844,9.798490524291992,-18.529958724975586,10.148453712463379,31.749019622802734,9.293556213378906,-11.559122085571289,10.381211280822754,26.399930953979492,8.272147178649902,-6.0150556564331055,7.42997407913208,11.47425651550293,7.324884414672852,-2.51646089553833,6.171075344085693,8.161892890930176,6.77485466003418,2.717259168624878,5.465890407562256,2.937830595461016,0.0002344601962249726,0.06378763422237868,0.04695890496719629,0.07654238491653133,0.10544254902548843,0.03463178627753686,0.03571651659364177,0.014153317526315462,32.8516764597653,pop,Lady Gaga - Judas Official Music Video.mp3,mitad
132.51201923076923,1651.5375709159555,1735.7182345984506,3423.570964801422,0.03043046602892802,0.049288708716630936,0.2280280739068985,0.4027758240699768,0.7194457054138184,0.10136213898658752,1817.87841796875,-411.58880615234375,217.39895629882812,54.05496597290039,70.64134979248047,-14.800368309020996,20.912090301513672,14.20810317993164,25.26552391052246,-9.991945266723633,13.6910400390625,8.735641479492188,15.610983848571777,-3.0672285556793213,8.799792289733887,9.55929946899414,13.070768356323242,-2.540250539779663,5.856363296508789,3.042982816696167,8.07293701171875,-2.2903099060058594,5.651303768157959,3.297818422317505,5.86954402923584,-0.5594983100891113,3.92525053024292,2.158871897310719,0.5316351652145386,0.09530950546839492,0.08425457019618593,0.11728770681485177,0.12927773242173152,0.03248975789706406,0.057414941672488895,0.03134547687828008,34.165037857727036,pop,Lady Gaga - Judas Official Music Video.mp3,final
120.18531976744185,2433.755711447146,3061.557909571647,5323.7511413385255,0.03877792122194272,0.16046428680419922,0.4983476996421814,1.1709924936294556,1.7795523405075073,0.0938466265797615,17187.388671875,-183.76075744628906,104.87235260009766,132.62001037597656,29.21552085876465,-3.631112575531006,39.0301513671875,43.07587432861328,20.715015411376953,-4.635469436645508,15.692732810974121,17.3897705078125,17.09636688232422,-7.968674182891846,10.170319557189941,16.657150268554688,13.674242973327637,-3.1603190898895264,9.769640922546387,8.189275741577148,12.382019996643066,1.3744393587112427,8.109126091003418,1.0506374835968018,9.8436861038208,-1.678240418434143,7.393068313598633,2.543838877336444,0.012674975208938122,0.1532406193869857,0.1319516181789331,0.09112170405864126,0.19319322252054363,0.059778134779627096,0.05811573961670481,0.011395048502383634,53.50709810696937,pop,Lady Gaga - Poker Face Official Music Video.mp3,inicio
120.18531976744185,2589.8051385446934,3101.2974364901766,5323.492809567289,0.052904253035506964,0.28111162781715393,0.4823800027370453,1.2268986701965332,1.2098917961120605,0.08901957422494888,21355.228515625,-84.62598419189453,56.010807037353516,152.01226806640625,26.31452751159668,-37.07284164428711,20.109481811523438,38.23365020751953,21.70307159423828,-13.98991870880127,16.016590118408203,21.34381103515625,21.45058822631836,-15.511405944824219,11.794164657592773,22.899681091308594,13.000720977783203,-4.959609508514404,9.186491012573242,10.435895919799805,9.657937049865723,1.9027010202407837,8.78614330291748,6.987524032592773,8.896600723266602,2.0536081790924072,8.202239036560059,2.0350220245694244,0.0006309666787274182,0.04526168020825395,0.05012027153861515,0.05129625225983337,0.0592194315250961,0.024071115199062625,0.019984858062398463,0.01812845454769372,41.93132027041142,pop,Lady Gaga - Poker Face Official Music Video.mp3,mitad
120.18531976744185,3350.459185333198,3800.201313943998,7582.57914918126,0.06417081378192724,0.28581464290618896,0.5472536087036133,1.008257269859314,0.6764017939567566,0.0813475251197815,19568.7421875,-83.24491119384766,116.42425537109375,128.60792541503906,34.43671798706055,-27.885448455810547,21.136117935180664,46.66512680053711,20.007465362548828,-22.780576705932617,11.296247482299805,35.56772232055664,17.012916564941406,-15.407779693603516,8.652846336364746,25.94049644470215,11.038951873779297,-4.766387462615967,8.127805709838867,16.579843521118164,8.198967933654785,-0.8820943236351013,5.8742356300354,10.935273170471191,8.173612594604492,2.518395185470581,6.423742294311523,2.3016225065624623,0.006689419969916344,0.0870729614237377,0.05943193319242684,0.06539872316207454,0.09137897617659677,0.038919437423330365,0.026059236739379054,0.013094440135780552,38.58838501977654,pop,Lady Gaga - Poker Face Official Music Video.mp3,final
117.45383522727273,1954.7946570665574,2242.171234100021,4022.125678756289,0.04753542684549149,0.07789833843708038,0.36514008045196533,0.8433439135551453,0.48219794034957886,0.08080986887216568,549.4395751953125,-228.0208740234375,67.08373260498047,179.4816436767578,38.30562210083008,-49.736228942871094,15.719042778015137,37.85960006713867,11.401206970214844,-12.3966064453125,9.75723934173584,-6.3849334716796875,8.829174041748047,0.06872823089361191,14.71046257019043,-6.300317287445068,12.79471206665039,-9.904321670532227,12.853462219238281,-9.124818801879883,6.571272850036621,-6.741310119628906,7.180556774139404,-9.485390663146973,8.593535423278809,-5.7259674072265625,10.340008735656738,4.254894976511845,0.017661791294813156,0.18769096949526035,0.11618999991245113,0.31251162241958996,0.26792007017257885,0.09323088074415187,0.1021464577433747,0.048786260745278864,35.542757811361014,pop,Lana Del Rey - Ultraviolence.mp3,inicio
117.45383522727273,2025.3843407129539,2574.8125587487025,4136.858318317048,0.04333420508417183,0.24548514187335968,0.3642471134662628,0.9222092628479004,0.3631935119628906,0.0866205245256424,6293.28369140625,-104.37150573730469,32.84999084472656,174.5553741455078,21.112682342529297,-36.51849365234375,10.799796104431152,33.39833068847656,14.8801908493042,-14.751002311706543,12.630600929260254,8.577310562133789,12.818564414978027,-8.930537223815918,11.009243965148926,17.131568908691406,10.283406257629395,-11.77141284942627,10.982833862304688,0.8035801649093628,8.900978088378906,13.633685111999512,9.310362815856934,-5.599867343902588,9.12229061126709,9.402312278747559,9.014330863952637,3.477695647903599,5.0269060011487454e-05,0.1296127590716969,0.13883657360019594,0.22121013345286586,0.20906930792688938,0.08948427588997936,0.07182123659230155,0.07602934069242517,55.665715253755906,pop,Lana Del Rey - Ultraviolence.mp3,mitad
132.51201923076923,2442.9389234602904,2439.905317747674,4553.597465019108,0.06523977935129643,0.12292058765888214,0.407125324010849,0.6872501969337463,0.5752105712890625,0.1020861268043518,7103.45166015625,-289.4708251953125,183.0830535888672,90.05038452148438,79.65801239013672,-14.11182689666748,20.0324764251709,27.340810775756836,17.983295440673828,-1.0158782005310059,13.560676574707031,8.303936958312988,11.123541831970215,3.1504085063934326,17.32917594909668,13.431307792663574,9.824649810791016,-2.7540993690490723,6.497491359710693,7.09235143661499,7.081228256225586,9.736466407775879,7.6565070152282715,-2.6944046020507812,6.022958755493164,5.665126800537109,5.716278076171875,3.0237473180441117,0.19796501100063324,0.1426158107766265,0.10699617979266118,0.11159153586267812,0.1837759478111178,0.08429149733110147,0.04158055920586903,0.09293126442223398,64.19143218429443,pop,Lana Del Rey - Ultraviolence.mp3,final
132.51201923076923,2323.2957634880327,2765.0792285315556,4944.73676651993,0.04716203530137384,0.11398682743310928,0.5479432940483093,1.2634001970291138,2.1044576168060303,0.08412543684244156,5604.54443359375,-215.18922424316406,84.58470153808594,137.98126220703125,35.849159240722656,-22.888200759887695,24.974849700927734,55.484500885009766,19.33453369140625,7.426311016082764,20.03866958618164,19.10418128967285,11.350788116455078,11.74588394165039,11.93942928314209,8.079523086547852,13.64880657196045,7.1553544998168945,10.593524932861328,3.391587972640991,11.039528846740723,2.808182716369629,9.43612289428711,3.7629129886627197,8.806756019592285,1.0710687637329102,7.669196128845215,2.3200205850715405,0.001989048905670643,0.05321496009266354,0.05688077675953645,0.08929691027783657,0.09822347617002274,0.033849823869623145,0.027075792563653472,0.017452722849014966,61.304518412985836,pop,Luis Miguel - Ahora te puedes marchar Video Oficial.mp3,inicio
132.51201923076923,2387.0546832777595,2568.812487420608,4899.120375689338,0.06333427311097137,0.14382044970989227,0.442128449678421,1.1826947927474976,1.1347757577896118,0.08434398472309113,5162.623046875,-148.16624450683594,46.865997314453125,160.60877990722656,23.314617156982422,-48.92893600463867,20.34237289428711,56.996517181396484,15.98040771484375,-5.002251625061035,19.929872512817383,13.755611419677734,12.555258750915527,5.764614582061768,11.750884056091309,2.060311794281006,13.347180366516113,8.572720527648926,11.948735237121582,-3.4968721866607666,11.409247398376465,3.9793598651885986,10.022905349731445,3.714694023132324,9.307817459106445,-0.7703539729118347,8.535039901733398,2.058901696901599,5.175720070837997e-05,0.059495257334023145,0.056576491965791294,0.09419907501529232,0.11038901034310554,0.03360447551660505,0.03281472738177644,0.016441588923750083,37.224648019012825,pop,Luis Miguel - Ahora te puedes marchar Video Oficial.mp3,mitad
132.51201923076923,2590.3979329631375,2661.6321534682384,5185.710309385884,0.07301014052825078,0.09749283641576767,0.44148170948028564,1.08573317527771,1.098301649093628,0.08469906449317932,4310.5283203125,-222.72119140625,125.38109588623047,129.57106018066406,40.70237731933594,-43.06411361694336,31.418188095092773,50.85647964477539,20.51633071899414,6.190992832183838,19.053993225097656,11.35226058959961,11.358880996704102,4.716399192810059,10.242034912109375,4.508872032165527,11.75794792175293,12.168309211730957,10.503973960876465,0.5351273417472839,9.924736976623535,2.4055378437042236,9.197349548339844,4.066432952880859,8.582724571228027,2.6596851348876953,9.169451713562012,2.1764838303334604,0.0017431658925488591,0.06837408592077056,0.056269352767687894,0.10018749455058307,0.09913200110625607,0.03438322541617661,0.027933740042462848,0.015449084633992761,31.824991654002062,pop,Luis Miguel - Ahora te puedes marchar Video Oficial.mp3,final
120.18531976744185,2690.0614929185954,3170.933262769882,6110.754715768914,0.0606406008126935,0.05741092935204506,0.5498295426368713,0.8339958786964417,0.5772356986999512,0.07548335194587708,2580.827880859375,-325.2079772949219,131.41415405273438,109.19554138183594,40.37125778198242,1.4456027746200562,40.7684326171875,8.412561416625977,21.085966110229492,-3.640207052230835,13.577851295471191,12.156805992126465,7.927756309509277,4.601533889770508,6.896743297576904,-0.8388118147850037,6.861645698547363,4.126309871673584,7.370494365692139,0.731966495513916,6.075744152069092,0.886214017868042,7.957221508026123,-1.1601824760437012,6.359579086303711,0.10679206252098083,6.6183695793151855,3.6653117270696085,0.0078009250573813915,0.10325497833934778,0.1021047361525781,0.13431154222502428,0.12381886204791409,0.048987012358942233,0.05100274876838603,0.04083394810269189,37.27671148580726,pop,Michael Jackson - Beat It Official 4K Video.mp3,inicio
135.99917763157896,2717.82041541591,2847.1345968702453,6088.904847892076,0.06683292920375387,0.2257404625415802,0.4674776494503021,1.0281662940979004,0.6197585463523865,0.08309110254049301,6249.5439453125,-84.32750701904297,33.18238830566406,162.30360412597656,18.8371524810791,-54.49274444580078,13.884639739990234,62.30061721801758,14.22476863861084,-30.88686752319336,12.891953468322754,27.55670166015625,10.06752872467041,-3.5674757957458496,8.239409446716309,-0.3031270503997803,8.625439643859863,11.770637512207031,7.227893352508545,-2.5444724559783936,8.576030731201172,5.8068928718566895,6.729846000671387,-5.28256893157959,6.81797456741333,3.363049268722534,7.017268657684326,2.211072322176422,5.395536936703138e-05,0.0643387023286991,0.05002360991050493,0.1415198793909682,0.10612475219068043,0.03505274147846108,0.046653866305172535,0.033295252951455266,30.045112444379118,pop,Michael Jackson - Beat It Official 4K Video.mp3,mitad
135.99917763157896,2636.4980159814436,2739.0760656548837,5808.356544329286,0.0660884136755031,0.2037479132413864,0.44000130891799927,0.948741614818573,0.5498821139335632,0.0831863135099411,6009.5625,-103.85389709472656,106.28886413574219,155.0831756591797,40.09994125366211,-53.746456146240234,17.756555557250977,52.05479049682617,21.820144653320312,-32.93294143676758,14.368249893188477,25.537012100219727,11.687538146972656,-6.303157806396484,7.952886581420898,0.6804100275039673,7.7607951164245605,11.533859252929688,7.509334564208984,-1.0007566213607788,7.490663528442383,6.016753673553467,6.739473819732666,-4.083861351013184,6.6481733322143555,5.225788116455078,6.343708038330078,2.0837398730258077,0.04628010466694832,0.0674424627880922,0.04651673083782574,0.11697814813299398,0.09347095378910794,0.0339912916383128,0.040184204546345616,0.028311448114216476,26.92634948935131,pop,Michael Jackson - Beat It Official 4K Video.mp3,final
120.18531976744185,1869.0285545219779,2406.6921814365355,3668.202818879402,0.04195307209026703,0.07330124080181122,0.4882982671260834,1.3241360187530518,1.636496663093567,0.07570797950029373,4487.5068359375,-266.4064025878906,61.151649475097656,166.6216583251953,37.39338684082031,-12.874685287475586,33.05181884765625,23.507307052612305,21.390714645385742,5.826818943023682,16.68609046936035,3.5147316455841064,14.191777229309082,-2.001704454421997,14.21759033203125,9.629830360412598,10.092467308044434,-5.234077453613281,8.869304656982422,1.426293969154358,11.818381309509277,-2.0955140590667725,11.176782608032227,-5.394183158874512,12.203385353088379,-7.033867359161377,14.1580810546875,2.8475026570319613,0.0010852989507839084,0.07830834108664687,0.1667374314162696,0.12265813839699541,0.17989250503736232,0.04036989449414319,0.06837960153626364,0.06104663470484839,55.63723167245252,pop,NewJeans 뉴진스 _Super Shy_ Official MV.mp3,inicio
151.99908088235293,2261.737714724441,3221.5050726610893,5728.540360300164,0.030642104960816565,0.3118600845336914,0.4886719286441803,1.378158688545227,1.5988292694091797,0.09464408457279205,11531.7744140625,-158.03402709960938,72.46382904052734,137.94813537597656,27.160831451416016,5.9832539558410645,33.32171630859375,66.91727447509766,20.383516311645508,-3.176905870437622,22.64643669128418,42.28555679321289,13.928703308105469,-8.266754150390625,17.244991302490234,26.491111755371094,12.506059646606445,4.443600177764893,12.982291221618652,1.1287174224853516,11.023794174194336,17.245018005371094,13.42276382446289,-6.201803684234619,8.979826927185059,2.392690420150757,10.254849433898926,3.7789204517127675,0.00011150632053613663,0.15638129713126578,0.20743251685699832,0.319568987306942,0.04489770683806684,0.12872054091775073,0.0593602794594115,0.030784212898270918,86.73842088640993,pop,NewJeans 뉴진스 _Super Shy_ Official MV.mp3,mitad
151.99908088235293,2842.4095649025235,3570.093954458005,6901.858265407314,0.04631850298713235,0.2771797776222229,0.4984225928783417,1.4945213794708252,2.099447011947632,0.09312506020069122,17570.88671875,-155.99880981445312,88.22811126708984,120.47086334228516,27.840431213378906,-8.610313415527344,22.762659072875977,57.76434326171875,28.312644958496094,-10.462423324584961,18.72086524963379,35.786643981933594,18.963342666625977,-7.550437927246094,13.851481437683105,19.2620849609375,13.289892196655273,0.8660430312156677,10.656652450561523,3.583401918411255,11.615269660949707,8.83115005493164,11.01609992980957,-4.793178081512451,8.92066478729248,-0.4871494472026825,9.73079776763916,2.423992519858337,0.00036734959576278925,0.044638006549061346,0.04983525023537603,0.07993070861682931,0.049619739365346166,0.03154688058175933,0.024668291451906424,0.014444953231107964,65.1459329666534,pop,NewJeans 뉴진스 _Super Shy_ Official MV.mp3,final
123.046875,3296.358084673077,3574.2390651884775,7193.473168718557,0.07540695143188854,0.10411277413368225,0.5471602082252502,1.3858839273452759,1.708227276802063,0.0936603769659996,5057.48486328125,-223.78448486328125,69.85468292236328,116.8231430053711,38.58142852783203,-12.163228034973145,29.523649215698242,38.007843017578125,28.010997772216797,-9.682698249816895,19.180282592773438,26.671947479248047,16.483978271484375,-15.4490327835083,19.994335174560547,19.778182983398438,12.220490455627441,-4.696752548217773,13.922738075256348,5.468681812286377,11.272392272949219,11.022723197937012,11.84693431854248,-1.2495427131652832,12.164770126342773,6.368648529052734,8.923247337341309,2.5845650176032624,0.0016557520721107721,0.053944667354887205,0.06311164435969262,0.0819316616208557,0.08372378534059706,0.03507630984803004,0.029452556609352847,0.05266412222854952,51.21312366061977,pop,PinkPantheress - Stateside + Zara Larsson Official Video.mp3,inicio
123.046875,2907.4419651519506,3723.458469220522,7095.090430292183,0.048154092794601394,0.1620991826057434,0.478216290473938,1.1915773153305054,0.9119822978973389,0.08616457134485245,5582.1318359375,-155.08216857910156,46.426822662353516,136.80870056152344,25.04996681213379,-12.018796920776367,20.629039764404297,35.441444396972656,20.057939529418945,-19.82541847229004,16.513805389404297,30.023681640625,15.114075660705566,-20.48581314086914,14.689835548400879,19.802955627441406,11.943113327026367,-11.239667892456055,10.652363777160645,8.811568260192871,11.218965530395508,4.229588031768799,10.71182632446289,-2.016044855117798,10.057585716247559,3.340831995010376,9.268507957458496,2.982339492420037,0.00019375972624402493,0.06770659552140597,0.07091318333965801,0.08753641611126431,0.07815776357597602,0.03382444740882336,0.03478816953613504,0.06552236889118498,55.19986015208676,pop,PinkPantheress - Stateside + Zara Larsson Official Video.mp3,mitad
123.046875,2713.0080226241225,3434.924170703994,6219.104060595249,0.055332053925599846,0.12717808783054352,0.5249958634376526,1.0958750247955322,0.7820181846618652,0.07971730083227158,4956.650390625,-192.00428771972656,76.9540023803711,140.5147247314453,32.10144805908203,-12.789398193359375,19.692062377929688,30.30141258239746,19.55783462524414,-13.091751098632812,18.126249313354492,30.018938064575195,15.821242332458496,-15.083948135375977,17.840425491333008,19.211326599121094,11.080628395080566,-9.368513107299805,10.919710159301758,10.239489555358887,9.127274513244629,6.7089924812316895,8.573573112487793,-0.667445957660675,8.977936744689941,1.339996576309204,8.675507545471191,2.3147629481997893,0.0003301705582998693,0.07609369217431852,0.07980597716839695,0.0810000002495384,0.07334741399237286,0.023373088695796115,0.04068889853619099,0.07370136795683564,64.25721642816508,pop,PinkPantheress - Stateside + Zara Larsson Official Video.mp3,final
123.046875,2695.661115042333,3212.438153899288,5683.790630895656,0.05512683974700077,0.05507510527968407,0.5661768317222595,1.386141300201416,2.291412115097046,0.08801336586475372,2228.257080078125,-280.6253967285156,102.69903564453125,131.65528869628906,45.084163665771484,-26.666318893432617,20.4173641204834,28.150178909301758,18.164005279541016,-1.9562638998031616,15.763097763061523,20.54715919494629,16.747968673706055,-7.502602577209473,17.66044044494629,20.044740676879883,13.212533950805664,-2.1815173625946045,10.337645530700684,8.94851016998291,10.182409286499023,5.236547470092773,9.83400821685791,3.2917351722717285,9.033575057983398,2.81972599029541,6.620113372802734,1.532847259703998,0.02285933867096901,0.04961442384709958,0.05288046104015837,0.06403158163096413,0.076354306480205,0.02519912201068051,0.02956200795834233,0.02573947025201011,50.21184345950451,pop,Rihanna - Don_t Stop The Music.mp3,inicio
123.046875,3820.809916528771,3927.3089465920643,8502.798584740229,0.08621584298809984,0.0903269425034523,0.43622133135795593,1.364508032798767,1.4194669723510742,0.0935448631644249,2681.9326171875,-191.5052032470703,62.317569732666016,121.87925720214844,30.366479873657227,-28.414567947387695,25.62921714782715,37.420528411865234,17.873502731323242,-23.814001083374023,17.476699829101562,32.47330093383789,18.258562088012695,-25.3675537109375,14.552200317382812,34.297874450683594,11.077392578125,-12.310012817382812,10.814390182495117,11.606954574584961,11.329272270202637,8.424527168273926,14.019001960754395,1.08539879322052,13.104896545410156,5.410360336303711,9.297750473022461,1.5919823119932444,0.0005052794585935771,0.051203750669126316,0.04045203898822103,0.0413775248696273,0.051468968817930186,0.023306872217717406,0.018566842436182843,0.01996320241090128,25.251835726511796,pop,Rihanna - Don_t Stop The Music.mp3,mitad
123.046875,4835.2269903811775,4220.119992982493,10035.764315106182,0.13049070753918343,0.05883432924747467,0.3899654150009155,1.145632028579712,0.9075672030448914,0.1019454374909401,1969.22607421875,-269.5110778808594,161.31578063964844,84.1273193359375,35.74435806274414,-29.54613494873047,27.224069595336914,30.914794921875,20.006399154663086,-25.700204849243164,33.1325569152832,24.293041229248047,21.227649688720703,-30.360681533813477,21.193849563598633,24.54292106628418,15.71139144897461,-16.526140213012695,15.880635261535645,5.941890716552734,13.32507038116455,2.1751105785369873,11.482972145080566,1.1530053615570068,13.204814910888672,-2.3595666885375977,8.64364242553711,1.5107064685538514,0.01570012979209423,0.09352934782652515,0.09156348748832058,0.1391861402708729,0.12455007787764263,0.04827002616909765,0.057469475043226664,0.045073097595330104,11.191042792133603,pop,Rihanna - Don_t Stop The Music.mp3,final
129.19921875,3373.27245710429,3807.4837940452985,7992.743335641206,0.0762472713694853,0.08491924405097961,0.40493419766426086,1.210537075996399,1.22821843624115,0.09799876809120178,4414.19580078125,-221.19732666015625,58.45834732055664,124.27146911621094,27.543235778808594,-9.740903854370117,27.03162956237793,34.11180114746094,16.780071258544922,-6.89830207824707,18.055484771728516,25.74988555908203,17.228425979614258,-26.922643661499023,18.834239959716797,22.924816131591797,14.981557846069336,-20.7083740234375,14.816619873046875,-2.8575053215026855,13.43962287902832,10.993082046508789,15.538036346435547,-9.430877685546875,13.092489242553711,0.44640985131263733,10.106927871704102,2.2763422896708576,0.008143304847180843,0.09142016707152915,0.16112597362199682,0.08986433985120265,0.1191726408082945,0.045828603781968395,0.04493498040282751,0.031876337219191204,33.80610522830859,pop,Rihanna - Where Have You Been.mp3,inicio
129.19921875,3843.1498603486953,4034.7798491401695,8889.187914963477,0.0822697217250387,0.10959842801094055,0.36719414591789246,1.068842887878418,1.0181550979614258,0.09325628727674484,3885.979248046875,-149.74151611328125,36.207061767578125,111.42823791503906,16.35470962524414,-38.11355209350586,17.86780548095703,34.17436599731445,13.171502113342285,-32.34404754638672,13.748021125793457,23.27956199645996,12.045051574707031,-22.838464736938477,11.49668025970459,24.31897735595703,13.537676811218262,-15.260897636413574,12.764914512634277,11.558151245117188,11.05020523071289,-5.173920154571533,13.190454483032227,-1.110713005065918,10.151740074157715,-5.676385879516602,9.137528419494629,3.0920588426373716,0.0005598660791292787,0.1146884209939489,0.12243680533619108,0.14632506684780633,0.09976928866534165,0.039405795152282916,0.041102261917687524,0.057429929606503824,22.087472852715905,pop,Rihanna - Where Have You Been.mp3,mitad
132.51201923076923,607.6929501157001,640.9630490374391,1368.0000612241197,0.012234808859810372,0.004500060807913542,0.045605968683958054,0.12758603692054749,0.42482057213783264,0.02839621901512146,116.51852416992188,-653.8272094726562,120.37478637695312,11.260506629943848,31.377399444580078,-2.428215742111206,13.16958236694336,3.141631603240967,11.298623085021973,-2.5046048164367676,11.047045707702637,2.549262523651123,10.00765323638916,-5.7110748291015625,17.324316024780273,1.3230656385421753,8.030936241149902,-3.450181722640991,11.072400093078613,-0.12063499540090561,2.983494281768799,0.10118710249662399,4.042086601257324,-1.5942039489746094,6.282817363739014,-0.4107933044433594,3.0861356258392334,2.725231580655764,0.853539228439331,0.05820729393237859,0.08383135799400637,0.07618616457748763,0.12080856401764382,0.02975840186361636,0.04358216383312436,0.028985416790019147,7.830528458667551,pop,Rihanna - Where Have You Been.mp3,final
105.46875,2192.7458826012285,2704.349491843626,4332.457135557759,0.04641336257981811,0.2017022967338562,0.3895028829574585,1.0380734205245972,0.73562091588974,0.09536723792552948,16089.2373046875,-152.96969604492188,78.21566009521484,160.1823272705078,37.279090881347656,-11.064388275146484,19.245622634887695,16.314075469970703,35.37944412231445,-12.533201217651367,13.750106811523438,6.564187049865723,21.503747940063477,-13.608528137207031,14.918879508972168,2.3040668964385986,15.662721633911133,-6.248951435089111,10.655172348022461,-3.4255564212799072,9.872344970703125,-3.8366899490356445,8.305122375488281,-3.3799214363098145,9.794004440307617,1.5515834093093872,7.736722946166992,2.64093903055349,0.003690494457259774,0.11170003641653564,0.09537220619432153,0.12721619371393889,0.14382024200943244,0.05616413715033315,0.05125762941805814,0.024674501644047095,38.82894880596924,pop,Sabrina Carpenter - Espresso.mp3,inicio
105.46875,3839.269583385465,4067.41037609438,9079.078433388158,0.07247178399525929,0.29375338554382324,0.4715632200241089,1.1969937086105347,1.2068486213684082,0.08754263818264008,15629.8154296875,-78.8126449584961,47.16020965576172,111.87625885009766,23.625497817993164,-18.745634078979492,20.42235565185547,60.43830871582031,20.231184005737305,-16.67283058166504,20.207050323486328,39.0674934387207,17.174297332763672,-26.11050796508789,15.217859268188477,22.613845825195312,14.607666015625,-12.498738288879395,11.502030372619629,6.7871479988098145,12.596173286437988,1.7987221479415894,14.005956649780273,-3.024489641189575,10.911563873291016,2.004941463470459,11.145268440246582,2.4523666579902237,0.00036426394945010543,0.07768591955626825,0.09438851363486177,0.12908168073644827,0.09113160754772531,0.0416938606613751,0.045238519468155595,0.032361318936234396,35.203143049343495,pop,Sabrina Carpenter - Espresso.mp3,mitad
105.46875,2903.915715885472,3220.273536961372,6244.653906098829,0.06513225921536378,0.15959209203720093,0.4683144688606262,1.1111615896224976,0.943246603012085,0.08783145248889923,13252.1669921875,-161.9090576171875,86.91496276855469,134.6397247314453,27.869718551635742,-18.818275451660156,20.98137855529785,28.34160041809082,37.65483856201172,-14.219680786132812,20.25539207458496,13.997897148132324,17.669048309326172,-8.855649948120117,15.898091316223145,9.087980270385742,15.37821102142334,-6.035099506378174,11.527443885803223,-1.4392560720443726,9.581709861755371,2.2577693462371826,10.158985137939453,-2.2564876079559326,10.761183738708496,0.21108271181583405,7.650410175323486,2.262566655987391,0.0004343169566709548,0.08998511918681104,0.10334445156044994,0.10661701372083424,0.10314713334429722,0.04348202289298545,0.04234895778504004,0.05822973728002762,32.449493510780776,pop,Sabrina Carpenter - Espresso.mp3,final
129.19921875,1168.7202051466693,2027.1145774839692,2250.361392372533,0.016518607597232973,0.0744379386305809,0.5517285466194153,1.0064985752105713,1.9513499736785889,0.09421782940626144,1970.586181640625,-402.53363037109375,93.84271240234375,131.89898681640625,52.63273620605469,51.06980514526367,33.366668701171875,40.3819465637207,27.76769256591797,11.58288860321045,17.606290817260742,18.659208297729492,17.55997085571289,7.05328893661499,13.527179718017578,11.417692184448242,12.17193603515625,5.055099964141846,14.275659561157227,10.06648063659668,13.733945846557617,12.81689453125,9.640215873718262,8.16490650177002,9.276049613952637,2.819727897644043,10.820834159851074,2.738743176263123,0.011553161777555943,0.036665379327544496,0.036652805153093916,0.04295430796185011,0.06240801243617394,0.021833400073319027,0.019314908803932974,0.028559373307341818,267.462497942181,pop,Shakira - Las de la Intuición Official HD Video.mp3,inicio
129.19921875,1595.9052261614581,2386.2451716129294,3259.880287949884,0.026073160555340556,0.11630125343799591,0.5318947434425354,1.109764575958252,1.3284305334091187,0.08401210606098175,2711.232177734375,-276.04449462890625,82.7835922241211,154.6595916748047,35.603031158447266,6.031252861022949,33.837310791015625,38.4859733581543,25.25130271911621,20.299072265625,23.059627532958984,34.927669525146484,16.509920120239258,5.622930526733398,14.8576021194458,14.668190956115723,13.42464542388916,0.9351507425308228,10.735779762268066,6.6902852058410645,13.12396240234375,8.969489097595215,9.988401412963867,5.260035991668701,8.8799409866333,0.14370331168174744,9.388184547424316,3.1950002669930027,7.346619531745091e-05,0.05606090382485161,0.03355072361575404,0.048764546267140746,0.08557111662874536,0.030998303853522976,0.027621915935606412,0.02857120316563634,126.41049052591859,pop,Shakira - Las de la Intuición Official HD Video.mp3,mitad
129.19921875,2230.3653914309416,2993.658134889923,4804.812612622146,0.04143569048713235,0.12241006642580032,0.34762611985206604,0.9433335065841675,0.7339065074920654,0.09542760998010635,3623.429443359375,-208.2510223388672,98.9498291015625,148.72023010253906,36.173213958740234,-20.822036743164062,19.238298416137695,30.738941192626953,16.800678253173828,-9.237154960632324,15.942559242248535,18.69723892211914,19.125499725341797,-7.8666839599609375,11.230993270874023,20.21030044555664,11.858108520507812,-2.8919284343719482,9.002620697021484,-1.8835830688476562,11.18886947631836,7.761606693267822,8.863146781921387,-6.341362953186035,11.725103378295898,-6.0005950927734375,9.817580223083496,3.5782028020048258,0.006654478143900633,0.23265024135968343,0.19807941864449655,0.14546838741626883,0.3629491235006665,0.10390390242940256,0.11511436672688402,0.026859381468684333,60.565565735487226,pop,Shakira - Las de la Intuición Official HD Video.mp3,final
123.046875,1689.7918937325715,2412.1117706189616,3350.9297373863196,0.0375296294504644,0.06539659202098846,0.4499267637729645,1.1556237936019897,1.449488639831543,0.09248128533363342,3515.130615234375,-301.8315734863281,79.6109848022461,154.80337524414062,40.96319580078125,22.38878631591797,39.232154846191406,31.22955894470215,33.684696197509766,1.0652097463607788,21.534099578857422,2.6138875484466553,18.126909255981445,5.890578269958496,16.310497283935547,5.485047817230225,13.695662498474121,-8.316495895385742,13.70947265625,5.572506904602051,12.201414108276367,-2.046884536743164,8.503954887390137,-1.5912995338439941,7.910125732421875,-3.0197250843048096,9.039433479309082,2.0553993233068737,0.011951746419072151,0.08276527812859341,0.08795691787242209,0.0972648143729656,0.1071387432158111,0.05291736256895678,0.03911784274422941,0.044740442451703055,93.74450238045122,pop,Shakira - Loba Official HD Video.mp3,inicio
123.046875,2722.119882556604,3202.5506433961004,5918.505878271333,0.0548762743687113,0.13975301384925842,0.43265923857688904,1.295592188835144,1.6169174909591675,0.09379268437623978,7311.0849609375,-172.4589080810547,67.87101745605469,138.77842712402344,33.44477462768555,-25.379226684570312,23.722942352294922,40.942813873291016,21.087732315063477,-8.98884105682373,18.79652976989746,23.524246215820312,15.569796562194824,-7.451563358306885,14.847076416015625,27.673351287841797,10.702930450439453,0.9039207696914673,11.652788162231445,6.108715057373047,11.869062423706055,6.93826961517334,11.178357124328613,2.519381523132324,8.412617683410645,-0.4980921447277069,7.946462154388428,2.1208958601248478,0.00026267647626809776,0.0689192358554282,0.10475643813630905,0.09576945445232388,0.07562548051810011,0.03901600294907865,0.03374719491240963,0.046574201302874006,45.92611937863428,pop,Shakira - Loba Official HD Video.mp3,mitad
123.046875,2521.1049191546826,2918.2980187123276,5035.086220189145,0.08232471005466331,0.07052915543317795,0.585930585861206,0.9251702427864075,0.9487731456756592,0.07686387747526169,4567.71826171875,-327.3543395996094,145.33804321289062,116.15973663330078,56.84954833984375,0.38094252347946167,43.93974685668945,16.963985443115234,20.027931213378906,0.5790373086929321,19.29347038269043,6.62455415725708,18.25594711303711,-1.8472981452941895,14.010435104370117,6.873713493347168,12.225675582885742,-0.7976253032684326,8.116353988647461,2.1700031757354736,7.081830978393555,1.608349084854126,6.759703636169434,1.7842280864715576,6.020876407623291,-0.14293214678764343,5.488467216491699,2.494779232585287,0.002197550842538476,0.07475628701120517,0.07268908170860168,0.07107744310075871,0.07496428924392319,0.030253685634623228,0.028534856853920775,0.056542981452139394,46.69597543158743,pop,Shakira - Loba Official HD Video.mp3,final
126.04801829268293,2509.7241252947824,2939.6451287679834,5053.394442815161,0.05045094209558824,0.3070122301578522,0.4700761139392853,1.5128235816955566,2.1631274223327637,0.08908241987228394,17717.52734375,-98.37346649169922,95.57128143310547,138.27243041992188,32.200531005859375,-38.09972381591797,29.283369064331055,40.64863586425781,19.28040313720703,2.527230978012085,21.046096801757812,27.378538131713867,14.868247032165527,-14.61640739440918,15.03211498260498,11.320412635803223,15.109619140625,3.677018880844116,13.104863166809082,9.466116905212402,11.280447959899902,-5.083988666534424,10.672500610351562,3.9750990867614746,9.57595157623291,2.590345859527588,8.68230152130127,1.9730276197940122,0.014230052009224892,0.10184517011020554,0.10477033238268577,0.17083725657565318,0.07242083558204788,0.06475362905114737,0.04990381076555847,0.03496276513886839,31.36584494549755,pop,SHINee 샤이니 _Ring Ding Dong_ MV.mp3,inicio
126.04801829268293,3314.3265371195102,3508.382841699033,6930.966422727603,0.07186766822271672,0.35973861813545227,0.4923434555530548,1.5818815231323242,2.0815300941467285,0.08191221952438354,20737.849609375,-41.198951721191406,71.66139221191406,124.3985595703125,26.29837417602539,-44.86714553833008,22.79176139831543,46.37674331665039,17.386552810668945,-11.348573684692383,17.14586639404297,31.06913948059082,13.120760917663574,-18.439544677734375,11.725038528442383,18.346891403198242,11.578255653381348,-3.2707293033599854,10.431795120239258,11.467949867248535,8.964704513549805,-3.3959708213806152,9.495003700256348,4.711434841156006,8.432184219360352,1.4984729290008545,8.221203804016113,1.7251200852878334,0.004427855834364891,0.1025199642730387,0.07631025888298615,0.1440369868422169,0.07193294745919651,0.04728112158832685,0.05107485595993687,0.015351463171062523,23.243682151344533,pop,SHINee 샤이니 _Ring Ding Dong_ MV.mp3,mitad
126.04801829268293,3095.8569975202245,3286.5339635750897,6439.994391568305,0.07097802885545666,0.2883048355579376,0.4988323152065277,1.394985556602478,1.8117796182632446,0.08083762228488922,20098.1171875,-77.02336120605469,96.72626495361328,131.6903533935547,31.311233520507812,-41.650997161865234,20.416873931884766,36.8956184387207,21.648799896240234,-12.979060173034668,17.239484786987305,24.3658504486084,18.995681762695312,-12.589489936828613,9.794313430786133,15.201045989990234,14.03304672241211,-1.8744276762008667,10.057153701782227,7.7708420753479,10.480957984924316,-1.2509503364562988,8.10852336883545,1.605262041091919,8.592769622802734,0.7200599908828735,7.006469249725342,1.8685654164444943,0.0033719122875481844,0.09220825112971943,0.1034153688086223,0.14663495711757576,0.04904341292846289,0.06225956793473763,0.041901261720183956,0.04838097676049303,26.653063256356738,pop,SHINee 샤이니 _Ring Ding Dong_ MV.mp3,final
123.046875,2923.857141907157,3019.7041220169735,5594.924501590315,0.07205946600474071,0.19123218953609467,0.4838000535964966,1.448979377746582,2.6424243450164795,0.09379173815250397,14166.5498046875,-162.18722534179688,108.24542999267578,126.22994995117188,53.62100601196289,-21.20527458190918,29.66958999633789,39.72401809692383,26.056045532226562,-2.6926374435424805,23.083709716796875,17.766489028930664,16.056472778320312,-8.569351196289062,16.50433921813965,6.3266682624816895,14.344919204711914,-7.787999153137207,13.173929214477539,5.708873748779297,11.928504943847656,-3.052042007446289,11.252259254455566,0.40756821632385254,9.544677734375,0.9379861354827881,9.855927467346191,2.155049926113888,0.0012974401470273733,0.06943773630288673,0.10301877862162967,0.09815947730704354,0.1410376302460943,0.03625017093936359,0.049007944221984144,0.01359887292852922,38.7302156891089,pop,Sweater Weather.mp3,inicio
123.046875,1716.3871704337466,2245.593893124266,3362.4296678478136,0.03867134590267028,0.2802245318889618,0.4342779517173767,1.0346683263778687,0.8377211093902588,0.08480753004550934,12133.47265625,-103.9764404296875,40.80173873901367,191.06863403320312,26.704328536987305,-32.094078063964844,17.56363296508789,32.037601470947266,18.04261016845703,1.280931830406189,15.434191703796387,12.937811851501465,15.12834644317627,-11.320018768310547,8.596455574035645,5.828348159790039,9.939123153686523,0.4583638608455658,9.961584091186523,1.826484203338623,9.305774688720703,1.913296103477478,8.458234786987305,2.343987464904785,6.7346062660217285,3.5280115604400635,7.506466865539551,2.5944561726549993,6.336870137602091e-05,0.1448840620982916,0.15655450087100634,0.13576719541819132,0.24444495534934793,0.05391525740999141,0.10901893994906693,0.007893572325761782,64.52338994922084,pop,Sweater Weather.mp3,mitad
123.046875,1710.4099916724936,2295.604745959522,3497.420518243276,0.03377473907943111,0.19697357714176178,0.4920593202114105,0.6680024862289429,0.5332568883895874,0.07979782670736313,9364.5390625,-216.67453002929688,175.43344116210938,156.89505004882812,77.251953125,-16.76211166381836,43.1090202331543,19.161806106567383,15.486674308776855,7.738515377044678,18.67319679260254,17.268150329589844,11.226533889770508,-4.051426887512207,13.711901664733887,4.093599796295166,8.22844123840332,5.09781551361084,9.567899703979492,6.868534564971924,9.212989807128906,5.741578102111816,6.142598628997803,1.6129475831985474,6.096445560455322,3.4597227573394775,6.1962809562683105,2.7986169311009026,0.0008673093980178237,0.31308472691617284,0.1579287151937244,0.23195072859837293,0.35032187931471653,0.09769890874364733,0.1293470886920133,0.05382291598547775,50.800621654667246,pop,Sweater Weather.mp3,final
129.19921875,2675.791507761445,3038.295806330619,5664.907411746565,0.059802170508417185,0.12094578891992569,0.4811277985572815,1.0897603034973145,1.1133079528808594,0.08861350268125534,3359.96630859375,-164.1182098388672,96.70169830322266,152.22491455078125,39.35667037963867,-43.994571685791016,25.888734817504883,33.77699279785156,25.50349998474121,1.528009295463562,21.43297576904297,24.268936157226562,26.28131103515625,-16.244586944580078,10.401827812194824,20.19822883605957,10.131607055664062,-8.22774887084961,9.343271255493164,12.633075714111328,7.893957614898682,3.9750912189483643,13.02104377746582,4.14185094833374,7.862824440002441,-3.056295156478882,6.649447917938232,2.0057840434379792,0.006782926619052887,0.07980542930741813,0.10766629125740618,0.09162992226416235,0.10938853568686119,0.03153344430736176,0.03903422679214013,0.01985121444744506,33.20967635226546,pop,take me away __ freaky friday [ sub español ].mp3,inicio
129.19921875,2982.387863214334,3236.434754825019,5980.180505333301,0.07289317222571594,0.16081073880195618,0.44274574518203735,1.0845916271209717,0.8656385540962219,0.08218824863433838,3574.257568359375,-104.43152618408203,50.1088981628418,144.33721923828125,25.0936279296875,-57.850486755371094,18.800859451293945,42.279563903808594,17.24363899230957,-14.095065116882324,12.44212532043457,29.810800552368164,11.164434432983398,-21.0681209564209,9.931092262268066,24.473373413085938,9.510232925415039,-11.059103012084961,9.143630981445312,11.83956527709961,8.870006561279297,1.6723982095718384,8.776102066040039,7.552554607391357,7.251709938049316,-3.5298285484313965,7.08237886428833,2.041780380099809,0.00025935875601135194,0.07570290852986374,0.09555908313686497,0.09692236801695431,0.09668547039121049,0.030346038944759277,0.03279490581323709,0.060875049701393846,24.924741605576205,pop,take me away __ freaky friday [ sub español ].mp3,mitad
129.19921875,3057.758748179836,3208.39161330096,6117.088010805679,0.07756264512383901,0.14473307132720947,0.38349220156669617,0.9951050877571106,0.7476747035980225,0.08623847365379333,3994.30029296875,-142.90167236328125,130.96888732910156,131.86685180664062,40.68901062011719,-51.238094329833984,22.18679428100586,39.469783782958984,21.126541137695312,-13.545492172241211,13.9952392578125,24.59708023071289,14.350157737731934,-26.488277435302734,11.529545783996582,16.709156036376953,13.474044799804688,-12.61739730834961,10.168681144714355,9.892295837402344,10.80179214477539,-0.19680233299732208,8.835500717163086,4.305649757385254,8.518609046936035,-4.387661933898926,7.616732120513916,2.083096897858857,0.04280175641179085,0.10872373396559125,0.11979263819552868,0.12401415994924196,0.1432364684927884,0.03891300382323799,0.05138340098586336,0.023606991392307854,19.08220186713132,pop,take me away __ freaky friday [ sub español ].mp3,final
129.19921875,1468.2836953207175,1953.7539796678532,2847.2244498899477,0.032622440680630804,0.10552265495061874,0.5360350012779236,1.0389211177825928,1.0631564855575562,0.07508662343025208,3702.5244140625,-254.39352416992188,59.168453216552734,175.35775756835938,37.272579193115234,-13.721633911132812,33.80279541015625,26.31113052368164,28.66303253173828,11.48840045928955,16.115400314331055,8.528070449829102,16.062891006469727,6.55350923538208,14.439828872680664,9.173033714294434,13.302312850952148,3.539016008377075,9.147891998291016,2.14067006111145,11.093674659729004,4.75672721862793,11.293634414672852,-0.5221043825149536,7.791532039642334,2.494612216949463,11.51318359375,3.3906134502480123,0.002357647055760026,0.13691293562424256,0.04873243216415607,0.1403472457853539,0.07001220081705449,0.0288095295130868,0.06853090168189031,0.03519513854049625,112.03735459007194,pop,Taylor Swift - Look What You Made Me Do.mp3,inicio
129.19921875,4007.4981784269557,4086.0203097930103,8709.389002182905,0.07530264367260062,0.15157347917556763,0.46206530928611755,1.347037434577942,1.604158639907837,0.09656423330307007,4982.8173828125,-151.6039581298828,73.30137634277344,110.36115264892578,44.55936050415039,-16.916343688964844,29.802824020385742,48.913455963134766,23.1735897064209,-19.91166114807129,17.488126754760742,39.12615203857422,17.11109161376953,-18.955657958984375,14.273026466369629,29.55388069152832,13.981267929077148,-10.212169647216797,11.640294075012207,11.31408405303955,14.479514122009277,-1.2228304147720337,11.274043083190918,2.9517643451690674,13.685982704162598,-1.8148571252822876,9.099385261535645,2.219941296478258,0.0005127851036377251,0.18113827447448366,0.17007286525923584,0.24204891599724057,0.12315362922352995,0.06886428199053904,0.09026845526440958,0.027826984345746816,30.645506965140573,pop,Taylor Swift - Look What You Made Me Do.mp3,mitad
135.99917763157896,2827.4727821990364,2749.6679898172915,5159.360468719766,0.08455107603279799,0.057876165956258774,0.39663881063461304,1.1105918884277344,0.9059116244316101,0.0950600653886795,2516.368896484375,-288.9918212890625,126.23735046386719,136.71035766601562,62.27911376953125,-36.1424560546875,25.35368537902832,2.6568334102630615,28.74180793762207,-22.288793563842773,23.945791244506836,11.81903076171875,19.051897048950195,-7.891862869262695,15.374603271484375,3.013110876083374,12.727280616760254,-3.2882726192474365,11.433537483215332,-1.393856167793274,12.115830421447754,5.733725547790527,10.945975303649902,3.6759634017944336,9.922850608825684,-5.335256576538086,8.498152732849121,0.9420782640938765,0.03659021854400635,0.07276810905733748,0.07679269439674392,0.11924790537294187,0.09603308469809484,0.04138219215442018,0.040037538112075235,0.09547660605941938,12.722503751510025,pop,Taylor Swift - Look What You Made Me Do.mp3,final
117.45383522727273,4114.668752383571,4164.860831969144,8998.65391970419,0.09902226592734133,0.19942939281463623,0.5093884468078613,1.3285363912582397,1.7693735361099243,0.08090195804834366,12252.3876953125,-101.26415252685547,76.48062896728516,116.959716796875,31.680004119873047,-4.267542362213135,30.21304702758789,46.697330474853516,21.693798065185547,-26.887603759765625,17.809162139892578,29.927045822143555,13.637524604797363,-22.283771514892578,14.369505882263184,19.10111427307129,13.343268394470215,-15.078466415405273,12.571887969970703,9.091651916503906,11.14406681060791,-7.746679306030273,8.944809913635254,4.830350399017334,9.20560359954834,-1.9833636283874512,8.231478691101074,1.807532699442545,0.010519317351281643,0.09236292885226027,0.12106477446749277,0.08819683108678553,0.14700660611533167,0.036407203813628435,0.051592979817244616,0.019694372613222818,21.29745741955685,pop,Thriller 2003 Edit.mp3,inicio
117.45383522727273,3904.0244767716244,3999.464839697823,8566.9481968363,0.091927637625774,0.2225264012813568,0.5011199116706848,1.3315773010253906,1.3756227493286133,0.08065420389175415,11822.8203125,-74.57717895507812,52.20765686035156,123.92430877685547,25.6425838470459,-19.205045700073242,24.406997680664062,47.99614334106445,20.143911361694336,-29.847623825073242,15.1309175491333,33.20757293701172,12.048637390136719,-19.542295455932617,14.407873153686523,17.854028701782227,14.438847541809082,-13.705906867980957,12.054903030395508,5.475821018218994,11.668124198913574,-8.879168510437012,9.815231323242188,8.926050186157227,9.250065803527832,-4.165882110595703,8.71712589263916,1.4958035137026306,0.001136306207627058,0.061981322397497964,0.07105999144751744,0.0711683990549312,0.09076652928288309,0.034810829195227155,0.03552822777358666,0.021813064245538118,21.355103604184215,pop,Thriller 2003 Edit.mp3,mitad
117.45383522727273,3238.7657728466884,3325.2928578660435,6812.817137160168,0.08492900269688468,0.1761581003665924,0.5322031378746033,1.1886826753616333,0.9494206309318542,0.07193717360496521,9397.103515625,-110.67536926269531,100.90135955810547,136.16305541992188,28.84052848815918,-49.70804214477539,34.53351593017578,26.951326370239258,26.184795379638672,-27.426645278930664,13.972393035888672,17.76897430419922,21.68352699279785,-12.054607391357422,14.234686851501465,15.315778732299805,13.364201545715332,-8.171130180358887,11.717035293579102,6.122098445892334,12.035257339477539,-5.113547325134277,8.589330673217773,2.3850057125091553,7.516441345214844,1.8602306842803955,7.627336502075195,1.2004846245599279,0.0009520339663140476,0.0513757428552598,0.056064858721324384,0.07588578038114273,0.0627727020968753,0.02802869107199335,0.025596469945929186,0.0802139649118918,17.611159711442678,pop,Thriller 2003 Edit.mp3,final
112.34714673913044,3025.7914931112086,2974.0856365190825,6260.77880859375,0.07561443317047213,0.15198610723018646,0.3922785818576813,1.0716098546981812,1.3508793115615845,0.103434719145298,6990.30029296875,-174.22576904296875,141.07151794433594,112.9569320678711,51.14110565185547,-33.792030334472656,26.367023468017578,39.43161392211914,24.803049087524414,-19.131059646606445,19.781343460083008,21.809682846069336,22.27846336364746,-14.319891929626465,14.863507270812988,12.969881057739258,12.921059608459473,-1.4729030132293701,10.56751823425293,5.770075798034668,9.430975914001465,5.6113176345825195,10.125962257385254,-1.320887565612793,9.026838302612305,-1.481579303741455,9.224679946899414,2.3701449102161143,0.09697340428829193,0.1013414465182218,0.13492534113348376,0.12795899299191732,0.12126179245288597,0.0610478848446918,0.04887780299851898,0.03949148638518362,21.661856105501016,pop,TWICE What is Love_ M_V.mp3,inicio
112.34714673913044,3751.630935961935,3705.4483687902234,8261.800042025445,0.08833582261029412,0.23854610323905945,0.3698321580886841,1.140854835510254,0.9758210778236389,0.08854087442159653,6071.4140625,-56.79325485229492,38.937557220458984,126.5758285522461,16.56214141845703,-48.539302825927734,13.55650520324707,53.70227813720703,13.118478775024414,-34.253665924072266,11.744894027709961,39.65775680541992,9.892953872680664,-20.96694564819336,9.3952054977417,23.03369903564453,7.805376052856445,-11.991642951965332,9.873741149902344,10.96464729309082,8.830533027648926,5.90374755859375,9.560691833496094,0.5287379026412964,8.148481369018555,-2.2575533390045166,7.347301959991455,2.548733422532437,0.0003116104635410011,0.14885896525870304,0.15909987432942824,0.16580485184606575,0.14336216139359234,0.07810544469898821,0.05890408229182975,0.027792411417927185,17.343418363001355,pop,TWICE What is Love_ M_V.mp3,mitad
112.34714673913044,2615.162257662814,2747.2789789664102,5617.2910330096265,0.06039173610439241,0.21044093370437622,0.3155611455440521,0.7836197018623352,1.008960485458374,0.09788863360881805,13835.408203125,-187.3172149658203,222.364501953125,83.62252807617188,57.988670349121094,-25.935211181640625,22.830551147460938,29.609668731689453,28.99715805053711,-19.33472442626953,16.086505889892578,22.466772079467773,21.025222778320312,-8.97658634185791,9.603705406188965,13.145642280578613,13.127523422241211,-9.287368774414062,8.68310832977295,5.758134365081787,10.536935806274414,2.5942299365997314,7.870401859283447,1.9560799598693848,7.009548664093018,-2.62703275680542,5.893163204193115,2.2707419229613772,0.25233006477355957,0.0641452961152017,0.08886282548183679,0.09912141300007293,0.09485012946077288,0.03205555043714017,0.04133294432229229,0.01845854177556513,20.465157922069547,pop,TWICE What is Love_ M_V.mp3,final
105.46875,2740.365412029553,3316.6305474604196,5761.006830646526,0.057325239151993036,0.1533295214176178,0.5276586413383484,0.7705717086791992,1.3294620513916016,0.0946294516324997,9974.1611328125,-250.12351989746094,180.4813995361328,88.06941986083984,59.58072280883789,-1.2811532020568848,27.20568084716797,32.36426544189453,27.4360294342041,-2.182828903198242,19.930801391601562,19.246036529541016,18.986692428588867,-4.21726131439209,16.04056167602539,13.466151237487793,13.511167526245117,-1.9219731092453003,11.084938049316406,7.6157331466674805,9.907219886779785,0.39664122462272644,8.745157241821289,4.834289073944092,10.724312782287598,2.555903911590576,9.108673095703125,3.359421623300325,0.029472684487700462,0.1118395407529186,0.13794476162281763,0.14662463804196016,0.13343656191860695,0.04784202889210595,0.06365337977494845,0.06473338164379483,43.22758174886287,pop,TXT 투모로우바이투게더 _0X1=LOVESONG I Know I Love You feat. Seori_ Official MV.mp3,inicio
105.46875,4097.767023958353,4178.924844918938,9178.211167279413,0.08861000840508901,0.3084719777107239,0.4702814221382141,1.0986030101776123,0.7141715288162231,0.07813984155654907,8881.009765625,-28.07662582397461,28.534255981445312,118.41195678710938,19.222078323364258,-26.837080001831055,12.131555557250977,58.36690902709961,11.366236686706543,-25.028789520263672,10.773566246032715,40.14289855957031,9.682092666625977,-22.0065975189209,8.137579917907715,24.273799896240234,7.722310543060303,-14.828174591064453,7.835071086883545,16.349285125732422,7.71383810043335,-3.8236420154571533,6.491409778594971,11.406756401062012,6.698962211608887,1.6101263761520386,6.701135635375977,2.377025194856487,0.0030025336891412735,0.05589687357747372,0.06593916945838782,0.1214301680024848,0.08481532829120547,0.04324442874352707,0.04395364820444086,0.0684443168869061,23.856328620809588,pop,TXT 투모로우바이투게더 _0X1=LOVESONG I Know I Love You feat. Seori_ Official MV.mp3,mitad
132.51201923076923,2133.7852198286514,2480.2364298367556,4622.872046125193,0.050184125870743036,0.02613508142530918,0.4503937363624573,0.5925127863883972,0.4887024760246277,0.11979333311319351,3689.28076171875,-379.3861083984375,134.2538299560547,67.07264709472656,51.17509460449219,-1.7726197242736816,20.9117431640625,5.057775974273682,14.824777603149414,-3.0595953464508057,10.766849517822266,5.878432273864746,9.227763175964355,-2.219893455505371,8.254755020141602,1.0969319343566895,7.833740711212158,-1.3560621738433838,5.856489181518555,2.516932725906372,4.698980808258057,-0.4190943241119385,4.797370433807373,-0.037251003086566925,6.137243747711182,-0.13086947798728943,4.69879150390625,2.3856727523816565,0.30147290229797363,0.0776466819244808,0.054730421659618604,0.06844136779940073,0.1056736355855786,0.040557666090887234,0.04227599442892727,0.0669820640414433,29.478704330855088,pop,TXT 투모로우바이투게더 _0X1=LOVESONG I Know I Love You feat. Seori_ Official MV.mp3,final
117.45383522727273,2330.097912584823,2470.5514714987767,5053.436109229876,0.06812260394494969,0.04751903563737869,0.44097623229026794,0.9618893265724182,0.8937757015228271,0.09171722829341888,1018.4692993164062,-336.519775390625,67.96807861328125,160.8198699951172,32.64398193359375,-40.3543815612793,36.1850700378418,41.963375091552734,17.776094436645508,-3.2147176265716553,10.09878158569336,12.570531845092773,9.944974899291992,2.427955150604248,9.426488876342773,-11.389654159545898,9.405746459960938,-13.240944862365723,9.481819152832031,-24.119930267333984,9.93642520904541,-1.2134652137756348,8.310977935791016,-2.2365567684173584,7.19168758392334,-5.025907039642334,8.384995460510254,5.554312273055244,0.0045992424711585045,0.15459613119492252,0.22465026961680917,0.08825633561150104,0.20982118971677644,0.056784406849326834,0.1065031147939331,0.034205595902068904,32.05668268971934,pop,Vogue.mp3,inicio
114.84375,4307.211618392541,3987.7170446499354,8963.120801234762,0.0944187412321014,0.2755827009677887,0.552527666091919,1.2808184623718262,1.2926427125930786,0.08555421978235245,12830.4169921875,-77.71101379394531,45.19548034667969,91.75762176513672,24.928857803344727,-28.81564712524414,17.022890090942383,72.67708587646484,14.293675422668457,-19.74799919128418,16.041215896606445,41.8260383605957,13.19908618927002,-7.557592391967773,13.339753150939941,29.58844757080078,10.245682716369629,-6.32969331741333,10.50885009765625,11.109289169311523,9.928764343261719,1.3157484531402588,9.673728942871094,10.73983383178711,7.9288434982299805,0.9855759739875793,9.225685119628906,2.7511535236883704,0.0014237361028790474,0.04297371259693583,0.04340335354797512,0.037264559454615834,0.06805359493339022,0.021131335113006796,0.023402865863400298,0.011969673425812361,26.005620705477085,pop,Vogue.mp3,mitad
114.84375,3988.7988902076418,3667.6303344250373,8097.084371371904,0.09752737700754643,0.2403818666934967,0.5139212608337402,1.1380599737167358,1.1500362157821655,0.08097971975803375,10720.271484375,-89.93904876708984,97.51216125488281,104.26405334472656,30.496074676513672,-41.580448150634766,18.409557342529297,60.39218521118164,22.115501403808594,-20.276870727539062,16.972457885742188,34.005889892578125,16.481361389160156,-5.180306911468506,12.196267127990723,25.349872589111328,13.169693946838379,-6.737525939941406,8.828644752502441,5.627755641937256,11.068172454833984,-2.603106737136841,8.525385856628418,3.5860331058502197,9.792274475097656,1.2879548072814941,9.504186630249023,2.520920989831244,0.0018929779762402177,0.05946714062721161,0.053139253066681394,0.05954985888344567,0.09471196894365219,0.028706386474963503,0.0348034352604163,0.017937185090129867,23.36656766684524,pop,Vogue.mp3,final
92.28515625,2321.6930614146872,2917.1585368976594,4747.287960465847,0.04453601187596749,0.18261085450649261,0.5232229828834534,1.3814986944198608,2.344616413116455,0.09568727016448975,18072.673828125,-200.466064453125,95.63007354736328,131.88356018066406,37.69572448730469,-2.6608150005340576,30.757678985595703,33.746055603027344,20.61079978942871,2.4732725620269775,20.82535171508789,23.493061065673828,12.200268745422363,1.686064600944519,15.937948226928711,10.817541122436523,12.132813453674316,6.452411651611328,10.26203441619873,9.384000778198242,9.884645462036133,3.1752023696899414,8.542754173278809,3.576490879058838,8.746560096740723,1.340140461921692,8.37663459777832,1.8711120298562638,0.0005313056753948331,0.06278375522585825,0.06726738238839526,0.0867269992419826,0.09145509754668774,0.03549708380834611,0.025676185642796643,0.016022237474400125,81.4990311994698,pop,Why_d You Only Call Me When You_re High_.mp3,inicio
92.28515625,2525.5044305457727,3076.447722949115,5210.985156552341,0.054311840895897835,0.21556009352207184,0.4555341899394989,1.232782244682312,1.1974732875823975,0.09492067247629166,15751.2197265625,-123.03926849365234,50.734073638916016,146.7263641357422,28.37420082092285,-23.14990234375,19.4888858795166,33.7262077331543,18.39223861694336,-10.983328819274902,17.190061569213867,22.77513885498047,12.177713394165039,-7.34539794921875,13.833311080932617,13.355951309204102,9.85943603515625,0.3584069311618805,10.43021011352539,5.50595235824585,9.213044166564941,-3.3344075679779053,8.427513122558594,0.8144692778587341,7.900613784790039,1.581208348274231,7.8795857429504395,1.8267018162718003,0.00023187295300886035,0.059140915440741335,0.055708512728278745,0.07692667777484738,0.08251093829677301,0.031324136500175626,0.025558335557339943,0.02287923107684565,55.1280665840762,pop,Why_d You Only Call Me When You_re High_.mp3,mitad
123.046875,2475.239568084271,2950.4111397020038,4980.953214190693,0.05489800515189629,0.27403032779693604,0.43386954069137573,0.9465590119361877,0.6237518787384033,0.08434756100177765,15510.3564453125,-90.3252182006836,116.94123077392578,146.8026123046875,42.179962158203125,-41.603389739990234,17.34964942932129,36.78164291381836,16.319181442260742,-8.660146713256836,11.828450202941895,18.39900016784668,13.937386512756348,-15.917642593383789,9.447399139404297,11.564864158630371,11.333612442016602,-3.580594062805176,7.349411964416504,5.627524375915527,8.502477645874023,-4.710633277893066,6.437158584594727,2.44867205619812,6.239353656768799,3.504420280456543,5.949559688568115,2.114187698652649,0.00027111219242215157,0.08786595180215322,0.09275103237797548,0.11305338350371182,0.07607550881700174,0.035012629804507964,0.04198324277751191,0.020639814215562925,37.91559055216946,pop,Why_d You Only Call Me When You_re High_.mp3,final
90.66611842105263,3656.675045246374,3195.046906085564,7043.282410234859,0.11140163173616487,0.0995858833193779,0.5871143341064453,1.144854187965393,2.1070985794067383,0.06671074032783508,7096.845703125,-217.97169494628906,150.39942932128906,108.6624755859375,62.48118209838867,-41.237342834472656,31.261520385742188,31.568866729736328,24.109634399414062,0.34330177307128906,18.099193572998047,19.51167869567871,15.28469467163086,-8.753747940063477,13.584931373596191,7.953685760498047,10.678067207336426,0.7713499069213867,9.126599311828613,4.032115459442139,8.651718139648438,0.8273024559020996,7.220818042755127,3.035788059234619,6.49647855758667,6.258432388305664,6.511296272277832,1.2933409202735877,0.007169335149228573,0.07819647781179892,0.07884284168121732,0.09217959227325626,0.0991815008945299,0.03672536845611129,0.02723223962840659,0.017168319725732902,23.053763779014428,Rock,AC_DC - Back In Black Lyrics.mp3,inicio
92.28515625,2936.2180665187334,3010.654037868384,5687.548941502999,0.0806714698626161,0.19473561644554138,0.4461711049079895,1.0921778678894043,0.8849532008171082,0.08595417439937592,7433.2412109375,-78.6755599975586,37.971405029296875,145.8129425048828,28.28501319885254,-62.67972946166992,14.244635581970215,34.990234375,15.325217247009277,-7.030246257781982,13.097322463989258,31.240921020507812,11.877907752990723,-29.09405517578125,9.664305686950684,11.106484413146973,9.027913093566895,-8.854201316833496,8.377461433410645,3.6850426197052,8.768132209777832,-6.38491678237915,6.702596664428711,2.1925318241119385,6.278702259063721,5.12685489654541,7.579728603363037,1.7824589795645829,0.0002359202626394108,0.10768613293208684,0.09060413312419681,0.1060349996624827,0.12995837803193452,0.0471918547422068,0.037320118058432224,0.016300374980300833,17.102995421408963,Rock,AC_DC - Back In Black Lyrics.mp3,mitad
92.28515625,3111.9755503808296,3041.337264593102,5914.230904121517,0.08973150578076626,0.1063641682267189,0.38760828971862793,1.0695858001708984,0.8758343458175659,0.08933943510055542,5149.9130859375,-181.04159545898438,117.59674072265625,123.02005004882812,38.191715240478516,-55.49842071533203,19.642866134643555,22.937089920043945,19.21120262145996,2.4026403427124023,15.487303733825684,23.358530044555664,13.850387573242188,-20.441333770751953,11.496352195739746,7.708856105804443,10.109850883483887,-1.9390358924865723,11.518949508666992,3.4554269313812256,8.0260591506958,-1.4154057502746582,8.278318405151367,3.4003918170928955,7.994857311248779,5.321064472198486,9.070192337036133,1.8564042937860195,0.0006014668033458292,0.0939148176874225,0.09544309538434981,0.10851150649688297,0.11510190738650036,0.04231315909305734,0.038849093022824306,0.015234098976714478,15.756901744767658,Rock,AC_DC - Back In Black Lyrics.mp3,final
132.51201923076923,3494.1334515962267,2998.2144192046458,6403.661277936339,0.11005999207865712,0.0529957115650177,0.410612016916275,1.3170300722122192,1.2274060249328613,0.08113864809274673,758.23583984375,-207.61082458496094,80.64766693115234,111.04036712646484,40.4732551574707,-73.2654037475586,18.52463722229004,17.175891876220703,14.36571216583252,-12.062956809997559,22.49919319152832,16.49333953857422,16.975383758544922,-16.448698043823242,12.261168479919434,3.6209335327148438,11.964737892150879,-9.829974174499512,8.65518856048584,7.123237133026123,7.5467987060546875,-8.97409725189209,7.3518571853637695,-1.4176928997039795,8.159725189208984,-3.1959733963012695,7.154975891113281,1.4500215691781133,0.02261735312640667,0.1330258356123434,0.1320399561953582,0.13891941860732704,0.12427573658182127,0.04799473379281782,0.05542088683623093,0.027280252416263077,4.883893627799593,Rock,AC_DC - Thunderstruck.mp3,inicio
132.51201923076923,3151.39188627007,3245.3362777666334,6395.1779959002515,0.07699481031104877,0.23665565252304077,0.4992973804473877,1.1025309562683105,0.9493445754051208,0.07428435981273651,8766.20703125,-63.52834701538086,34.63592529296875,137.74993896484375,23.583864212036133,-62.04767990112305,18.9241943359375,51.14279556274414,17.614784240722656,-8.661857604980469,17.493995666503906,38.93769073486328,11.9940185546875,-19.400218963623047,13.515532493591309,14.960508346557617,10.516875267028809,-12.01717472076416,9.3043794631958,13.812750816345215,8.404726028442383,-5.125277996063232,7.135499000549316,1.476029396057129,9.008975982666016,7.580818176269531,9.0132417678833,1.8615929525495714,0.0006976689910516143,0.08025088988290112,0.07702758748123943,0.13029105987708334,0.08782109128391015,0.03590408746727683,0.03987784859883125,0.03127420970491467,22.89574411065802,Rock,AC_DC - Thunderstruck.mp3,mitad
135.99917763157896,3055.5041294202797,2970.621349584033,6015.971955573965,0.08983430183339783,0.22476550936698914,0.5242305994033813,0.9524248242378235,0.6757938861846924,0.06607281416654587,8347.95703125,-90.94369506835938,125.7298812866211,139.25396728515625,39.47085952758789,-64.8879165649414,15.507131576538086,47.05501174926758,18.7830867767334,-5.574019432067871,28.34090232849121,32.300376892089844,19.70009994506836,-8.06026840209961,16.167953491210938,17.517757415771484,11.959453582763672,-4.022582054138184,8.08233642578125,13.685402870178223,8.90593433380127,-3.00280499458313,6.015162467956543,2.283189058303833,8.675365447998047,6.571110725402832,7.327402591705322,1.892476798086526,0.0028735266532748938,0.10806900420932056,0.23752435825219975,0.2827921555254818,0.10118263852199863,0.11092354104477449,0.05250604645429753,0.04333409821066316,20.773168074320694,Rock,AC_DC - Thunderstruck.mp3,final
156.60511363636363,1613.666094576506,1400.4028104176246,2835.0911899247776,0.0616738523123065,0.047062948346138,0.3542429506778717,0.7712851166725159,0.6801811456680298,0.08100838959217072,146.6846923828125,-312.7037658691406,43.96831512451172,210.0597381591797,23.607898712158203,-76.33724212646484,14.006242752075195,10.753085136413574,12.927772521972656,32.160545349121094,10.2781982421875,-3.9607625007629395,9.682645797729492,7.043818950653076,8.877516746520996,-2.379807233810425,7.568294048309326,-1.520726203918457,9.472615242004395,2.2967135906219482,9.43835163116455,-4.2937092781066895,9.11467456817627,0.33926141262054443,7.667477130889893,2.0867390632629395,7.632511138916016,6.75582633976011,0.007439200766384602,0.18599424790457295,0.18696806623802875,0.21832206948240976,0.22893040207551557,0.11476828239477271,0.08039895010204359,0.018361280633418443,37.170698882538176,Rock,Aerosmith - Dream On Lyrics.mp3,inicio
156.60511363636363,2138.0321669435266,2248.696531216653,4028.292308134191,0.06073791692869582,0.1316497027873993,0.39121705293655396,0.9546594023704529,0.6955438256263733,0.08195827901363373,2464.07666015625,-159.7495574951172,59.45943832397461,179.15170288085938,24.97598648071289,-62.04933166503906,16.7620906829834,34.29703140258789,19.262277603149414,0.8353078961372375,20.83555793762207,17.762727737426758,15.291955947875977,-8.434706687927246,15.217462539672852,5.921529769897461,11.952183723449707,-4.990606784820557,8.53854751586914,0.8341070413589478,7.890896797180176,2.0965006351470947,8.602968215942383,4.733022212982178,7.984120845794678,2.8458938598632812,6.400871753692627,2.6899583527629405,7.243330765049905e-05,0.13868614928403636,0.18473012743932696,0.1996128281484149,0.18018914536570976,0.08982259417052534,0.0739708174229394,0.04221923419713515,28.427324830167727,Rock,Aerosmith - Dream On Lyrics.mp3,mitad
156.60511363636363,2085.0003066065005,2279.2255038967523,4126.916711765915,0.04963046330785604,0.10294653475284576,0.3691262900829315,0.7776542901992798,0.7155914306640625,0.09437683969736099,2657.30615234375,-241.447265625,145.36697387695312,150.54208374023438,63.286170959472656,-42.26262283325195,26.810028076171875,29.999544143676758,17.90835952758789,13.552968978881836,18.77025604248047,11.00278377532959,11.137969017028809,1.2452312707901,13.757643699645996,-0.5062814950942993,9.327919006347656,-5.290658950805664,8.5642728805542,-0.8772547245025635,5.398986339569092,2.3550541400909424,5.162992477416992,0.8707430362701416,4.7649102210998535,2.2917959690093994,4.909202575683594,2.808776827497864,0.03416196629405022,0.07275044075382864,0.13434653325464857,0.1379581451329429,0.1642575745911763,0.06417765952878766,0.07711611976231028,0.02226134766164918,35.466241746625066,Rock,Aerosmith - Dream On Lyrics.mp3,final
84.72079918032787,1147.8668223847544,1671.0770336514615,2253.878037774526,0.021357580604198918,0.15388227999210358,0.5784388184547424,0.9626116156578064,1.6215503215789795,0.08132366091012955,4791.9228515625,-239.65956115722656,98.83016967773438,180.04283142089844,44.72507858276367,-13.125736236572266,34.521202087402344,21.1939754486084,14.522298812866211,27.525959014892578,15.848871231079102,7.810573101043701,12.779054641723633,2.2435009479522705,9.992405891418457,5.561142921447754,11.642579078674316,7.59383487701416,7.961236953735352,5.80186653137207,7.2250800132751465,-1.0105278491973877,7.50812292098999,2.508585214614868,6.559675693511963,6.0826568603515625,6.124074459075928,3.3404358480009715,0.02527787536382675,0.09022530449389883,0.09574851300197235,0.126333998892878,0.10227028621760431,0.043839042281017045,0.051841258514005735,0.02071960248938945,129.87314295778683,Rock,Arctic Monkeys - Do I Wanna Know_ Official Video.mp3,inicio
84.72079918032787,1883.453388399856,2571.4668338115607,3653.1945762988585,0.03674656540247678,0.19137263298034668,0.4884141683578491,1.1341277360916138,1.1854723691940308,0.09791211783885956,5379.1416015625,-180.18771362304688,82.93575286865234,165.23187255859375,34.972999572753906,-15.069574356079102,28.667184829711914,23.85052490234375,23.05561065673828,-1.3138078451156616,21.681194305419922,23.59910774230957,16.193498611450195,-6.4067792892456055,13.374353408813477,15.803176879882812,12.101702690124512,4.089713096618652,10.618160247802734,3.4948697090148926,10.911118507385254,-1.001640796661377,9.782629013061523,5.261250019073486,8.972822189331055,6.338099956512451,8.73553466796875,3.0974941006571424,0.00011476541840238497,0.09189362903186166,0.1100585835376334,0.14771518498084404,0.12118501426593922,0.044281031216191334,0.05786097981911363,0.02138331298554347,80.84061418007215,Rock,Arctic Monkeys - Do I Wanna Know_ Official Video.mp3,mitad
123.046875,2064.9507582405386,2536.3062264184846,4272.399165386755,0.04564503767172988,0.26839470863342285,0.47062718868255615,0.8707360625267029,0.4697968363761902,0.07701203227043152,8005.75244140625,-112.4816665649414,128.9576416015625,170.14479064941406,50.825740814208984,-43.82997512817383,22.016830444335938,40.72079849243164,20.017250061035156,-3.4051151275634766,18.528215408325195,14.020523071289062,11.449397087097168,-14.231600761413574,10.485296249389648,6.134823799133301,10.537642478942871,4.303833961486816,9.054068565368652,4.759711742401123,6.892190933227539,1.2900503873825073,7.193909168243408,-1.6904903650283813,6.231213092803955,4.708634853363037,6.036531448364258,2.521664421283365,0.0004980519879609346,0.11830609830192236,0.1021472925263659,0.1481988226084768,0.11110680955420249,0.041333012845701234,0.06293110389487726,0.038010803186468364,40.73226060677583,Rock,Arctic Monkeys - Do I Wanna Know_ Official Video.mp3,final
135.99917763157896,2735.7567621618227,2683.7425780050226,5410.892281074642,0.06629400578076626,0.2154422253370285,0.5500398874282837,0.9320003986358643,0.6701347827911377,0.08000766485929489,5913.0751953125,-90.09165954589844,63.707359313964844,150.87086486816406,25.29105567932129,-63.70635986328125,19.000041961669922,59.845340728759766,23.06340789794922,-1.3432132005691528,16.54957389831543,19.858001708984375,13.290919303894043,-4.4414472579956055,8.977291107177734,7.396668910980225,10.539475440979004,-3.724780559539795,7.760674953460693,0.7379207015037537,8.713695526123047,2.0340187549591064,5.985090732574463,-5.300426959991455,12.128260612487793,-1.9568579196929932,5.495680809020996,2.8221426978640958,0.003536565462127328,0.2128238869894988,0.10086296748498365,0.11062331271383435,0.17773383249334887,0.06639454972844878,0.0654727321702629,0.026876854048265744,26.16303540575465,Rock,Basement - Covet Official Visualizer.mp3,inicio
139.6748310810811,2654.3937704431632,2941.604021894704,5673.824024495695,0.05621054445626935,0.27080056071281433,0.597743570804596,1.1161093711853027,1.2029610872268677,0.06570076942443848,8915.236328125,-92.82723236083984,76.52254486083984,140.6697998046875,26.321578979492188,-41.75509262084961,14.441641807556152,64.99147033691406,13.279727935791016,2.142890214920044,24.98243522644043,30.728351593017578,10.645588874816895,5.060126304626465,19.48271369934082,13.129141807556152,9.92312240600586,0.49427515268325806,15.538403511047363,13.506342887878418,6.5738325119018555,3.32808256149292,8.469466209411621,5.569042682647705,5.767281532287598,0.46223536133766174,6.540724754333496,3.0460123718268264,0.00041913127643056214,0.14533163514856023,0.07665508959560499,0.09999316873504122,0.12384636186080449,0.05884395446772297,0.03961731232417595,0.03997492648129477,40.07062994644282,Rock,Basement - Covet Official Visualizer.mp3,mitad
139.6748310810811,4307.535863617011,3676.6226389730436,8392.924249135303,0.1280857712122678,0.19815488159656525,0.5844666957855225,0.9201217293739319,0.506583034992218,0.06081787869334221,8550.779296875,-89.77916717529297,111.0451431274414,95.6339340209961,27.18695831298828,-46.2842903137207,22.71236228942871,61.93244552612305,25.273731231689453,-19.888336181640625,16.691856384277344,33.94236373901367,15.9995698928833,-11.84465217590332,8.65499210357666,19.65756607055664,12.914310455322266,-15.737467765808105,8.139880180358887,12.51169204711914,9.598064422607422,-5.511861324310303,7.0752458572387695,7.590500354766846,5.971458435058594,0.06566914916038513,6.3108391761779785,2.391553719919241,0.0008714189752936363,0.1623995104823123,0.0953857469383017,0.09542047836300786,0.15665304072571024,0.05656301033008205,0.05220286495914254,0.022568015525463007,18.15475985276976,Rock,Basement - Covet Official Visualizer.mp3,final
120.18531976744185,1942.302949515711,2654.6626114374512,3922.167949853667,0.050061110741582815,0.06625011563301086,0.42188966274261475,0.7291762232780457,0.8168683052062988,0.07929253578186035,980.978271484375,-259.3542785644531,92.84811401367188,166.8079071044922,36.141231536865234,-13.159636497497559,26.488744735717773,16.73773765563965,20.490478515625,1.8447308540344238,15.312765121459961,18.601604461669922,15.298583984375,-9.341879844665527,18.308828353881836,7.563260555267334,14.245269775390625,-7.0962653160095215,9.307169914245605,-7.838298797607422,8.8213529586792,-6.650106430053711,8.908021926879883,0.20789244771003723,6.960434913635254,2.6295835971832275,8.518091201782227,4.374896582530836,0.004028818570077419,0.16069695796021788,0.224520740613244,0.27812003209733316,0.26451483183192487,0.11545761054397478,0.11254419389720226,0.0492682451943683,54.63044556395735,Rock,Billy Joel - Piano Man Lyrics.mp3,inicio
172.265625,1730.6161314342323,2342.733364785574,3455.0707743263833,0.03775657441224845,0.17225760221481323,0.4342537820339203,0.9673681259155273,0.7579350471496582,0.08450645208358765,3235.190185546875,-157.69259643554688,55.694034576416016,187.9427490234375,25.259782791137695,-29.296382904052734,20.503097534179688,34.517982482910156,16.000028610229492,-6.871309757232666,17.942495346069336,22.060279846191406,15.069162368774414,-7.443886756896973,13.701635360717773,10.65583610534668,12.284358978271484,0.5293478965759277,9.284844398498535,-3.2202413082122803,9.917099952697754,0.08416223526000977,7.887922763824463,1.0097023248672485,7.865854263305664,4.739969730377197,7.173863410949707,2.9909728137877396,4.495191024034284e-05,0.1181287833089598,0.20481171893103534,0.24660662224754754,0.1920488830268626,0.07856631385398767,0.08225168028972793,0.03135137287670005,64.62913519674629,Rock,Billy Joel - Piano Man Lyrics.mp3,mitad
120.18531976744185,2083.0579132360967,2741.688930445385,4412.889982524671,0.043236888968169504,0.1205625981092453,0.5318341851234436,0.6803692579269409,0.615761935710907,0.07200924307107925,3297.0146484375,-230.71456909179688,154.64930725097656,154.89401245117188,60.066410064697266,-24.384668350219727,26.0771427154541,30.214824676513672,16.520984649658203,4.559942245483398,20.283166885375977,20.271629333496094,16.61522674560547,-1.2774102687835693,17.200511932373047,11.512412071228027,12.468618392944336,-3.7124009132385254,7.492035388946533,-1.4799439907073975,7.407035827636719,-0.17464256286621094,7.459639072418213,-0.2660143971443176,5.899588584899902,3.6056623458862305,6.641105651855469,3.0134932580818714,0.001413726364262402,0.10814965093050685,0.21537355787152213,0.19034295624546876,0.2323605031262868,0.06555358006382282,0.09845582180959511,0.05622730809486196,52.81689088118426,Rock,Billy Joel - Piano Man Lyrics.mp3,final
161.4990234375,2498.0095593053284,2837.2732475172857,5118.427382903203,0.04978087812016254,0.12041911482810974,0.5179686546325684,1.0035512447357178,0.8887665867805481,0.07333869487047195,2418.283203125,-171.81765747070312,56.57049560546875,148.39886474609375,21.353954315185547,-48.08440399169922,18.843446731567383,58.750083923339844,17.500099182128906,5.353481292724609,14.406556129455566,23.391830444335938,17.12807846069336,-11.820858001708984,8.913267135620117,6.326385974884033,13.315445899963379,-4.623399257659912,7.1885199546813965,3.0596165657043457,11.311371803283691,1.9783308506011963,7.523568153381348,3.822836399078369,6.38692045211792,2.00390887260437,6.266723155975342,2.9436604024498725,0.0009398356196470559,0.08843805571716377,0.06872104434169198,0.07362644648970579,0.12644537571799772,0.03591565932577254,0.03867601755244572,0.053176832224221406,42.65729208871191,Rock,Black Sabbath - Paranoid Official Audio.mp3,inicio
161.4990234375,2339.2518079377496,2867.473717664971,4898.178714716767,0.042306055594523995,0.1405261904001236,0.5084922909736633,1.0291270017623901,0.6866963505744934,0.06457383930683136,2183.084716796875,-144.5420379638672,31.168628692626953,159.73533630371094,18.905359268188477,-43.324920654296875,14.145156860351562,55.97650146484375,13.434552192687988,-2.099569797515869,12.376729965209961,26.158992767333984,9.844072341918945,-14.733321189880371,8.192400932312012,11.806943893432617,7.597059726715088,-4.392595291137695,6.563555717468262,8.961310386657715,7.244865894317627,3.394068717956543,6.895201683044434,5.980309963226318,6.482422351837158,4.148171901702881,5.351876735687256,2.8433856991371083,0.00011505051952553913,0.054035686689440726,0.051018573208481514,0.04869006978050985,0.09773466994121989,0.0289531911189201,0.027455919156360104,0.0378578967747645,46.54234202573259,Rock,Black Sabbath - Paranoid Official Audio.mp3,mitad
161.4990234375,3116.870677510448,3163.2689351374297,6162.462736430921,0.07022557686726007,0.12073123455047607,0.5672357082366943,0.9794145226478577,0.996964693069458,0.06787355989217758,2482.813232421875,-209.27012634277344,129.40060424804688,134.91278076171875,48.49092483520508,-34.458187103271484,21.66240692138672,57.07064437866211,22.0262451171875,3.630232810974121,15.726189613342285,26.257139205932617,13.020602226257324,-8.563858985900879,9.267645835876465,10.89267635345459,8.867011070251465,-2.2040157318115234,7.626252174377441,7.1148505210876465,6.977926254272461,4.005521774291992,6.796713829040527,4.367149829864502,5.997018814086914,3.854041337966919,5.143608570098877,3.096654192891236,0.019754691049456596,0.062010366007286065,0.05002469500943944,0.0485151667151818,0.10441162870513766,0.02996317777061434,0.03352143213043323,0.02147212156631049,51.12659029220123,Rock,Black Sabbath - Paranoid Official Audio.mp3,final
129.19921875,2071.2799995935484,2151.4722391607843,4322.440529460139,0.05139953802244582,0.1200409084558487,0.47931885719299316,1.0532844066619873,1.6469337940216064,0.09523553401231766,5298.5400390625,-218.949951171875,154.67942810058594,138.794921875,52.5030517578125,-44.71452713012695,37.60268020629883,49.558780670166016,25.372304916381836,2.0593888759613037,14.795784950256348,10.950148582458496,17.69723129272461,1.7491545677185059,11.330138206481934,-0.6914450526237488,9.960545539855957,7.2143964767456055,7.750092029571533,-4.293335914611816,7.05573844909668,-1.618381381034851,8.700542449951172,-6.642261981964111,7.21067476272583,0.17622682452201843,9.790635108947754,2.0927847782134474,0.09872723370790482,0.09267459302659896,0.09917058632057828,0.09999148343102597,0.10442177751912432,0.04422274391085288,0.038052288209273775,0.015507689731909255,28.47846867352915,Rock,Blur - Song 2 with lyrics.mp3,inicio
129.19921875,2586.7164314473766,2550.687566015488,5180.027010418682,0.07156192555147059,0.22295840084552765,0.506732702255249,0.9819868803024292,0.5218085050582886,0.07383424788713455,5475.33203125,-82.72708129882812,53.67851257324219,167.62013244628906,15.187760353088379,-74.95602416992188,15.004860877990723,68.5064468383789,14.065884590148926,-10.576848030090332,12.141620635986328,24.441844940185547,13.947848320007324,-8.1554594039917,8.962321281433105,1.8236186504364014,8.531805038452148,10.834609031677246,6.813687324523926,-4.466944217681885,5.943645477294922,5.050596714019775,7.603196144104004,-9.692683219909668,6.961129188537598,7.76806640625,8.315488815307617,2.0778463824247155,2.0758177925017662e-05,0.0876373313312248,0.1096372679275984,0.11584585966570043,0.10922470575051804,0.04725321481967218,0.035873629980914035,0.028834688131980073,25.935804058204976,Rock,Blur - Song 2 with lyrics.mp3,mitad
129.19921875,2630.5314487308106,2577.393029259595,5193.5185955035795,0.0765027497944079,0.22856199741363525,0.5420410633087158,0.9145140051841736,0.32570943236351013,0.06474968045949936,5333.9541015625,-88.66203308105469,107.84153747558594,164.59825134277344,36.901336669921875,-77.42623138427734,23.461267471313477,67.77884674072266,17.478622436523438,-10.746992111206055,12.568020820617676,26.462303161621094,10.788918495178223,-9.555842399597168,8.44267749786377,1.3613638877868652,7.510034561157227,10.664508819580078,6.423670768737793,-4.4826178550720215,5.377192974090576,6.519504070281982,5.386022567749023,-9.863999366760254,7.094492435455322,7.556924819946289,7.239385604858398,1.9432642130034616,0.0002107413747580722,0.07206243499931991,0.09595057481628208,0.10057330988803861,0.0858800985390371,0.04289437739663081,0.03115962315489016,0.042961970287987275,23.767747421278763,Rock,Blur - Song 2 with lyrics.mp3,final
126.04801829268293,2693.2489682884416,2542.958341054977,5007.903051228715,0.08273362670520511,0.11708815395832062,0.4294021725654602,0.9341042637825012,0.4495870769023895,0.07802814990282059,2944.611083984375,-149.29888916015625,115.17365264892578,142.50027465820312,39.359962463378906,-72.79623413085938,21.38397216796875,19.344215393066406,29.39826774597168,-20.16815185546875,13.907939910888672,4.6331377029418945,17.92011260986328,-8.519906044006348,11.463322639465332,7.058722019195557,8.679612159729004,-1.6801942586898804,7.6969218254089355,2.4515764713287354,6.190539836883545,0.7647140026092529,7.273270130157471,3.481334924697876,6.6326775550842285,2.8222434520721436,6.377289772033691,1.845174943552385,0.036085668951272964,0.1243239931865476,0.13592960001725235,0.1290422592886489,0.14586935342287596,0.04570505707026018,0.04564038247672757,0.03696316929200564,15.33092547799328,Rock,Bon Jovi - You Give Love A Bad Name.mp3,inicio
123.046875,3094.9922094500243,3095.7022531588905,6042.221796844766,0.08907580301857586,0.14737771451473236,0.4920690953731537,1.0229405164718628,0.5591832399368286,0.07601024955511093,2206.799072265625,-82.89912414550781,24.87294578552246,152.27078247070312,18.029680252075195,-64.70479583740234,11.555391311645508,45.80934143066406,13.099289894104004,-25.859773635864258,12.843849182128906,23.51764488220215,10.776565551757812,-17.94167709350586,8.223116874694824,22.333513259887695,8.091842651367188,-9.31229305267334,7.26252555847168,10.760993957519531,6.127166748046875,-5.097919464111328,6.654804229736328,8.09813404083252,7.101244926452637,2.20432448387146,5.839758396148682,1.5826941582321175,0.00031505426159128547,0.08123179289903205,0.0772331002809129,0.12980676586996082,0.11552825285094212,0.03900175020512342,0.045860798494405136,0.023046265050438334,16.17954365608338,Rock,Bon Jovi - You Give Love A Bad Name.mp3,mitad
126.04801829268293,3248.2867721670195,3000.5352191972493,6311.61183454673,0.10184027609810371,0.10054101049900055,0.49939867854118347,0.9329312443733215,0.5550068616867065,0.072504922747612,2461.23876953125,-165.7440948486328,146.79713439941406,136.75430297851562,37.00098419189453,-69.08519744873047,27.404380798339844,36.4583625793457,25.6313533782959,-26.118648529052734,12.963203430175781,15.288161277770996,16.036884307861328,-14.129020690917969,10.069879531860352,12.976849555969238,8.354303359985352,-5.6580281257629395,6.81265115737915,7.880256175994873,5.931072235107422,-3.3137712478637695,6.551926136016846,5.992520332336426,6.413094520568848,2.0690369606018066,5.37941837310791,1.563020574155758,0.023581793531775475,0.07300133323487734,0.07855400308331506,0.0833358418050172,0.09516204164798235,0.027316287715946987,0.033635309276427085,0.040377065853329196,11.698858441118343,Rock,Bon Jovi - You Give Love A Bad Name.mp3,final
147.65625,2826.136755319935,3001.4564855672697,5961.013954564145,0.06662809295181889,0.2243162989616394,0.5327016711235046,1.046203851699829,0.7432420253753662,0.06819570809602737,9651.7744140625,-92.0969467163086,59.2641487121582,145.55369567871094,24.70005226135254,-46.944889068603516,21.340478897094727,68.92512512207031,17.737918853759766,-12.413944244384766,13.221150398254395,31.84101104736328,11.757403373718262,-6.639566898345947,10.22689151763916,9.484721183776855,8.921936988830566,3.330230474472046,7.995502948760986,7.380354404449463,7.546690464019775,1.320063829421997,7.634335517883301,2.26779842376709,7.011018753051758,3.9519166946411133,6.929635047912598,2.1335099324628004,0.00601887097582221,0.09932625130273408,0.06929746272031309,0.12262033351433893,0.10685952637240467,0.04480568374483263,0.04210267026224426,0.046463446913837914,34.73785404386749,Rock,Bruce Springsteen - Born To Run Lyrics.mp3,inicio
147.65625,2795.0168975639417,2898.0737294278556,5731.8486736285795,0.07198029036861456,0.22615504264831543,0.5021240711212158,0.9666058421134949,0.4791342616081238,0.07079403847455978,7622.34814453125,-72.60215759277344,31.554101943969727,151.8057403564453,18.70431137084961,-58.255062103271484,15.488377571105957,62.66368865966797,12.331380844116211,-14.965407371520996,10.56698989868164,32.3931884765625,9.307207107543945,-6.086660385131836,8.047890663146973,11.437538146972656,7.913138389587402,-1.1850157976150513,7.1564860343933105,4.20836877822876,7.895468235015869,0.4749581515789032,7.477190017700195,-0.984952449798584,7.528285980224609,5.478503704071045,6.667045593261719,2.36627696196621,0.00013576152559835464,0.13328624577882395,0.17597785020445206,0.1676403119712877,0.16830733811424325,0.06139130802531617,0.05806109603076565,0.05854516847225904,28.711471259968985,Rock,Bruce Springsteen - Born To Run Lyrics.mp3,mitad
147.65625,3519.3068272568566,3245.581017079467,6987.76607926785,0.09261414141108747,0.22336776554584503,0.5067110061645508,0.8322175741195679,0.4435362219810486,0.07415714859962463,9145.865234375,-107.32079315185547,159.63462829589844,124.02647399902344,41.397674560546875,-58.273860931396484,25.743623733520508,62.04045486450195,23.204404830932617,-14.35344123840332,20.43744468688965,25.875986099243164,10.631690979003906,-11.474869728088379,12.96649169921875,14.514016151428223,7.239515781402588,-1.2193820476531982,6.7093586921691895,3.650836944580078,6.491937637329102,0.9853555560112,8.988507270812988,-0.04878060147166252,7.518154144287109,4.867325782775879,6.32936954498291,2.335860992859744,0.002668811473995447,0.14991920463574884,0.10440889512035406,0.10983731809233034,0.17156408513323126,0.06842530681960232,0.05521571361657235,0.058552463579545834,16.659388892886962,Rock,Bruce Springsteen - Born To Run Lyrics.mp3,final
172.265625,2510.9161339592533,2508.8568860873233,4808.945920961929,0.070382227469524,0.24751144647598267,0.3889482021331787,1.087735891342163,0.9453105330467224,0.08583531528711319,8201.751953125,-95.765625,71.31461334228516,166.52609252929688,28.11739730834961,-68.28166961669922,26.224449157714844,38.68613052368164,27.148191452026367,-24.241287231445312,13.6754732131958,13.356841087341309,11.897173881530762,-19.40005111694336,8.171597480773926,2.511326789855957,6.79517126083374,13.23444938659668,7.324956893920898,-1.6925982236862183,7.695342063903809,13.718113899230957,7.775085926055908,-9.015037536621094,7.0353593826293945,11.290247917175293,7.685844898223877,2.5014913234107583,0.00682856934145093,0.12549150256491026,0.11674372987833305,0.18060389025449655,0.12393529068583646,0.05999647205376826,0.04221277559121536,0.05713233179656627,18.123222595221083,Rock,Chuck Berry - Johnny B. Goode _ Lyrics.mp3,inicio
166.70866935483872,2455.4838371230126,2493.049014930831,4664.405128313661,0.06849599548906733,0.2773016691207886,0.383475124835968,1.056519865989685,0.7273361682891846,0.08751897513866425,9515.9599609375,-67.84093475341797,33.50934982299805,172.95712280273438,11.762807846069336,-73.27220153808594,18.628435134887695,43.98637390136719,17.107616424560547,-21.733417510986328,11.741333961486816,18.589540481567383,9.70055866241455,-15.799030303955078,8.392070770263672,3.775815486907959,6.952938556671143,11.716765403747559,6.58405065536499,-4.639822959899902,7.122845649719238,11.76102066040039,6.990917205810547,-12.297884941101074,6.909412384033203,9.766816139221191,8.424391746520996,2.3073813445216635,2.4510933144483715e-05,0.07686012734799201,0.07935882133616701,0.14656829545027408,0.09543501825566682,0.05102585787364121,0.03902066916823558,0.036706057783588625,18.230838702127535,Rock,Chuck Berry - Johnny B. Goode _ Lyrics.mp3,mitad
166.70866935483872,3024.7370951131034,2985.7326557983474,5991.272104930583,0.0903703908064048,0.24379467964172363,0.4107099771499634,0.9379973411560059,0.6880012154579163,0.08624229580163956,10289.140625,-110.70244598388672,135.9368896484375,154.1787872314453,45.36592102050781,-56.57558059692383,33.294273376464844,45.79212188720703,22.382076263427734,-25.47734832763672,14.068635940551758,19.834278106689453,10.795666694641113,-15.502665519714355,9.701093673706055,4.809070110321045,7.697958946228027,9.911016464233398,6.975491046905518,-6.472391128540039,7.3159027099609375,9.674567222595215,8.519996643066406,-11.851408004760742,7.570490837097168,13.012155532836914,7.793017387390137,2.118859206402081,0.007683130446821451,0.09229793452111136,0.08412518394403505,0.15029662289831336,0.10254679717938482,0.05557379216317858,0.042923043782693106,0.009701411631695436,18.702839747108044,Rock,Chuck Berry - Johnny B. Goode _ Lyrics.mp3,final
147.65625,2729.0390851099414,3401.8780639922716,6210.362446787925,0.04827672999709752,0.14227037131786346,0.5150895714759827,1.19276762008667,1.5940039157867432,0.08230586349964142,3503.33837890625,-178.54055786132812,88.4565200805664,136.58567810058594,40.061161041259766,-13.8795166015625,18.667648315429688,52.18388366699219,17.54850196838379,6.504743576049805,19.109167098999023,26.598106384277344,16.7708683013916,-12.52898120880127,11.323596000671387,21.5125675201416,10.75240421295166,-4.332630634307861,9.960151672363281,9.91097640991211,8.85234546661377,-1.7201144695281982,9.500373840332031,4.3448805809021,7.442388534545898,-1.226828932762146,7.621521472930908,2.6410625071147775,0.017274921759963036,0.13193372954201057,0.09397205093800524,0.10454305589874514,0.13883324537347352,0.049077049209776444,0.05049805488921291,0.023289621139617585,56.060285087175025,Rock,Dire Straits - Sultans Of Swing Official Music Video.mp3,inicio
147.65625,3057.3579479382734,3617.257572377805,6909.541552280863,0.056839792351973686,0.14112643897533417,0.5475490093231201,1.2115168571472168,1.3827345371246338,0.07248326390981674,3315.86181640625,-155.53904724121094,51.02155303955078,135.67855834960938,30.70195960998535,-20.964557647705078,19.090429306030273,59.214603424072266,15.156987190246582,0.22571079432964325,16.701013565063477,34.215606689453125,16.141977310180664,-18.699705123901367,10.525790214538574,23.091184616088867,10.919974327087402,-4.915439605712891,11.661375999450684,12.176407814025879,10.718267440795898,-0.6947556138038635,11.371220588684082,5.151159286499023,8.498737335205078,-1.064906120300293,7.971648216247559,2.314655263955268,0.0003049385268241167,0.12969347472245144,0.11547737752143689,0.11710823727527948,0.13986627498562734,0.04897285048576961,0.05265449553012433,0.060339545568418106,45.42721953071875,Rock,Dire Straits - Sultans Of Swing Official Music Video.mp3,mitad
147.65625,3011.107258766632,3566.6460148953133,6800.192213501355,0.05870693903589396,0.11885427683591843,0.568314254283905,1.1171294450759888,1.282711148262024,0.06641501188278198,3054.841796875,-185.64732360839844,94.33332061767578,129.3292999267578,31.70541763305664,-17.48528289794922,19.970808029174805,58.736358642578125,17.71497344970703,3.1588008403778076,16.29014778137207,26.724140167236328,14.018013000488281,-15.924798965454102,11.199106216430664,21.32832145690918,9.521763801574707,-2.720168352127075,10.68521785736084,10.304186820983887,9.676027297973633,3.7099201679229736,11.34888744354248,4.6186089515686035,8.29574203491211,-0.20115317404270172,7.22845983505249,2.502029045464989,0.0005483768181875348,0.10630753707528512,0.10004772128225722,0.06793496612948964,0.1854814737695926,0.03921864829732033,0.052301909911775385,0.04264071151161381,45.799171353845445,Rock,Dire Straits - Sultans Of Swing Official Music Video.mp3,final
161.4990234375,1706.9927317614563,2265.6205007156836,3754.4439640576625,0.03354118040102554,0.07469445466995239,0.3434826731681824,0.8371553421020508,0.9025506973266602,0.10271093249320984,586.6571044921875,-331.2129211425781,94.71743774414062,160.17849731445312,36.634925842285156,24.4912109375,36.748443603515625,33.275306701660156,31.311800003051758,-16.02672004699707,14.900472640991211,20.739566802978516,22.91619873046875,-5.573278903961182,12.681792259216309,-2.1037778854370117,17.384233474731445,-3.619762420654297,12.711775779724121,-12.094330787658691,11.828279495239258,-2.3862600326538086,10.719715118408203,-8.075089454650879,8.769161224365234,-11.987909317016602,9.819146156311035,7.170679446110108,0.001792661496438086,0.28024187007599644,0.1918230453200432,0.27696028871631506,0.28668325421841456,0.10798726443158715,0.13198419488758364,0.07588359667914156,72.08123294381784,Rock,Disturbed - The Sound Of Silence Lyrics.mp3,inicio
112.34714673913044,2049.265332916956,2622.1411072188894,4043.083885358214,0.046454367622871515,0.17477411031723022,0.40600648522377014,0.9097029566764832,0.41773730516433716,0.07831572741270065,1844.5433349609375,-135.4487762451172,29.501108169555664,181.89071655273438,21.427316665649414,-39.47856521606445,10.86558723449707,40.08781433105469,12.837912559509277,-12.917208671569824,14.942426681518555,23.769760131835938,10.933708190917969,-11.437115669250488,8.960603713989258,15.242732048034668,11.249951362609863,-9.824599266052246,11.9611177444458,2.3678817749023438,9.337190628051758,2.9687201976776123,8.33896255493164,-5.141782760620117,7.931118011474609,1.848658561706543,8.77853012084961,3.7823154436307704,5.174694524612278e-05,0.19348808356168545,0.18111045364353154,0.1660425448026094,0.31255220164042846,0.08266133267456506,0.09389703946480377,0.04564531214299787,51.4190749082003,Rock,Disturbed - The Sound Of Silence Lyrics.mp3,mitad
117.45383522727273,1675.1539824918862,2326.986269383018,3390.5544977808145,0.03170748022687694,0.14839790761470795,0.39161229133605957,0.7562079429626465,0.568792462348938,0.10088519006967545,3232.836181640625,-249.56671142578125,131.95196533203125,150.30442810058594,59.9827995300293,-1.4887714385986328,31.162826538085938,28.64594078063965,23.187301635742188,-1.816765308380127,20.55724334716797,8.015684127807617,14.635171890258789,-0.35642683506011963,12.384222030639648,1.8144482374191284,10.994393348693848,1.813936471939087,7.806497573852539,-2.3858487606048584,7.27903938293457,-2.4045844078063965,8.43608283996582,-0.9989416003227234,8.755364418029785,-1.8189176321029663,8.135838508605957,5.685216439085884,0.0010813729604706168,0.18109325701309179,0.16417175127158135,0.18777205550991613,0.38714822469737165,0.06499811341016268,0.14430747616686804,0.030011062766207602,87.96767281729882,Rock,Disturbed - The Sound Of Silence Lyrics.mp3,final
99.38401442307692,2204.722016336294,2836.1245910020125,4564.572398655186,0.047985915429082815,0.03495088964700699,0.46412286162376404,0.8928240537643433,1.1871414184570312,0.07677830755710602,140.68081665039062,-331.166259765625,69.118408203125,140.6708221435547,30.530027389526367,-26.43010139465332,16.994184494018555,36.68558883666992,16.939571380615234,4.190412521362305,15.664977073669434,22.52699851989746,13.705985069274902,-4.773798942565918,13.426722526550293,18.797636032104492,11.160496711730957,4.1286396980285645,11.632612228393555,12.721268653869629,12.410381317138672,7.180951118469238,9.4186429977417,4.73798131942749,8.598584175109863,4.396510601043701,9.628974914550781,8.749598323081447,0.011493699625134468,0.2450560498960121,0.3285460240143701,0.34112964301852505,0.37512666815988815,0.15400039197235052,0.15575627202678696,0.07746723943284434,73.24143185414836,Rock,Eagles - Hotel California _ Lyric Video _ Lirik Indonesia _ Indo Subtitle _ Lirik Terjemahan.mp3,inicio
147.65625,2913.071066331297,3283.0475500387324,6031.771860034104,0.06936239236648607,0.15087418258190155,0.4054162800312042,1.1002343893051147,1.0250540971755981,0.08930674195289612,5797.96044921875,-141.44564819335938,79.86109161376953,139.507568359375,30.275020599365234,-34.4513053894043,20.95891761779785,37.99040985107422,16.79473304748535,-7.584437847137451,15.53842544555664,32.42404556274414,14.217836380004883,-15.173323631286621,14.075393676757812,14.695940971374512,11.575166702270508,-9.35520076751709,10.611358642578125,10.158117294311523,9.991549491882324,-2.087139368057251,8.861498832702637,1.2699902057647705,8.054211616516113,0.7655975222587585,9.407463073730469,2.6498328625826613,0.000546407769434154,0.13862594438996842,0.2182999221220405,0.19395373112038494,0.20723447764310673,0.07658901858980845,0.09514284844927805,0.012022763220143933,30.54221038489967,Rock,Eagles - Hotel California _ Lyric Video _ Lirik Indonesia _ Indo Subtitle _ Lirik Terjemahan.mp3,mitad
147.65625,2786.756788202335,2908.8028698571115,5346.4676706414475,0.07918565118275929,0.09126079082489014,0.4470486342906952,0.9206773638725281,0.9109534025192261,0.0781596451997757,4025.332275390625,-230.3380584716797,130.96348571777344,118.61121368408203,44.017616271972656,-41.0692138671875,24.508134841918945,18.611618041992188,17.25946617126465,19.49176788330078,16.801843643188477,24.847923278808594,15.246631622314453,-4.204642295837402,10.853743553161621,8.657228469848633,10.414929389953613,-5.650528907775879,9.315210342407227,2.874798536300659,9.578572273254395,2.431565761566162,7.828441143035889,3.332408905029297,7.485740661621094,3.013453483581543,7.317242622375488,3.4420250583652323,0.002370040165260434,0.13002191698025117,0.11561630175141466,0.15388611621894702,0.21100636697521452,0.05795126701512487,0.061447251891612174,0.026536337558050883,30.29229384315612,Rock,Eagles - Hotel California _ Lyric Video _ Lirik Indonesia _ Indo Subtitle _ Lirik Terjemahan.mp3,final
123.046875,2101.0761271230967,2704.1067307017975,4714.546491782363,0.032597497520801086,0.09680259227752686,0.5493741035461426,0.9913620352745056,1.3780137300491333,0.0857791155576706,3562.752685546875,-247.00909423828125,74.23611450195312,139.3421630859375,30.8172550201416,-17.44877815246582,26.428932189941406,47.318031311035156,22.355731964111328,18.965375900268555,18.386064529418945,21.48320770263672,13.540505409240723,8.831338882446289,13.392335891723633,15.392599105834961,12.397310256958008,3.837287425994873,12.534589767456055,8.244081497192383,7.506009101867676,1.748160481452942,7.251458644866943,-3.1235384941101074,7.1108222007751465,-5.597956657409668,8.981522560119629,4.608740515353957,0.0005513791111297905,0.2315669373804106,0.13312938867808877,0.17679560481425116,0.17079551516387803,0.08396660403100975,0.10107124742822872,0.046242001198089105,72.38987447890841,Rock,Enter Sandman Remastered.mp3,inicio
126.04801829268293,4045.6901147994863,3864.8280120128125,8697.16407610536,0.10353546614986456,0.18970918655395508,0.533263087272644,1.027428388595581,0.662601888179779,0.06660137325525284,3442.74755859375,-62.81490707397461,27.827211380004883,115.3541030883789,13.488768577575684,-51.994483947753906,10.03481388092041,66.64159393310547,10.057126998901367,-13.56222152709961,10.946375846862793,42.81394577026367,9.307191848754883,-24.50777244567871,9.655402183532715,32.533851623535156,11.041468620300293,-14.115973472595215,7.707785606384277,16.287879943847656,7.721332550048828,-2.28709077835083,7.284356594085693,8.212430953979492,6.120368480682373,0.4756618142127991,6.045037746429443,2.099048667856979,0.0005329613923095167,0.08449283115698392,0.1114583790900379,0.09919848844123942,0.12481912603119565,0.03278190906215122,0.05084035759264361,0.025470249824398817,19.523039577055542,Rock,Enter Sandman Remastered.mp3,mitad
123.046875,2978.154828745261,3294.6201578522773,6337.120013635594,0.059282332381965945,0.06800747662782669,0.6322922110557556,0.9568092226982117,1.0986250638961792,0.057751793414354324,2821.390380859375,-288.5821533203125,142.3125,106.8096694946289,42.843177795410156,-14.838144302368164,25.394136428833008,51.411415100097656,25.279672622680664,10.243012428283691,17.56865692138672,25.12070655822754,14.081417083740234,4.488525390625,11.145622253417969,15.588008880615234,8.701085090637207,5.360729694366455,8.658977508544922,4.754374027252197,6.251534461975098,6.05487060546875,6.423750400543213,1.0248132944107056,5.2062482833862305,0.09030010551214218,5.053426265716553,2.5270681288442614,0.016755346208810806,0.06750574331938416,0.04635012047880614,0.05284989689820956,0.06402605975434679,0.030837469996848648,0.025440153867248197,0.023346197066697567,44.74135885429879,Rock,Enter Sandman Remastered.mp3,final
156.60511363636363,1579.0861115626067,2174.6988551312797,2907.3240864756676,0.033467295738196595,0.13714680075645447,0.5204658508300781,0.8902944922447205,0.7401502132415771,0.07439903914928436,6761.54443359375,-207.36351013183594,136.546875,163.1986541748047,28.409311294555664,-1.5447646379470825,55.66542053222656,25.458736419677734,18.57522964477539,2.6827807426452637,12.212532997131348,12.952768325805664,12.45832347869873,-8.831803321838379,10.878613471984863,8.549076080322266,9.795144081115723,-3.379667282104492,6.538143634796143,4.549719333648682,6.960046291351318,2.0551114082336426,5.547683238983154,1.9740997552871704,6.266173362731934,1.5042911767959595,6.396411418914795,2.702148688121954,0.006355998571962118,0.09142420814571231,0.23213118663030616,0.19621712958402418,0.12756350747792747,0.07230607569134452,0.04023663626547537,0.020482110963102304,48.56169769446819,Rock,Foo Fighters - Everlong Lyrics.mp3,inicio
156.60511363636363,2522.3267806605163,2996.280570948381,5018.594653244727,0.0524418597619969,0.2345678061246872,0.5521355271339417,1.0482487678527832,0.600391685962677,0.06779496371746063,7331.10888671875,-71.47686767578125,23.743288040161133,158.4867401123047,14.213266372680664,-49.98286819458008,12.853715896606445,44.72434997558594,12.869709968566895,-5.387811660766602,11.836256980895996,31.042095184326172,8.175996780395508,-17.807626724243164,7.765544891357422,18.757816314697266,7.8258867263793945,-5.056695938110352,6.886918544769287,11.397536277770996,6.450254917144775,2.5652916431427,6.212998867034912,7.244021415710449,6.026046276092529,6.303410530090332,6.181803226470947,2.4525593153640357,0.0001199145772261545,0.06461378184060072,0.14973227893527086,0.1426658969015374,0.08005633080820378,0.05896676168788208,0.03298452584639288,0.011376842065055596,38.05710588689667,Rock,Foo Fighters - Everlong Lyrics.mp3,mitad
107.666015625,2231.5581023161812,2724.159738437305,4762.421202290538,0.04447781116969814,0.16591887176036835,0.5767764449119568,0.6598012447357178,0.5047832727432251,0.06099970266222954,7322.2080078125,-205.33724975585938,186.47015380859375,135.69371032714844,69.54492950439453,-33.10116195678711,41.12645721435547,31.513507843017578,20.772214889526367,5.018347263336182,22.66303062438965,19.095895767211914,14.07273006439209,-4.370657444000244,12.551513671875,11.220996856689453,7.194394588470459,2.9125680923461914,6.082228660583496,5.977323055267334,5.234201908111572,4.942148685455322,5.04234504699707,2.187730073928833,5.060244083404541,5.452027797698975,5.37246036529541,2.5611638981384703,0.0011606800835579634,0.14572967808099552,0.1939496689978796,0.21164771564374388,0.11406269943961199,0.07313760411294055,0.06150633790986506,0.13500916739931393,36.88552790086533,Rock,Foo Fighters - Everlong Lyrics.mp3,final
151.99908088235293,2530.7578845201956,2590.8459715514746,5248.518262928115,0.060842602614647835,0.24132436513900757,0.6462554931640625,1.067792534828186,1.2220321893692017,0.05462675914168358,11938.89453125,-100.96077728271484,77.19969940185547,156.99656677246094,27.155832290649414,-62.47906494140625,26.896728515625,67.2214584350586,15.730132102966309,-3.8744852542877197,14.182124137878418,25.60881233215332,10.737588882446289,5.765219688415527,10.734285354614258,4.48946475982666,9.066519737243652,12.39582633972168,7.1325764656066895,-4.3711042404174805,7.819540977478027,14.054641723632812,6.743347644805908,-5.693211078643799,8.586835861206055,9.790693283081055,7.540520191192627,1.9791994683642238,0.008205113001167774,0.07948258730343194,0.059910738608499464,0.08889739019870187,0.04942755964875356,0.025917626731607392,0.023773736908825487,0.028896420581048066,36.94988672783647,Rock,Foo Fighters - My Hero (Lyrics).mp3,inicio
103.359375,2409.114819704784,2393.419227984006,4931.21184830326,0.06614264615179953,0.3115444481372833,0.5597664713859558,1.0138192176818848,0.5692459344863892,0.0673450380563736,8776.23046875,-57.30324935913086,28.924787521362305,187.8988494873047,19.54423713684082,-82.53173828125,8.315860748291016,68.88396453857422,15.71226692199707,-0.7171146869659424,22.858367919921875,17.387372970581055,16.807830810546875,3.016676425933838,11.042366027832031,-0.6597416400909424,10.221136093139648,10.982707977294922,10.152413368225098,-4.930655002593994,9.994159698486328,12.610087394714355,8.496368408203125,-5.790934085845947,7.8075690269470215,6.199984073638916,8.371798515319824,2.070338618165848,0.00020776019664481282,0.12048527126226731,0.06254068677997751,0.15835390145688907,0.08709774150019928,0.03156392536756793,0.06699770127034801,0.08367461953402612,31.98048805662663,Rock,Foo Fighters - My Hero (Lyrics).mp3,mitad
117.45383522727273,1731.7878754961819,1694.5200652627689,3344.4381099736356,0.054676351163409444,0.1054600328207016,0.3294556736946106,0.5730204582214355,0.32131779193878174,0.10456172376871109,4294.0390625,-280.2337951660156,129.25009155273438,143.56240844726562,64.45706939697266,-31.565776824951172,26.23597526550293,14.725239753723145,28.094358444213867,34.73349380493164,21.8598575592041,3.046393871307373,10.541622161865234,-6.027027606964111,11.03934097290039,-0.8667793273925781,10.588006973266602,-1.8792471885681152,10.47807788848877,-0.6025927066802979,6.218863010406494,-0.3768351972103119,9.016660690307617,-8.339194297790527,7.780847549438477,-1.5484669208526611,10.889655113220215,4.116256379998729,0.0020711238030344248,0.2476118549042766,0.060803896741967324,0.2638705979567405,0.11813540623683967,0.04640211233686026,0.1304187595029227,0.02501693945690168,54.20835164421977,Rock,Foo Fighters - My Hero (Lyrics).mp3,final
109.95678191489361,1667.5968272991247,1718.0695622428345,3257.2303039739745,0.04860741582817337,0.13481836020946503,0.41691306233406067,0.8229914307594299,0.5862405896186829,0.07956580817699432,1690.3858642578125,-189.54039001464844,77.05549621582031,209.41981506347656,37.497379302978516,-64.21353149414062,25.136428833007812,31.93566131591797,24.16219139099121,4.023176193237305,16.53256607055664,3.8613855838775635,11.660272598266602,-2.6560449600219727,9.711400985717773,-9.769885063171387,7.918964385986328,4.6645026206970215,6.660462379455566,-10.513541221618652,6.72068452835083,-7.647190570831299,7.812229156494141,-5.200971603393555,6.918073654174805,-10.329343795776367,7.3317179679870605,3.805904994035355,0.018226895481348038,0.20248409129234973,0.2716140085141981,0.2740761125032925,0.31439769870232853,0.08106565396259077,0.09782670539995454,0.04400929583169462,29.299769582177245,Rock,Free Bird LYRICS by Lynyrd Skynyrd ♪.mp3,inicio
129.19921875,2636.6166601701634,2536.850480444909,5169.343741685613,0.07701351768092106,0.1646687090396881,0.42491617798805237,0.9674968123435974,0.4517337381839752,0.08020883798599243,2459.216552734375,-110.30543518066406,23.7032470703125,172.7491455078125,15.614412307739258,-84.15402221679688,12.111720085144043,66.60498809814453,11.405421257019043,-14.073699951171875,12.372907638549805,26.07547378540039,10.452461242675781,-9.285590171813965,8.811117172241211,-4.332399368286133,8.519118309020996,4.649198532104492,6.317956447601318,-5.903195381164551,6.370511054992676,9.733935356140137,7.138880729675293,-5.445462703704834,6.47408390045166,3.782646417617798,7.406412601470947,2.12681451780517,2.6561468985164538e-05,0.12103544910384492,0.1050090784343087,0.13615550743418517,0.1497467632178537,0.05335389254016203,0.047958789870261774,0.07201663029037046,20.524930217994495,Rock,Free Bird LYRICS by Lynyrd Skynyrd ♪.mp3,mitad
151.99908088235293,2663.1026067541343,2600.2134772657805,5389.192412290779,0.07486708319224071,0.11907470971345901,0.45342373847961426,0.9692217707633972,0.4167221188545227,0.07619324326515198,1980.5516357421875,-142.9193572998047,58.7878532409668,172.83445739746094,20.615991592407227,-78.47089385986328,11.716862678527832,66.65384674072266,11.688762664794922,-22.485843658447266,11.174469947814941,18.329490661621094,10.662124633789062,-7.997612953186035,8.240220069885254,-3.331488847732544,7.221454620361328,2.7882280349731445,6.1737847328186035,-5.896463871002197,5.443233013153076,10.389261245727539,5.972072601318359,-6.320284843444824,6.381953239440918,-0.3736335039138794,7.161120891571045,1.8786650171574195,0.002594872610643506,0.10182770703751146,0.08966132421943745,0.12796548054017653,0.10597271692163089,0.03780515572166199,0.04098004934492257,0.04020968359566427,20.555590138657116,Rock,Free Bird LYRICS by Lynyrd Skynyrd ♪.mp3,final
92.28515625,2776.588512243476,2890.3613351643176,5546.54146082261,0.06696633731617647,0.2536945343017578,0.5528039336204529,1.1518185138702393,1.184734582901001,0.07910711318254471,16462.958984375,-82.82727813720703,81.28581237792969,141.40907287597656,24.865766525268555,-57.264530181884766,17.96532440185547,42.26005935668945,27.39093589782715,-2.4608781337738037,20.00216293334961,26.809005737304688,20.798660278320312,-0.7497789263725281,16.053756713867188,14.624053955078125,14.177607536315918,-5.962533950805664,9.838152885437012,14.531335830688477,8.539835929870605,1.983380675315857,8.14161491394043,4.919507026672363,7.606351375579834,5.971860408782959,6.903755187988281,1.7917838046612469,0.008943635039031506,0.06546950651781692,0.054086170008118765,0.0780365193629769,0.0731030295442026,0.030749560217379436,0.02449782438490294,0.02466776153175637,32.43306659727491,Rock,Green Day - American Idiot Lyrics.mp3,inicio
123.046875,3002.7772163642558,3224.2699142984166,6131.329591355457,0.06889640878966719,0.31713762879371643,0.5487037897109985,1.0889389514923096,0.9871734976768494,0.06919942796230316,15086.9189453125,-29.612905502319336,41.788780212402344,141.3908233642578,13.938053131103516,-55.17298889160156,12.319009780883789,50.90803527832031,12.449356079101562,-14.092264175415039,12.253159523010254,34.34024429321289,9.088103294372559,-10.399423599243164,10.566895484924316,19.572772979736328,8.053315162658691,-8.800554275512695,9.395721435546875,15.071146965026855,6.615725517272949,3.003868818283081,6.728085517883301,5.181521415710449,5.819889545440674,4.691694259643555,6.018974781036377,1.9976856525076887,0.0005624194163829088,0.0824812460795154,0.06082835148375001,0.08553641206832627,0.09317328878771615,0.031479171780568575,0.030707378728710624,0.018197814147463763,28.056633098920052,Rock,Green Day - American Idiot Lyrics.mp3,mitad
123.046875,2933.5746631007346,3171.9699847827787,5930.439139445869,0.06778001342395511,0.3122418224811554,0.5642908811569214,1.0225085020065308,0.7492186427116394,0.06569769978523254,14724.591796875,-36.798282623291016,77.5554428100586,144.1405029296875,24.622591018676758,-54.881290435791016,18.281862258911133,46.004539489746094,14.264910697937012,-14.823348045349121,12.366517066955566,33.733943939208984,11.676050186157227,-9.545073509216309,10.906972885131836,19.91409683227539,8.055377006530762,-7.971952438354492,10.551453590393066,15.157392501831055,6.397470474243164,2.77213716506958,6.321065902709961,5.3035430908203125,5.403007507324219,5.260287761688232,6.243317127227783,1.9661809200696174,0.0024309391155838966,0.07513177067991779,0.05927167934344681,0.08572592656777726,0.10289540980667979,0.0295926421654459,0.02937002876032159,0.053540675404933326,28.09813116584814,Rock,Green Day - American Idiot Lyrics.mp3,final
151.99908088235293,1163.6233939270535,1517.881324638375,2233.778159315741,0.032263599313080496,0.041037965565919876,0.46266135573387146,0.8006485104560852,0.5583420395851135,0.07248491793870926,120.1681137084961,-332.4929504394531,72.42986297607422,210.29434204101562,35.15315628051758,-30.589765548706055,20.153385162353516,10.953261375427246,16.91567611694336,17.57516860961914,9.766769409179688,11.974002838134766,7.594404697418213,3.09096097946167,6.89204740524292,1.9453060626983643,7.7113261222839355,8.855690956115723,6.537014961242676,-0.04150320962071419,5.437198162078857,3.897763252258301,6.46745491027832,0.2940325140953064,5.863680362701416,0.7661494612693787,6.024443626403809,4.090070711502561,0.018229689449071884,0.29900671392987926,0.17204137415174353,0.35749546741868005,0.25342167244660113,0.14535472624051526,0.09921388876935944,0.04181809969937782,118.3763573731293,Rock,Guns N_ Roses - November Rain Lyrics.mp3,inicio
156.60511363636363,2355.243908436259,2488.1004367288724,4774.196131089155,0.0675899163119195,0.1316280961036682,0.4067510962486267,0.9746949076652527,0.6455773711204529,0.07295549660921097,2336.738525390625,-131.82862854003906,27.895599365234375,174.95291137695312,14.889716148376465,-66.50630187988281,9.095808029174805,48.377689361572266,8.680206298828125,-13.509052276611328,9.95068645477295,20.724990844726562,10.48054313659668,-2.4487252235412598,9.757498741149902,4.062328338623047,9.690149307250977,3.54758358001709,8.36256217956543,3.39121675491333,7.555061340332031,-4.592865467071533,7.559582710266113,6.620068073272705,7.070188999176025,5.1183953285217285,6.4261016845703125,2.6224967093477565,7.544145046267658e-05,0.0939909997043263,0.0989366458517603,0.19712423369668175,0.14397440306349565,0.0685335562808367,0.054648165101462365,0.019216415505042946,29.963321325181646,Rock,Guns N_ Roses - November Rain Lyrics.mp3,mitad
123.046875,2642.5967858742038,2830.4772300517548,5045.127826135594,0.07734344765866873,0.09032132476568222,0.41231465339660645,0.9006404280662537,0.269382506608963,0.08825499564409256,1593.624755859375,-238.4403533935547,140.32859802246094,145.80160522460938,56.740535736083984,-44.553260803222656,16.022764205932617,28.402301788330078,17.812030792236328,-2.9536752700805664,10.653529167175293,25.95819854736328,9.947218894958496,-8.031999588012695,9.34074878692627,9.934728622436523,10.588083267211914,2.6390860080718994,9.158649444580078,8.756997108459473,6.77587890625,-1.8876508474349976,6.886221408843994,-1.517795205116272,5.8627543449401855,-2.169029951095581,6.424245357513428,2.733735748668329,0.0028632653411477804,0.09341547072866328,0.1889631653880401,0.17911552535116249,0.12388567010587731,0.0917356951839481,0.047738899558749874,0.0838833697617537,44.72685511492944,Rock,Guns N_ Roses - November Rain Lyrics.mp3,final
126.04801829268293,2481.3010437213197,2290.4229326827663,4699.263250864697,0.06609616117211688,0.12848998606204987,0.3365808427333832,1.0187381505966187,0.7109145522117615,0.09029554575681686,3351.94921875,-176.86328125,74.20697784423828,147.02255249023438,32.944095611572266,-75.57537078857422,21.17850112915039,38.158878326416016,14.839940071105957,-0.28693997859954834,10.146862983703613,-8.925971031188965,17.434301376342773,-11.469419479370117,8.800760269165039,-0.0011912249028682709,10.591055870056152,-17.42269515991211,9.648577690124512,-8.337838172912598,10.830169677734375,-2.9605982303619385,8.790107727050781,-16.88469696044922,11.003572463989258,0.38062235713005066,7.568268299102783,3.9828449403624284,0.005819852463901043,0.14948920262102616,0.2568129528839635,0.22999369151603657,0.27778343232526775,0.09345955938962244,0.10295620968425229,0.0548790732978145,16.077050702633414,Rock,Guns N_ Roses - Sweet Child O_ Mine Lyrics.mp3,inicio
126.04801829268293,2626.1457613827565,2692.0855801872253,5192.226936647397,0.07409119975087074,0.18976235389709473,0.4271654784679413,0.9910880923271179,0.6211165189743042,0.07368974387645721,5481.1064453125,-87.91270446777344,27.980363845825195,162.6614532470703,15.685274124145508,-67.81212615966797,10.757250785827637,56.754486083984375,8.334087371826172,-15.881159782409668,12.245080947875977,18.907114028930664,10.995705604553223,-13.321436882019043,8.583871841430664,16.650419235229492,9.105701446533203,-4.627958297729492,8.28635311126709,3.043618679046631,9.17481803894043,-4.24500846862793,7.816036224365234,-5.353329181671143,8.517755508422852,1.5219988822937012,7.2418622970581055,1.913073219746192,0.00010179501987295225,0.10702779980629104,0.12734057045035796,0.16082699130202255,0.14194438060789788,0.045406342488575877,0.05532154198483787,0.027802345154196505,23.263165546053266,Rock,Guns N_ Roses - Sweet Child O_ Mine Lyrics.mp3,mitad
126.04801829268293,2534.709843204436,2668.7557444449694,5002.036420036765,0.0641282970322175,0.1737654060125351,0.35397300124168396,0.7786418199539185,0.48828813433647156,0.09245352447032928,7185.01416015625,-160.60528564453125,166.65269470214844,131.0827178955078,49.7390022277832,-48.18564987182617,40.0333251953125,48.1936149597168,19.002817153930664,-10.229606628417969,17.289169311523438,16.78267478942871,12.083198547363281,-18.027820587158203,16.652603149414062,2.4133195877075195,14.570804595947266,-8.415580749511719,8.007335662841797,-3.626430034637451,9.454835891723633,-7.165371417999268,9.11487865447998,-4.531773090362549,9.912883758544922,1.621853232383728,9.229355812072754,2.1620118133794355,0.06381964683532715,0.20616690562009427,0.15582790014970155,0.27096563813330726,0.1435837542130007,0.06257931741097277,0.07908220079899377,0.0963652359421002,14.599532027434313,Rock,Guns N_ Roses - Sweet Child O_ Mine Lyrics.mp3,final
97.50884433962264,2762.9691346181567,2772.0380040995383,5235.835006288699,0.07639258417182662,0.1842392534017563,0.5641200542449951,1.0990720987319946,1.269368052482605,0.06900716572999954,9661.8544921875,-106.76370239257812,82.90896606445312,153.1675262451172,36.97042465209961,-58.73076629638672,15.826557159423828,34.85994338989258,18.401880264282227,-2.436910390853882,17.953304290771484,12.297355651855469,15.586899757385254,-8.1035795211792,13.736627578735352,17.08005714416504,9.598686218261719,-9.459442138671875,7.792562484741211,12.960162162780762,8.480391502380371,3.0765490531921387,7.55197286605835,-1.0217615365982056,8.484745025634766,5.692836284637451,5.972158908843994,1.5198882365612838,0.00810487661510706,0.06159547882072465,0.06924691367761351,0.09331250960807441,0.07308667936107498,0.02878101898571719,0.03234776473506417,0.034500217800611396,23.511449604666662,Rock,Joan Jett & the Blackhearts - I Love Rock _N Roll.mp3,inicio
97.50884433962264,2597.5261171088405,2697.7121105122665,4933.036837267802,0.06882252412683823,0.20419199764728546,0.45209163427352905,1.0640885829925537,0.9318395256996155,0.088490329682827,7377.85205078125,-99.0095443725586,68.6092300415039,160.0389862060547,31.010047912597656,-62.386634826660156,20.641286849975586,31.46568489074707,17.586599349975586,-8.34511947631836,19.498273849487305,13.021923065185547,13.90699291229248,-14.906058311462402,13.633898735046387,16.337627410888672,15.499104499816895,-10.683808326721191,7.481272220611572,9.42805290222168,9.693961143493652,4.494986057281494,9.29580307006836,-0.6590279340744019,10.058398246765137,4.858029365539551,6.8534746170043945,1.7605307097209717,0.0004578347143251449,0.08301039503721168,0.08880900296498898,0.1181932794479716,0.11611088259304461,0.0391196522791947,0.04500564590801696,0.03358601997454833,19.217356435695855,Rock,Joan Jett & the Blackhearts - I Love Rock _N Roll.mp3,mitad
97.50884433962264,2392.5098815622277,2507.1532448827875,4556.980777894011,0.059025342250387,0.19968709349632263,0.37629833817481995,0.8683237433433533,0.5991057753562927,0.09265957027673721,7615.794921875,-130.43844604492188,161.09129333496094,144.00132751464844,56.88438034057617,-59.953269958496094,26.528852462768555,25.005502700805664,14.79648494720459,-17.584346771240234,16.7589168548584,12.761747360229492,11.557906150817871,-15.3509521484375,9.89851188659668,14.66736888885498,10.170170783996582,-8.488166809082031,7.355399131774902,6.555271148681641,7.900260925292969,-0.14610271155834198,6.289374828338623,0.3022262156009674,6.817972183227539,3.1900930404663086,5.454975605010986,1.9247181903576194,0.10564703494310379,0.07887942358017765,0.09300630600578298,0.09910663093673741,0.11932162927927525,0.03451886176787384,0.046698152215365454,0.03154859420386247,17.483614078124138,Rock,Joan Jett & the Blackhearts - I Love Rock _N Roll.mp3,final
117.45383522727273,1793.9983718322587,2155.9094973281826,3845.126749044601,0.042744639488196595,0.09145940840244293,0.38743919134140015,0.8825932145118713,0.6835086941719055,0.08838342875242233,1563.818359375,-219.22068786621094,53.96633529663086,186.03549194335938,35.952083587646484,-25.4559268951416,17.564655303955078,14.43506145477295,18.69791030883789,5.449193954467773,27.3421630859375,8.508848190307617,18.17003631591797,-2.471270799636841,16.349395751953125,-0.24924489855766296,10.067584991455078,-9.094500541687012,8.075057983398438,-2.6574347019195557,7.271980285644531,-8.161628723144531,6.749598026275635,-4.755156517028809,6.960666179656982,-5.4613752365112305,7.599991321563721,3.768493642458722,0.0024486028123646975,0.22896881902320174,0.14141975031815732,0.25075617590235244,0.2116037196177236,0.09265035672096845,0.0937135400731636,0.031276985928495205,38.9465517996693,Rock,Journey - Don_t Stop Believin_ Lyrics.mp3,inicio
120.18531976744185,2762.619553197656,3049.5630689903282,5856.289587818063,0.06455837757594814,0.1661456972360611,0.44627389311790466,1.0418756008148193,0.71756511926651,0.09244910627603531,6833.01513671875,-107.22998809814453,37.40913009643555,149.8591766357422,21.508159637451172,-43.05304718017578,12.927499771118164,47.310218811035156,10.896601676940918,-12.897727012634277,15.727021217346191,19.327407836914062,13.47172737121582,-10.297131538391113,11.68302059173584,12.025206565856934,11.128064155578613,-6.44183874130249,8.945781707763672,7.2258620262146,8.764989852905273,-3.468784809112549,8.059645652770996,-1.7832598686218262,7.509387493133545,-0.20282548666000366,7.290381908416748,2.245270501877267,0.00016173433687072247,0.11107039478970454,0.09342954779060723,0.16024204155039037,0.10259485070756702,0.052276851425242826,0.04215991804275954,0.029162908547842592,27.84970923902227,Rock,Journey - Don_t Stop Believin_ Lyrics.mp3,mitad
123.046875,2718.5616230311193,2996.8210865939136,5601.832793150154,0.06175453965508901,0.1479974240064621,0.372631311416626,0.9406840205192566,0.6049497127532959,0.0916118323802948,6434.32958984375,-168.4870147705078,135.20132446289062,134.94680786132812,36.59281539916992,-39.71498489379883,23.095430374145508,42.82333755493164,21.064624786376953,-10.826607704162598,16.425512313842773,15.313189506530762,13.547160148620605,-12.24362850189209,10.926128387451172,8.249834060668945,10.552624702453613,-2.356353998184204,9.6632719039917,5.082887649536133,8.402118682861328,-1.048056721687317,6.921200275421143,-0.3053363561630249,9.04040241241455,0.13138236105442047,7.228734970092773,2.723772899177867,0.00031985717942006886,0.13601817679264644,0.08683036657328913,0.1528488943431819,0.10844095181796912,0.05891400921540131,0.05091015683632911,0.016525086838382205,26.357444585507643,Rock,Journey - Don_t Stop Believin_ Lyrics.mp3,final
161.4990234375,2391.9863347100495,2895.143945150022,5171.627061212026,0.05277878138303019,0.04565862566232681,0.4790809452533722,1.1896170377731323,1.2929648160934448,0.08378323912620544,492.787109375,-271.8457336425781,74.66947174072266,161.66322326660156,32.544960021972656,-29.667804718017578,25.09953498840332,27.72796630859375,15.166532516479492,4.120052814483643,21.568078994750977,22.1975040435791,16.611967086791992,-17.482540130615234,14.843292236328125,5.538446426391602,13.139647483825684,-11.293608665466309,12.497124671936035,5.967517852783203,10.023918151855469,-3.504948854446411,9.60421085357666,-4.599794387817383,7.766073226928711,-5.339014053344727,7.0948805809021,2.323282113471886,0.0037834150716662407,0.1472672867359079,0.08866122090128647,0.11536302029745554,0.13182288809597686,0.04843462238885452,0.050770293431666794,0.019921969421146095,36.9261576639439,Rock,Led Zeppelin - Kashmir Lyrics FULL HD HQ Audio 🎵.mp3,inicio
161.4990234375,2706.8021585856113,2781.497783909902,5374.517501027961,0.07704847589734908,0.092827208340168,0.3567722737789154,1.0518122911453247,0.7991213798522949,0.08742299675941467,799.7664794921875,-183.51121520996094,62.2044563293457,159.0320281982422,26.958908081054688,-62.315452575683594,27.16103744506836,41.532249450683594,20.384132385253906,-8.372344970703125,18.055063247680664,17.458106994628906,16.584707260131836,-17.91460609436035,15.174873352050781,10.24162769317627,13.516597747802734,-12.175668716430664,11.903892517089844,3.069823741912842,10.647005081176758,-4.684212684631348,9.261198997497559,-6.237272262573242,8.793529510498047,-3.5002784729003906,7.6069464683532715,3.405857835366812,0.00017907889559864998,0.16381224763054528,0.13035555604710522,0.1902487328787086,0.16114945356994315,0.057620783201114495,0.07435801465455687,0.03699605613165949,16.851123487322823,Rock,Led Zeppelin - Kashmir Lyrics FULL HD HQ Audio 🎵.mp3,mitad
161.4990234375,3172.903434911889,3316.0787928805835,6626.234932063903,0.08104051525009674,0.015493241138756275,0.41416069865226746,0.8236697912216187,0.5416584610939026,0.09120622277259827,186.9110565185547,-433.0893859863281,173.3378143310547,116.43162536621094,61.22129440307617,-26.449068069458008,27.81595230102539,18.077701568603516,17.6119327545166,-7.030228614807129,16.77318572998047,12.137468338012695,13.74810791015625,-11.60080623626709,12.211170196533203,4.077920913696289,10.990189552307129,-3.4632909297943115,10.242307662963867,3.460894823074341,8.255777359008789,0.16837917268276215,8.020869255065918,-2.889359951019287,6.5490851402282715,-1.5447510480880737,5.975049018859863,2.1200397616954385,0.054312873631715775,0.10963444579549395,0.11506871046510976,0.14396566644117376,0.11556340103127358,0.041972252945682575,0.04980046822934708,0.04501186244218077,22.33772266208518,Rock,Led Zeppelin - Kashmir Lyrics FULL HD HQ Audio 🎵.mp3,final
126.04801829268293,1885.0469489675772,2223.8613691580135,3973.309307275542,0.04815277005127709,0.08366414159536362,0.3853173851966858,0.9960522055625916,0.85819411277771,0.08303916454315186,793.4523315429688,-219.01063537597656,61.00407791137695,176.42245483398438,26.62049102783203,-44.10416793823242,20.931493759155273,57.575904846191406,16.27754020690918,6.123810291290283,13.341523170471191,14.505559921264648,10.160996437072754,0.8569086790084839,8.169085502624512,-4.637173652648926,8.438704490661621,-0.4493771493434906,6.682675838470459,-6.4377970695495605,7.667558193206787,3.4579269886016846,7.263364791870117,-3.8945953845977783,7.526238441467285,1.3110061883926392,7.316202163696289,2.6116342832453627,0.007015286013484001,0.10279869177857345,0.11088503598978194,0.1527790309294484,0.18940019045925377,0.051222746610650315,0.04578674101811039,0.03222512652112385,45.98687657544739,Rock,Light My Fire – The Doors 〚Lyrics inglés_español〛.mp3,inicio
123.046875,2142.08713805452,2373.989112124778,4644.163584044843,0.05749360548084365,0.10023359209299088,0.407733291387558,0.9392309188842773,0.5667741894721985,0.07677353918552399,920.64013671875,-182.7969207763672,29.082962036132812,177.72946166992188,10.746020317077637,-59.9595947265625,12.206289291381836,72.92633056640625,10.974498748779297,-2.577181100845337,10.171989440917969,20.938777923583984,6.49231481552124,1.7597408294677734,6.002877712249756,-10.602624893188477,6.143932342529297,-2.2539451122283936,6.214897155761719,-1.99408757686615,5.257505893707275,6.584687232971191,7.060532093048096,-4.531250953674316,5.726446628570557,-2.0294113159179688,6.7411627769470215,2.6924795367577685,4.1805687942542136e-05,0.09872554096946697,0.08787136254524011,0.14707584003323898,0.19025902647834267,0.06497233199841529,0.04871890377202313,0.0384979957018778,34.05967508684057,Rock,Light My Fire – The Doors 〚Lyrics inglés_español〛.mp3,mitad
126.04801829268293,2619.8582363218443,2742.363799587644,5630.365953947368,0.06547296010303792,0.1001553162932396,0.4658215045928955,0.8028725981712341,0.5043972134590149,0.08751598745584488,1702.676025390625,-216.70965576171875,158.1323699951172,141.3357391357422,58.66244125366211,-48.480384826660156,39.97321319580078,52.96696090698242,20.477632522583008,0.1721312403678894,15.216924667358398,9.287811279296875,11.59526252746582,3.665513038635254,8.2047700881958,-5.334320545196533,10.385497093200684,-2.3059492111206055,8.62796401977539,-4.174330711364746,8.341381072998047,1.4294369220733643,7.543844223022461,-0.24867376685142517,7.317025661468506,1.9905340671539307,7.545701503753662,2.3446995916025326,0.00043552034185267985,0.1990955771392258,0.09112437494538825,0.22352878904228166,0.1708889702423549,0.05138241243757382,0.0757830267251705,0.022986529577216693,18.947294579120946,Rock,Light My Fire – The Doors 〚Lyrics inglés_español〛.mp3,final
105.46875,2205.5800184457357,2219.9930654707655,4287.149076196062,0.059638906189531736,0.15109439194202423,0.4016832411289215,1.0267969369888306,0.9719638824462891,0.08497748523950577,12337.4765625,-159.9122314453125,97.2264175415039,156.0537872314453,29.849937438964844,-45.00558090209961,22.950519561767578,14.674677848815918,25.944358825683594,2.945594549179077,23.518314361572266,3.9141550064086914,21.951160430908203,-7.981157302856445,10.185134887695312,2.531015396118164,12.752182006835938,-7.871057510375977,9.276792526245117,-0.3361298739910126,11.824285507202148,-1.7034130096435547,8.07829761505127,-2.897064208984375,9.864273071289062,-0.33400100469589233,11.010213851928711,1.8324174952929762,0.007214202079921961,0.14802417155221542,0.19319757571443488,0.24966144509731172,0.17733974310130018,0.07995647816927404,0.08226264652975507,0.04239738369157849,27.732637404700398,Rock,Linkin Park - In The End _ [Traducida al Español].mp3,inicio
105.46875,2991.4598909511587,3106.66269466447,6084.27987585865,0.0782056873427825,0.3600025177001953,0.4782346785068512,1.1099543571472168,0.6036297082901001,0.07416664063930511,13042.2607421875,-10.40389633178711,31.42295265197754,149.56396484375,21.420761108398438,-61.36373519897461,13.2019681930542,50.43241882324219,12.17623519897461,-19.24817657470703,14.075864791870117,32.95308303833008,9.601614952087402,-17.401132583618164,8.663373947143555,14.244397163391113,11.178078651428223,-5.471595764160156,9.065592765808105,13.564301490783691,8.168341636657715,6.424635410308838,7.693661689758301,2.364304780960083,7.536534786224365,6.802276134490967,6.36976957321167,1.695678078780846,0.0019618021324276924,0.08849475293696539,0.0973845009888231,0.13399356601662013,0.07951330848408103,0.035860301015771645,0.03559532637367812,0.03704046306900214,21.961596518401613,Rock,Linkin Park - In The End _ [Traducida al Español].mp3,mitad
105.46875,1341.889159594107,1814.95920941183,2944.1155306695046,0.028822010146575077,0.08755693584680557,0.49151504039764404,0.564447283744812,0.49715086817741394,0.06902507692575455,2836.84375,-290.0203552246094,107.34427642822266,152.84474182128906,56.263092041015625,2.679403305053711,39.632179260253906,19.153676986694336,15.316315650939941,33.36589813232422,12.691305160522461,10.713464736938477,12.409688949584961,3.488490581512451,7.159719467163086,2.8892412185668945,6.016022682189941,1.9196829795837402,6.977761268615723,8.802228927612305,6.431262969970703,10.226486206054688,6.8393025398254395,4.617542743682861,8.076582908630371,4.3043293952941895,7.68612003326416,4.843209504377835,0.0005173498648218811,0.08381948548025514,0.11007875858126079,0.15780997098914476,0.08511498521422463,0.04585596405701975,0.06793023923953397,0.036969031635238,80.80504954379775,Rock,Linkin Park - In The End _ [Traducida al Español].mp3,final
109.95678191489361,2560.130436906279,2864.7110108783954,5082.252601647156,0.06073319284539474,0.19940884411334991,0.37607550621032715,0.9459679126739502,0.8858420848846436,0.09258102625608444,11339.494140625,-145.42120361328125,133.57765197753906,136.63197326660156,48.107234954833984,-26.837478637695312,22.204469680786133,30.957868576049805,29.84378433227539,-8.949138641357422,18.833152770996094,17.0899715423584,18.152389526367188,-15.467117309570312,10.69436264038086,2.9467172622680664,22.33557891845703,-7.536575794219971,7.150523662567139,10.209407806396484,10.51848316192627,3.2019643783569336,8.789229393005371,-0.05129825323820114,10.205611228942871,-0.9912379384040833,10.944528579711914,2.997823787104061,0.015569360926747322,0.14278995973070568,0.12715516418477246,0.13736920476185444,0.2302279531242144,0.06000091259635891,0.07461154885771142,0.05627765928379468,33.086131293950466,Rock,Linkin Park - Numb.mp3,inicio
109.95678191489361,2922.522533172984,3390.844855328641,6305.803536335381,0.06303967927631579,0.3175567090511322,0.41206851601600647,1.075656533241272,0.7958716750144958,0.07614343613386154,12742.77734375,-41.41563415527344,33.274208068847656,147.17576599121094,20.83615493774414,-36.140933990478516,16.330249786376953,43.33327102661133,13.78593635559082,-21.53853416442871,12.103164672851562,31.595722198486328,11.226947784423828,-14.110857963562012,10.340670585632324,16.206933975219727,10.92973518371582,-10.140473365783691,8.384085655212402,10.740428924560547,9.835824012756348,-3.604658365249634,7.514257431030273,9.052956581115723,7.868563652038574,3.2128021717071533,6.944376468658447,2.577324266128199,0.000833324040286243,0.11796881384003424,0.12340498027637561,0.08947955137831771,0.17265882769799926,0.047612703007872625,0.0722411953526976,0.05568026570383667,30.411231791945486,Rock,Linkin Park - Numb.mp3,mitad
109.95678191489361,3282.366363315273,3423.7382606577066,6728.784311961833,0.07717394754982586,0.2881287634372711,0.37654703855514526,1.0324469804763794,0.7181509733200073,0.08395859599113464,11539.2021484375,-42.791927337646484,70.30587768554688,133.5368194580078,22.708118438720703,-53.95452117919922,11.723905563354492,39.892539978027344,17.98784828186035,-24.907922744750977,11.860267639160156,22.85913848876953,15.59072208404541,-22.284404754638672,9.932214736938477,15.84002685546875,15.049199104309082,-11.937451362609863,7.5756940841674805,13.151124954223633,8.26766300201416,-1.8819996118545532,8.400638580322266,8.275665283203125,8.48417854309082,1.7694363594055176,7.731297492980957,2.42304095886684,0.001763310981914401,0.13482532520486565,0.11141458413197529,0.12749827093790242,0.197691907485479,0.053821993542280074,0.07269522492478217,0.06144649745092979,20.7322635690966,Rock,Linkin Park - Numb.mp3,final
143.5546875,2951.0590244110726,2660.694619964031,5646.807521194128,0.07882699877854102,0.07705516368150711,0.5667319893836975,1.1214656829833984,1.037859320640564,0.07560442388057709,4017.343505859375,-215.6103973388672,80.97439575195312,121.58155822753906,31.51728057861328,-54.667274475097656,19.869373321533203,59.85694885253906,18.56922149658203,29.004499435424805,24.58698844909668,16.27031135559082,16.68764305114746,2.2544028759002686,11.393543243408203,15.45490837097168,8.931785583496094,3.9439923763275146,7.222128868103027,1.1535391807556152,7.931330680847168,-3.3274002075195312,6.055971622467041,-4.146923542022705,7.111350059509277,5.116293430328369,5.67869758605957,1.9941631606575552,0.0036779893562197685,0.05785733502275853,0.09512152451239086,0.08829304823675685,0.09508526556461744,0.036207919861860755,0.031021713868257462,0.07389518581100527,27.662299457685616,Rock,Metallica - Master of puppets Lyrics [from Stranger Things Season 4] Netflix.mp3,inicio
105.46875,3094.346293317018,3142.279122522157,6163.98772720951,0.07992279714106038,0.07269889116287231,0.4595082998275757,1.0692846775054932,0.8703737854957581,0.07649639248847961,1108.170166015625,-187.90460205078125,34.27179718017578,133.810791015625,22.129684448242188,-56.333892822265625,12.642152786254883,57.20281219482422,14.105347633361816,4.379301071166992,15.097719192504883,31.124265670776367,13.911238670349121,-14.587591171264648,11.678865432739258,16.14988899230957,11.396610260009766,-4.115352153778076,9.091489791870117,9.665764808654785,9.673569679260254,-7.56256628036499,8.890364646911621,5.5154948234558105,8.223591804504395,8.324110984802246,8.165365219116211,2.7107029532390112,0.00027977715944871306,0.15839955628085509,0.1698091856857604,0.12497200039670607,0.2098519993672619,0.06801701006919632,0.06760671786613598,0.023867129037351643,24.658707597076937,Rock,Metallica - Master of puppets Lyrics [from Stranger Things Season 4] Netflix.mp3,mitad
135.99917763157896,3610.147602637318,3123.9812175416323,6671.859656177438,0.0935311804614938,0.05952080339193344,0.5299933552742004,0.8834974765777588,0.7070412039756775,0.07519504427909851,1471.7852783203125,-270.2145080566406,166.4572296142578,111.5935287475586,58.28704071044922,-55.709388732910156,28.918228149414062,32.78990173339844,36.508094787597656,0.22382120788097382,11.0047025680542,14.36121940612793,19.72140121459961,-4.231131076812744,12.36532211303711,13.697208404541016,14.246223449707031,-0.6863250136375427,9.366875648498535,1.4612720012664795,10.670865058898926,-7.644070148468018,6.447503566741943,-1.317736268043518,6.625315189361572,2.1460001468658447,5.785365581512451,2.091837439851678,0.0339050367474556,0.10216288927711685,0.09577361210739263,0.10457122035581654,0.12119387641489651,0.05946424021196668,0.03819130559447473,0.1511223189743266,21.081191841350964,Rock,Metallica - Master of puppets Lyrics [from Stranger Things Season 4] Netflix.mp3,final
139.6748310810811,1629.4088080380575,2081.5719958700097,3246.072038113148,0.03626281927244582,0.05067793279886246,0.4375746548175812,0.8553788065910339,0.8265786170959473,0.0800529420375824,416.5101013183594,-308.9151611328125,82.6172103881836,181.4272918701172,33.7685661315918,-30.11061668395996,31.14750099182129,23.66387939453125,24.135852813720703,7.5736894607543945,22.1125431060791,22.284114837646484,16.224637985229492,7.5731611251831055,14.765633583068848,11.65384292602539,9.340893745422363,2.463895320892334,9.030434608459473,1.9248456954956055,8.563861846923828,0.05934440717101097,11.002175331115723,-7.743589401245117,7.393832206726074,-1.2354779243469238,6.90590238571167,4.784962778036332,0.0030464965384453535,0.1520115023233765,0.11629093277118335,0.2339705685386395,0.0833631838874075,0.044867188616041644,0.10877111841546368,0.09737691527202508,67.5833099725954,Rock,Metallica The Unforgiven Lyrics.mp3,inicio
139.6748310810811,3339.4973260632205,3541.149188797061,7555.379313654944,0.07227790761658281,0.12480819970369339,0.48283374309539795,0.9758607149124146,0.9199398756027222,0.08417350798845291,2939.5166015625,-149.3924102783203,57.79566192626953,130.26348876953125,26.612804412841797,-27.284902572631836,18.537832260131836,60.88705825805664,16.295894622802734,-16.64653205871582,18.70253562927246,40.317230224609375,14.75800609588623,-8.194252967834473,13.955222129821777,22.97409439086914,9.270842552185059,1.6686052083969116,11.310778617858887,5.1669087409973145,11.788887977600098,4.4003753662109375,8.875596046447754,-2.3618221282958984,8.17941665649414,8.08504581451416,7.284457683563232,2.5681616600347095,0.00017673172987997532,0.1486075343094858,0.1876081375360868,0.22375258210276688,0.17207934725688628,0.0553094013563311,0.10021582510919813,0.016821306873882287,32.786534726791075,Rock,Metallica The Unforgiven Lyrics.mp3,mitad
139.6748310810811,3979.0214065227706,3678.2868376491137,8327.607977427197,0.10073559645897832,0.04174259677529335,0.5459148287773132,0.8104372620582581,0.7609145045280457,0.06829459965229034,1459.1103515625,-305.99224853515625,159.0717315673828,86.62711334228516,42.103214263916016,-25.0948543548584,23.252355575561523,45.808963775634766,25.385656356811523,-4.200455188751221,18.681278228759766,23.57416343688965,16.86188316345215,-5.957716464996338,12.87972354888916,14.020866394042969,10.538500785827637,1.881341814994812,8.796577453613281,1.871037483215332,7.445687770843506,5.267185211181641,6.940159797668457,0.28189024329185486,6.404081344604492,6.90196418762207,6.5066609382629395,2.142545978224209,0.03774236515164375,0.08588623387360218,0.16373902252115408,0.14134018496487852,0.16468963222413896,0.04140374922286347,0.07499987928490695,0.016346922324075933,20.55495122969785,Rock,Metallica The Unforgiven Lyrics.mp3,final
143.5546875,1587.6753590779258,2442.7826618707663,3139.5476822513547,0.031248488293343653,0.03433195501565933,0.3362872898578644,0.9133650660514832,1.2120846509933472,0.09548558294773102,137.6243133544922,-369.1834411621094,74.8653335571289,150.09674072265625,32.37202453613281,-7.103471755981445,18.054170608520508,45.75147247314453,15.576746940612793,15.66134262084961,19.02496910095215,14.266311645507812,11.201086044311523,-10.884044647216797,13.248407363891602,0.10132509469985962,11.389508247375488,-8.893034934997559,11.415765762329102,6.024049758911133,9.961928367614746,2.6345951557159424,8.923686981201172,-5.66706657409668,8.413095474243164,-9.822714805603027,9.46572494506836,9.932345494750527,0.01907743327319622,0.1638774160459287,0.2645073878057574,0.266755377748556,0.23964860183124473,0.09341955553017538,0.13850003848215747,0.028843055717654737,72.4086141756691,Rock,Metallica_ Nothing Else Matters Official Music Video.mp3,inicio
143.5546875,3203.2544901701513,3567.8958376764563,7248.247837503628,0.06657650596217106,0.1233678087592125,0.4402575194835663,0.9656092524528503,1.1644002199172974,0.0797460526227951,2871.7724609375,-154.2561798095703,54.51386642456055,128.5140380859375,26.17688751220703,-20.31243324279785,18.946556091308594,59.335140228271484,14.950794219970703,-12.692763328552246,17.39134979248047,31.692367553710938,13.050272941589355,-13.610811233520508,12.605438232421875,17.35504150390625,11.979395866394043,-2.1298654079437256,10.204837799072266,12.699474334716797,9.609529495239258,2.943624973297119,9.107349395751953,6.938842296600342,7.554101467132568,5.304563522338867,8.504579544067383,3.5539728527252312,0.00029167247703298926,0.1679695451676892,0.2019836772789721,0.21030063706354005,0.20343989560936224,0.06731714584324308,0.12765815185565502,0.039485225223016014,33.797273363147454,Rock,Metallica_ Nothing Else Matters Official Music Video.mp3,mitad
143.5546875,1645.7989366683769,2322.0153576124976,3278.346842951819,0.03865377231279025,0.030728250741958618,0.3324114978313446,0.7933162450790405,0.7346106767654419,0.08675722032785416,137.14114379882812,-371.3076477050781,107.21037292480469,153.66639709472656,32.30158233642578,-16.345478057861328,23.8066463470459,37.19169616699219,14.566811561584473,17.525665283203125,13.097907066345215,9.321394920349121,10.964494705200195,-8.081235885620117,9.86819076538086,1.2461025714874268,9.13048267364502,-9.228109359741211,9.331704139709473,2.1618449687957764,9.028289794921875,0.16365712881088257,6.9680609703063965,-4.174180030822754,6.620784282684326,-7.606388092041016,7.64866828918457,7.317806056974039,8.118696132441983e-05,0.07939222216169459,0.1290737126031996,0.11996447866849638,0.13230527490895874,0.08846596785167501,0.04213779599516728,0.034868579740324285,61.893010794116734,Rock,Metallica_ Nothing Else Matters Official Music Video.mp3,final
99.38401442307692,1286.2526608167575,2058.0427202020214,2483.718314628483,0.022499108093072755,0.08304247260093689,0.5707501769065857,0.8558507561683655,0.9948006868362427,0.06521200388669968,1982.43115234375,-290.4967346191406,88.18301391601562,177.4049530029297,31.68001937866211,20.65694808959961,32.351356506347656,27.12761878967285,30.27590560913086,9.53447151184082,16.621320724487305,25.872081756591797,11.110612869262695,-0.6938664317131042,10.962689399719238,6.799062252044678,10.088616371154785,-1.323896884918213,8.780993461608887,-0.4430038332939148,8.6506986618042,-0.6877772808074951,7.503204822540283,2.4622044563293457,9.132848739624023,3.1492693424224854,7.955401420593262,2.9263532546251407,0.004043730441480875,0.21506832384915517,0.13752079544669488,0.22646591775439642,0.12948245838803732,0.07966381758966433,0.05758348250548765,0.03332237239857877,145.12341466712599,Rock,Nirvana - Heart-Shaped Box Lyrics.mp3,inicio
101.33272058823529,2321.1339124918054,2776.4947987300484,4547.555834885352,0.051731357633513934,0.19858650863170624,0.555539071559906,0.9929926991462708,0.44625821709632874,0.06401094049215317,4680.9833984375,-89.42150115966797,25.56341552734375,167.54029846191406,16.597986221313477,-50.36066818237305,10.904279708862305,43.243953704833984,9.327373504638672,-4.493984699249268,12.364173889160156,34.95513916015625,8.070647239685059,-18.0495662689209,10.309307098388672,9.809309959411621,8.918033599853516,-3.530900001525879,7.765297889709473,2.3903968334198,6.704161167144775,-4.997249603271484,6.488319396972656,-0.9266865849494934,6.679274082183838,-1.0381567478179932,5.85405158996582,1.9678825158966107,9.931300883181393e-05,0.09506498362513426,0.09203480287425944,0.10999411346814472,0.10476036390805808,0.041525173239403995,0.04252706110153204,0.04696270423362164,36.21327819450119,Rock,Nirvana - Heart-Shaped Box Lyrics.mp3,mitad
135.99917763157896,2058.1230852935664,2448.277325901644,4181.708047116873,0.046759543404121515,0.17013348639011383,0.5620360374450684,0.926720142364502,0.46041953563690186,0.07039766013622284,4785.30224609375,-145.33969116210938,103.43607330322266,177.44911193847656,40.75959777832031,-48.12105178833008,18.99121856689453,40.95692825317383,14.935917854309082,9.44550895690918,18.45499610900879,25.368627548217773,14.601247787475586,-5.355242729187012,13.09436321258545,2.2404236793518066,9.07877254486084,-2.7148971557617188,8.437950134277344,1.3243895769119263,7.378270626068115,-7.0607757568359375,5.773787498474121,-0.5392598509788513,6.972636699676514,-2.830702543258667,5.786000728607178,2.1518548668918696,0.0005057050148025155,0.11848077323763302,0.07605995054100045,0.10784417030236663,0.10604850366388147,0.07427098866213443,0.03484579894694522,0.038467915327012214,45.006153653400716,Rock,Nirvana - Heart-Shaped Box Lyrics.mp3,final
114.84375,2993.8297818514143,2790.685501945015,5726.007042285459,0.077096094657024,0.18818987905979156,0.6352130770683289,1.0509278774261475,1.365202784538269,0.05636661499738693,12008.09765625,-127.42170715332031,121.3981704711914,136.39224243164062,39.06802749633789,-54.59822463989258,28.816930770874023,47.41791534423828,36.923709869384766,8.3277006149292,17.275291442871094,24.631717681884766,23.632705688476562,-11.758054733276367,11.192272186279297,13.419665336608887,11.526755332946777,-5.352705478668213,8.862730979919434,7.810093402862549,7.814823627471924,2.55304217338562,7.4779815673828125,-1.4737683534622192,6.653339862823486,2.395786762237549,6.509931564331055,1.619806750883611,0.018594322726130486,0.12124216774296243,0.14885401067328935,0.10176851328981246,0.10397811062008962,0.04232563982356677,0.03436270981834326,0.03721318983113609,25.132384092056128,Rock,Nirvana - Smells Like Teen Spirit Lyrics.mp3,inicio
120.18531976744185,3140.5378596137202,3009.38616173572,6130.787927964155,0.08713193722184598,0.2694438099861145,0.5033556222915649,1.0351611375808716,0.4837930202484131,0.0775662511587143,10381.255859375,-37.00541305541992,23.344940185546875,142.90823364257812,16.605920791625977,-73.49185943603516,10.570451736450195,60.68438720703125,12.005766868591309,-16.456026077270508,10.435782432556152,36.69481658935547,8.58816146850586,-13.551422119140625,8.394515991210938,19.922908782958984,7.89931583404541,-8.20508098602295,7.751877307891846,11.045291900634766,6.6100311279296875,5.655975341796875,7.3881072998046875,3.287569284439087,6.081149101257324,4.193889141082764,6.604574203491211,1.6860398509290544,0.00029380896012298763,0.08463879327319909,0.10485296677523986,0.08458562527554482,0.10425460387050799,0.046579766325207626,0.022584485052003875,0.0330421290825249,20.475172172174485,Rock,Nirvana - Smells Like Teen Spirit Lyrics.mp3,mitad
120.18531976744185,2691.077955135509,2535.783348028535,5163.977107470249,0.0810346573868034,0.22796139121055603,0.4770553708076477,0.8959221839904785,0.33072179555892944,0.07337137311697006,9905.95703125,-93.39872741699219,127.4769287109375,153.1644744873047,33.092437744140625,-71.56810760498047,26.30900001525879,45.2804069519043,21.111597061157227,-2.593151330947876,33.897647857666016,26.802827835083008,18.28892707824707,-7.897002696990967,10.159246444702148,14.993699073791504,10.757047653198242,-7.957695484161377,7.7143731117248535,5.609531879425049,8.364794731140137,3.2975122928619385,6.134239673614502,-0.45788100361824036,7.8545241355896,-0.22628235816955566,6.018144607543945,1.6083951775891343,0.0003080581082031131,0.0733158349269905,0.21471804597397606,0.13796043567260474,0.08948843852738696,0.052377154368885064,0.033895603053561395,0.06193020577912749,17.860018529197404,Rock,Nirvana - Smells Like Teen Spirit Lyrics.mp3,final
117.45383522727273,2288.8810612821785,2588.9592745669247,4708.854859532217,0.05188441793246904,0.06796415895223618,0.4299866259098053,1.0412575006484985,1.1951628923416138,0.0851200744509697,2417.166748046875,-237.24244689941406,80.47260284423828,149.95254516601562,33.8257942199707,-34.13452911376953,21.52611541748047,34.23954772949219,16.861339569091797,-12.015340805053711,14.799810409545898,15.647031784057617,12.539599418640137,-0.6996779441833496,14.719666481018066,4.741934299468994,8.490310668945312,-0.37388119101524353,7.5063157081604,1.5900466442108154,7.949518203735352,7.356785297393799,9.47650146484375,-3.119302749633789,7.9389848709106445,-3.913884162902832,7.14425802230835,3.1359481249691665,0.020100519061088562,0.1299808840727679,0.13794728123256864,0.2137970788438303,0.16153233883263055,0.05804226650085711,0.07094719208974963,0.07574964927018979,28.648157475101716,Rock,Oasis - Wonderwall Lyrics.mp3,inicio
117.45383522727273,2282.1278808858137,2713.1828497814945,4691.271632522253,0.048918449472716716,0.24921724200248718,0.49875396490097046,1.1064468622207642,0.8709533214569092,0.07350976765155792,5848.6591796875,-87.74601745605469,35.11347198486328,168.37608337402344,22.316675186157227,-46.3212890625,14.519758224487305,50.41370391845703,13.902402877807617,-10.423888206481934,13.120287895202637,31.08120346069336,11.410244941711426,-10.119438171386719,10.97709846496582,8.414180755615234,10.04206657409668,1.815024733543396,9.056750297546387,5.661997318267822,8.658097267150879,2.535860061645508,7.493891716003418,2.133596658706665,6.7725043296813965,1.520673394203186,6.419985294342041,2.6267931292143167,9.943969052983448e-05,0.10264993131174614,0.11282754907741645,0.11528346076145639,0.17148095053118864,0.04611407355089196,0.062440013204580855,0.09901195140225842,44.511137590418855,Rock,Oasis - Wonderwall Lyrics.mp3,mitad
117.45383522727273,1834.9743913694208,2228.58447169515,3887.3514937173472,0.038443456124226005,0.18439674377441406,0.5669878125190735,0.9252119064331055,0.6488719582557678,0.06834520399570465,3973.411865234375,-161.06585693359375,103.54562377929688,176.63021850585938,30.783517837524414,-41.30699920654297,26.653003692626953,40.32884979248047,19.172460556030273,11.42192268371582,22.567142486572266,17.020896911621094,18.889711380004883,-4.937858581542969,11.831111907958984,2.823796510696411,7.839046478271484,3.199849843978882,8.415323257446289,6.119048595428467,7.837015628814697,2.3756768703460693,9.175529479980469,-0.12677955627441406,7.780270099639893,3.565662384033203,6.776426315307617,3.8838033455664496,5.913323911954649e-05,0.12057799513014607,0.2259965480595378,0.08981278738966021,0.23034273578801542,0.04936442778652204,0.09407811974625221,0.03602517877465214,55.675352916118705,Rock,Oasis - Wonderwall Lyrics.mp3,final
105.46875,2466.8924136672204,3164.543842009384,5257.518208506675,0.04461159720878483,0.08520036935806274,0.5376909971237183,1.1523985862731934,1.7219029664993286,0.09045928716659546,5664.50048828125,-253.48243713378906,93.04469299316406,129.39117431640625,35.30232620239258,-1.7581273317337036,28.21546173095703,34.39321517944336,23.252201080322266,5.924385070800781,19.261985778808594,18.18795394897461,14.780379295349121,-2.806579113006592,14.778863906860352,15.825221061706543,11.794391632080078,2.4454171657562256,9.555814743041992,5.965676307678223,11.554557800292969,-0.42479410767555237,7.481656551361084,3.794440507888794,8.996045112609863,2.460474967956543,7.067704200744629,1.373439106576782,0.002601232612505555,0.10899805034820749,0.07928627707335473,0.08183492935138566,0.12391006020029578,0.04730766759705669,0.03456227631274136,0.019649069287449403,65.11250938909946,Rock,pink floyd - another brick in the wall.mp3,inicio
105.46875,2361.934251064316,2873.6924462163265,4988.169837219427,0.05058964118130805,0.1114702969789505,0.5165452361106873,1.0775299072265625,1.2207083702087402,0.07740051299333572,5871.3515625,-189.3255157470703,77.64474487304688,153.974365234375,33.9150505065918,-21.646835327148438,29.914669036865234,35.532108306884766,18.578815460205078,2.737372636795044,23.24003791809082,13.22603988647461,15.287627220153809,-5.457772731781006,12.034244537353516,16.570913314819336,11.14962387084961,-3.1827404499053955,9.987285614013672,8.289199829101562,10.02364730834961,1.7837953567504883,7.824203968048096,2.9949209690093994,8.618377685546875,0.5880318880081177,7.581755638122559,1.6573017046907992,0.00026040442753583193,0.10125735143801348,0.0766058456307925,0.1234637102000235,0.1175523814723616,0.050037437657219436,0.03645774585681699,0.02071394923607945,48.41228881422618,Rock,pink floyd - another brick in the wall.mp3,mitad
105.46875,3177.014800462244,3624.3801656884284,6771.284054971701,0.0729156588622291,0.03951479122042656,0.4605375826358795,0.9763544797897339,0.9210960268974304,0.09270337224006653,3121.365234375,-342.1905822753906,122.55998229980469,97.33506774902344,51.25567626953125,-12.30601978302002,19.049072265625,4.97588586807251,24.020187377929688,4.161678314208984,14.89560317993164,20.831214904785156,13.376830101013184,3.082284450531006,11.352667808532715,10.318672180175781,13.975859642028809,2.585026264190674,10.317303657531738,9.297613143920898,9.048221588134766,1.2567461729049683,9.156943321228027,1.3156182765960693,9.627252578735352,3.705308675765991,7.846304416656494,1.5044958169236486,0.002151617780327797,0.06438769557851885,0.06175134735313766,0.07472941946098467,0.09286101771541368,0.03703779660615888,0.027359825731235642,0.030821615382303724,55.18466479522323,Rock,pink floyd - another brick in the wall.mp3,final
126.04801829268293,1469.8201114183103,2369.8349738259385,2956.482122557082,0.024547092685758515,0.06904736906290054,0.5062469244003296,0.9792109131813049,1.0417289733886719,0.06916601210832596,1735.6944580078125,-276.63995361328125,58.88081359863281,180.73281860351562,33.86044692993164,17.07049560546875,18.404664993286133,22.4884033203125,23.2363338470459,-2.0833003520965576,16.000999450683594,21.245065689086914,13.34007453918457,-0.7485338449478149,10.979996681213379,7.794315814971924,8.847236633300781,1.8115673065185547,7.112013816833496,2.5134053230285645,6.713995933532715,-0.19883331656455994,6.1880645751953125,-1.757630705833435,5.845810890197754,0.7846779823303223,5.9472856521606445,2.5060809784422116,0.007325488142669201,0.07262226791001394,0.09354221327348237,0.15596915909681833,0.14497028120920474,0.035583362675912326,0.05841432166616265,0.04326582259124571,139.81288184827778,Rock,Pink Floyd - Comfortably Numb Sub Español.mp3,inicio
126.04801829268293,1986.4863146031664,2886.3286681456343,4207.24955933751,0.03437564247532895,0.06686495989561081,0.4658937454223633,0.9325660467147827,0.6453647613525391,0.07699914276599884,1220.9410400390625,-247.1458740234375,43.97243118286133,157.1865692138672,24.29085922241211,1.8850388526916504,14.48656177520752,34.79497146606445,18.871200561523438,-6.535142421722412,13.41754150390625,22.19620132446289,14.979239463806152,-0.5397387742996216,13.172372817993164,11.925481796264648,9.28814697265625,-1.0213470458984375,8.296704292297363,2.600527048110962,7.498384475708008,0.7810237407684326,7.220396518707275,-2.2927744388580322,7.2097392082214355,3.7621819972991943,6.867195129394531,3.1289797536058623,0.00010746488260338083,0.10579238396120841,0.06456086420298265,0.17504393553902076,0.17833424691092564,0.05074006856026017,0.05970473327417812,0.04523792476332751,83.3562479178189,Rock,Pink Floyd - Comfortably Numb Sub Español.mp3,mitad
126.04801829268293,2671.2554686538156,3047.6000303810215,5698.5155418561335,0.060893055824303405,0.08429142087697983,0.4739396274089813,0.910285472869873,0.347398966550827,0.07295732200145721,1838.414306640625,-195.97476196289062,100.93757629394531,145.1310272216797,22.942686080932617,-32.1380729675293,18.871538162231445,54.38470458984375,16.12704086303711,-9.010727882385254,14.47392463684082,13.444416046142578,11.737961769104004,-16.52851104736328,9.580697059631348,13.421820640563965,9.359594345092773,-1.7144582271575928,6.564236164093018,1.4717063903808594,6.359628677368164,4.704371929168701,6.009696960449219,-1.5467820167541504,5.891223430633545,2.5507962703704834,6.5789690017700195,2.472590662301173,0.00026430428260937333,0.06939023095778613,0.06682149061078832,0.1601401181675718,0.1350913807370324,0.043662210547657856,0.05208823894601243,0.02471496962777973,30.433429990296567,Rock,Pink Floyd - Comfortably Numb Sub Español.mp3,final
120.18531976744185,2155.8700365025866,2596.1525373661752,3072.9397516870645,0.0657248482246517,0.0056265671737492085,0.3167622685432434,0.8460497856140137,0.6092162132263184,0.07761108875274658,3.218379020690918,-476.019775390625,33.025413513183594,175.69093322753906,18.10294532775879,-56.150089263916016,12.17021656036377,-19.552650451660156,11.437821388244629,-5.7139668464660645,7.613872051239014,16.337486267089844,8.39324951171875,-27.192089080810547,8.071883201599121,7.595502853393555,7.499204158782959,-19.281362533569336,7.300149917602539,7.878396987915039,7.368143558502197,-13.12109088897705,6.352014541625977,1.6417603492736816,7.463120460510254,0.5826477408409119,6.578924179077148,4.887407374005962,0.002107904525473714,0.10865955498424261,0.19812890396136065,0.18608433168268107,0.1933282809660535,0.07151670413974955,0.07775817505529188,0.06169695056749329,10.208036949460858,Rock,Pink Floyd - Wish You Were Here Lyrics.mp3,inicio
123.046875,1794.7531396421823,2745.9037828791415,3647.111279750387,0.033184795556791796,0.08794783055782318,0.4717695116996765,0.9310406446456909,0.9537050127983093,0.0750904530286789,1435.1107177734375,-223.17279052734375,50.472251892089844,171.6641082763672,21.72379493713379,-4.771470546722412,16.22985076904297,39.38520050048828,13.077207565307617,-7.7932634353637695,10.861150741577148,22.17270278930664,10.573726654052734,-12.229401588439941,9.356520652770996,10.6159086227417,10.005338668823242,-9.424352645874023,8.970012664794922,-2.5774476528167725,9.051679611206055,-2.8712918758392334,7.114142417907715,-5.787118434906006,7.44016695022583,-2.5691874027252197,7.16883659362793,2.133289791170201,7.882282079663128e-05,0.10982243651665331,0.13909340214650875,0.25959316219844303,0.15499805878697276,0.0683883885697536,0.06269848517027303,0.02769446507377532,77.82313048863587,Rock,Pink Floyd - Wish You Were Here Lyrics.mp3,mitad
126.04801829268293,1984.5989728357067,2105.5837210515197,2703.375319725958,0.07379925140286378,0.013771723955869675,0.5010944604873657,1.0107247829437256,0.2669442594051361,0.07127481698989868,11.487432479858398,-366.43603515625,18.942628860473633,191.67889404296875,13.437301635742188,-63.250648498535156,18.130643844604492,-12.188514709472656,18.35427474975586,-1.9925750494003296,14.396864891052246,35.23033142089844,9.448509216308594,-10.443434715270996,9.899659156799316,11.188115119934082,8.567838668823242,-14.116988182067871,7.380630016326904,8.532732963562012,7.507846355438232,-4.294352054595947,6.055274486541748,2.083997964859009,6.023076057434082,-1.9471129179000854,5.729409694671631,1.387187451026833,0.0001996146165765822,0.08132791211624846,0.07952584713966694,0.10307568654418933,0.07939314711513329,0.0346306799957648,0.03464405731307866,0.04175282333508086,21.44360669752091,Rock,Pink Floyd - Wish You Were Here Lyrics.mp3,final
95.703125,2082.0006171067707,3193.3402973295856,4875.745517033911,0.02543181900638545,0.10980524867773056,0.590293288230896,1.1077557802200317,1.853641152381897,0.06967224180698395,4092.821044921875,-286.6317138671875,90.3793716430664,115.16617584228516,36.22322463989258,17.6356201171875,19.684001922607422,50.383949279785156,20.863906860351562,16.114097595214844,19.33499526977539,38.59356689453125,13.67529010772705,11.590198516845703,13.867804527282715,16.810943603515625,10.900609970092773,6.731749057769775,10.70902156829834,14.966890335083008,10.20698070526123,5.119264602661133,8.23940658569336,5.523818492889404,7.8594770431518555,2.7208218574523926,5.822497367858887,3.8067772359236316,0.0053796241991221905,0.11457571005102547,0.27136006696409803,0.1891820773762193,0.17499683115185594,0.09964083572705448,0.07861279294770149,0.019954698596876347,138.1747481773026,Rock,Radiohead - Creep Lyrics.mp3,inicio
90.66611842105263,2916.874595981454,3385.7374382040753,6376.411442712365,0.05978119557856037,0.164560928940773,0.5482705235481262,1.0552679300308228,1.125991702079773,0.07500214129686356,7694.6767578125,-147.33981323242188,81.50624084472656,127.69669342041016,29.669496536254883,-20.165786743164062,34.57760238647461,54.67949295043945,18.49577522277832,0.530036211013794,16.712656021118164,40.741233825683594,10.566368103027344,-5.542670726776123,14.377456665039062,16.65081787109375,11.888092041015625,-0.0042875781655311584,11.3045015335083,10.632044792175293,10.054495811462402,-2.5639705657958984,9.168864250183105,1.1461139917373657,9.63210678100586,-1.8348090648651123,6.448160648345947,2.2244044397019644,0.0002085069427266717,0.1002354188493093,0.22600646944040564,0.15243312776551438,0.13225653628265435,0.0714121266761132,0.06361092606303156,0.02097058995156245,37.514191276358524,Rock,Radiohead - Creep Lyrics.mp3,mitad
92.28515625,1760.2009453764963,2600.2000559013,4188.558005696111,0.025710728884481424,0.06834053993225098,0.46015748381614685,0.7265868782997131,0.6687345504760742,0.09743553400039673,1607.35888671875,-305.1457214355469,129.66920471191406,123.0171127319336,52.187957763671875,0.48661893606185913,15.151693344116211,37.163639068603516,20.23214340209961,7.072347164154053,23.35124969482422,31.900850296020508,17.336347579956055,-1.0552366971969604,10.631492614746094,7.31622314453125,10.000926971435547,9.999109268188477,9.857392311096191,2.1008219718933105,8.570579528808594,0.9546149969100952,7.367010593414307,2.6153550148010254,6.171798229217529,1.0666383504867554,5.357736587524414,3.7980223309225427,0.10079693794250488,0.13886269082189573,0.2848534768964227,0.23381608014743147,0.1888430116521787,0.08422461239234501,0.11055184140446762,0.04239477790132496,94.43274131948415,Rock,Radiohead - Creep Lyrics.mp3,final
95.703125,1842.3661661362203,2418.121743470308,3798.1603663772253,0.03381177589251161,0.17383959889411926,0.5053016543388367,0.9016209840774536,1.4060001373291016,0.07764501124620438,8696.158203125,-205.87033081054688,110.3382568359375,153.1029815673828,35.182613372802734,-1.175995945930481,36.858741760253906,33.35919189453125,30.54692840576172,15.615464210510254,20.047304153442383,32.21202087402344,10.425105094909668,-2.376347780227661,10.812256813049316,2.576000452041626,12.269033432006836,-3.5082788467407227,13.828421592712402,5.922731399536133,9.756924629211426,-8.480879783630371,8.518819808959961,0.46682003140449524,9.328752517700195,3.177062749862671,10.398550033569336,3.5120180792342657,0.0054434482008218765,0.23158405047350755,0.22476104613720618,0.16133360478008987,0.1811126447136788,0.0874416660729281,0.09569972942058647,0.032776887225134624,58.97869251893205,Rock,Red Hot Chili Peppers - Californication Lyrics.mp3,inicio
97.50884433962264,2634.858573874266,3074.1670629724385,5639.107567754692,0.050310164413215945,0.36414769291877747,0.5093397498130798,1.0114566087722778,1.0277708768844604,0.07034745067358017,14330.22265625,-58.68722915649414,41.65069580078125,147.167236328125,23.399681091308594,-45.39881134033203,20.799434661865234,60.4595832824707,13.146352767944336,-4.982381820678711,11.441383361816406,39.55252456665039,10.368706703186035,-4.3280930519104,8.69775104522705,11.294964790344238,9.799249649047852,-1.2216631174087524,11.085835456848145,7.47635555267334,9.826109886169434,-4.100102424621582,8.393115043640137,1.1047472953796387,9.625578880310059,2.965597152709961,6.841466903686523,3.2224871712086616,0.0004256420361343771,0.16217361915035275,0.17128130127923727,0.1804802375089819,0.1497248234990199,0.06093335422446037,0.0796366399129555,0.02378548525756396,42.40686522776521,Rock,Red Hot Chili Peppers - Californication Lyrics.mp3,mitad
99.38401442307692,2457.449199769315,2712.6375366167813,4905.737002346169,0.06138757286426084,0.3615717589855194,0.5246101021766663,0.8016400933265686,0.5870464444160461,0.07841706275939941,15613.791015625,-92.18775177001953,162.6395263671875,137.49417114257812,35.78536605834961,-41.070335388183594,47.31930160522461,60.116390228271484,19.619945526123047,-5.643704891204834,20.867029190063477,35.25028610229492,8.830738067626953,-2.000178098678589,16.80184555053711,13.582180976867676,9.369254112243652,6.6346282958984375,12.104758262634277,6.964944362640381,9.524288177490234,3.6739425659179688,9.732077598571777,3.871859312057495,8.411420822143555,4.811648845672607,7.582250595092773,2.9874215962647686,0.001277973409742117,0.2766880100719035,0.13192441148232723,0.15922834713462344,0.3553607646343086,0.13338864621045773,0.0922752164194697,0.033682763711604786,27.16596209391526,Rock,Red Hot Chili Peppers - Californication Lyrics.mp3,final
117.45383522727273,3388.769348668882,3186.430483149772,6585.060181041989,0.08890327949642028,0.2422272264957428,0.4998505711555481,1.059872031211853,0.6944661736488342,0.0805412232875824,9191.8115234375,-65.49737548828125,58.42144775390625,129.53550720214844,28.098957061767578,-62.16678237915039,22.224475860595703,54.899234771728516,17.915618896484375,-6.615495204925537,18.038328170776367,24.376239776611328,21.144203186035156,-14.653524398803711,12.796947479248047,18.745426177978516,14.040192604064941,-10.417810440063477,8.913947105407715,9.317817687988281,10.537331581115723,-4.073276996612549,7.417625904083252,3.1704535484313965,9.5422945022583,2.0160133838653564,7.724071979522705,2.1837291855105754,0.0010337706189602613,0.0828661486292356,0.11987417363914081,0.14407308742480437,0.1261303841097748,0.04128040372251113,0.05470032375657625,0.06482993462750264,21.50911419502236,Rock,Scotty Doesn_t Know.mp3,inicio
117.45383522727273,3575.3421997585983,3503.3706582113077,7302.239177692048,0.0896292766181308,0.3084402084350586,0.5409515500068665,0.9865989089012146,0.4113142490386963,0.06848161667585373,10025.4052734375,-16.613906860351562,20.29810333251953,130.23092651367188,19.02694320678711,-55.18768310546875,10.17135238647461,61.57986068725586,12.300982475280762,-22.188310623168945,11.205279350280762,35.475215911865234,10.890680313110352,-17.578222274780273,7.807903289794922,25.642349243164062,8.395284652709961,-10.397449493408203,6.489163398742676,12.748052597045898,7.217586517333984,-3.2465755939483643,6.263636589050293,10.083030700683594,7.215551376342773,4.938690662384033,6.930107593536377,1.9160366991842772,0.0005633173859678209,0.06446072488226992,0.1402206303856129,0.1181718905889264,0.10326887402262916,0.04271664234731558,0.050023673891752655,0.08729547277354453,22.154753470634823,Rock,Scotty Doesn_t Know.mp3,mitad
126.04801829268293,2844.3762777031275,2955.979372013274,5795.014958337365,0.0572283009626548,0.18547458946704865,0.4468427002429962,0.868569552898407,0.4866533875465393,0.10057489573955536,6392.373046875,-152.5336151123047,138.93434143066406,128.57803344726562,36.81065368652344,-47.59294128417969,23.167152404785156,46.79046630859375,28.18924331665039,-7.680323123931885,17.18439483642578,15.141737937927246,21.320770263671875,-11.014074325561523,11.089186668395996,5.7011871337890625,15.92098617553711,-13.70167350769043,10.134370803833008,-1.6507197618484497,13.307605743408203,-6.804296016693115,9.48666000366211,-1.1028038263320923,11.735042572021484,2.642343521118164,8.764538764953613,3.024268731645144,0.0005868420703336596,0.20736620148131485,0.1685145884281927,0.3858820243010559,0.18427660511804042,0.09900362746568812,0.13881935823738834,0.08195814547699666,23.553755850539144,Rock,Scotty Doesn_t Know.mp3,final
126.04801829268293,2463.9626891981347,2811.219803193032,4969.561616407459,0.0567500347692531,0.1671026349067688,0.5715751647949219,1.0021464824676514,1.0563466548919678,0.0639519914984703,5181.95751953125,-128.78396606445312,61.49838638305664,154.7010040283203,24.936901092529297,-45.079593658447266,30.7740421295166,47.2198600769043,14.90311336517334,2.3098275661468506,18.15689468383789,23.225933074951172,18.761404037475586,-9.206271171569824,11.852242469787598,17.917373657226562,12.69289493560791,-0.8148525953292847,8.895511627197266,4.801968097686768,9.295193672180176,1.538859486579895,8.205556869506836,6.72725248336792,7.575732707977295,6.43045711517334,6.97365665435791,3.05001869168208,0.004399567376822233,0.10098564870819243,0.19789218497967503,0.19396103115419125,0.14027889358530363,0.07693177255934437,0.05672393788389512,0.02383104668934902,42.97189381911347,Rock,Soda Stereo - De Música Ligera Lyrics.mp3,inicio
126.04801829268293,2562.0104034169117,2929.709715229351,5091.58587854344,0.06047242344717492,0.2130657434463501,0.5083475112915039,1.038906216621399,0.9023994207382202,0.07154389470815659,5243.86474609375,-89.85147857666016,47.35348892211914,156.34085083007812,19.022802352905273,-50.300682067871094,20.571298599243164,48.739234924316406,12.874444007873535,-5.7468743324279785,14.310608863830566,29.746381759643555,13.011313438415527,-14.575366020202637,10.925372123718262,24.52846908569336,10.048078536987305,-0.6087044477462769,8.81520938873291,7.341177940368652,7.344688892364502,0.6934013366699219,8.028844833374023,7.745442867279053,6.626209259033203,6.31298828125,6.503679275512695,2.854182780213128,0.00012852951476816088,0.1052930134661782,0.16921149305831024,0.17919122407156743,0.13719081592381374,0.07053902571109587,0.047036156876306384,0.022464449911830525,36.2941936333556,Rock,Soda Stereo - De Música Ligera Lyrics.mp3,mitad
139.6748310810811,1883.9584705982622,2373.61809693619,3828.0268524453368,0.041486332660119966,0.11682835966348648,0.5279605984687805,0.7116254568099976,0.8300825953483582,0.07031702250242233,3847.481201171875,-269.88623046875,161.91091918945312,138.11984252929688,63.34041976928711,-12.769963264465332,34.21662521362305,19.94783592224121,30.54738998413086,6.9826788902282715,18.30129623413086,18.49251365661621,10.706238746643066,1.7390905618667603,12.232254981994629,8.54886245727539,10.773857116699219,0.8176900744438171,7.022526741027832,1.351170301437378,6.9625654220581055,5.896729469299316,6.574860572814941,9.945767402648926,6.394296646118164,10.228859901428223,6.959258556365967,4.374505669629527,0.007324049714952707,0.2700891309420034,0.21303614803125417,0.2864064684931105,0.20030026455870054,0.0921253104332071,0.06859868317631397,0.12911567094199866,58.92421927660862,Rock,Soda Stereo - De Música Ligera Lyrics.mp3,final
147.65625,1763.6169809285968,2795.1745551423155,3355.05471244316,0.032561405524380804,0.01916646957397461,0.363736629486084,0.7994541525840759,0.9003394246101379,0.0903216227889061,58.728858947753906,-415.5640563964844,50.00791549682617,144.63375854492188,23.712539672851562,8.385150909423828,23.065628051757812,33.70319747924805,15.09153938293457,18.24802017211914,10.531124114990234,7.180581092834473,10.533199310302734,0.8815305829048157,10.0088472366333,1.1737117767333984,10.73989200592041,-12.54802417755127,10.025711059570312,-9.29216194152832,9.254840850830078,-12.514278411865234,9.352394104003906,-8.485663414001465,7.267812252044678,-8.283592224121094,7.992455959320068,9.379237861339078,0.0020725843496620655,0.20901420094562026,0.2046833837175115,0.2656615731188621,0.31092200053970004,0.08296751967682478,0.12092100705872791,0.04441315070494128,88.53846896780237,Rock,Stairway to Heaven Remaster.mp3,inicio
161.4990234375,1233.3327606616533,1883.0747532636258,2266.969625278154,0.027632108044698143,0.06421283632516861,0.4264127314090729,0.8931950926780701,0.7393480539321899,0.07665213197469711,402.5304260253906,-287.07928466796875,44.91527557373047,209.580322265625,17.118986129760742,-21.06662940979004,26.241456985473633,27.744234085083008,17.736751556396484,13.151581764221191,13.89208984375,10.342971801757812,13.502988815307617,-8.721800804138184,9.757487297058105,4.399914741516113,7.912483215332031,-6.039770603179932,7.049228668212891,0.1762256920337677,8.493917465209961,-8.691413879394531,7.452455997467041,-4.367678165435791,8.151330947875977,-4.17275333404541,7.004494667053223,3.397314225134323,3.008450221386738e-05,0.1203358266839413,0.14638144698128985,0.2152569152415953,0.2859838256905622,0.10825724788390395,0.07722971737584199,0.06222691673420016,90.06074818430939,Rock,Stairway to Heaven Remaster.mp3,mitad
99.38401442307692,3554.9166571106343,3207.4745402396193,6589.660153226587,0.0965719784007353,0.07439392060041428,0.3566782772541046,0.686947762966156,0.6396474838256836,0.09629834443330765,2158.2431640625,-330.0125732421875,202.45858764648438,113.2173843383789,69.32576751708984,-29.197845458984375,39.30813980102539,24.194290161132812,20.822673797607422,4.894207954406738,17.88054084777832,10.785382270812988,24.870193481445312,-6.419171333312988,15.9845552444458,9.13980770111084,13.548544883728027,-8.949566841125488,11.094276428222656,4.098873138427734,12.750982284545898,1.1431608200073242,8.601691246032715,-2.6363329887390137,7.424466609954834,-1.907159686088562,7.718926906585693,2.8864831856743116,0.10096345096826553,0.1503292133291147,0.19618342491855656,0.215408951461507,0.15023690026246234,0.07447623745556187,0.06969281060587908,0.09037801229163678,24.209816152127313,Rock,Stairway to Heaven Remaster.mp3,final
161.4990234375,1548.957480834012,2400.5642780989974,3198.1806610390868,0.021148965085623066,0.12919875979423523,0.49909675121307373,1.259104609489441,1.6841557025909424,0.09766959398984909,3424.19873046875,-288.3929443359375,97.38231658935547,121.85596466064453,42.462486267089844,-1.1199101209640503,29.182811737060547,61.29200744628906,24.64329719543457,24.489126205444336,19.97153663635254,20.69109344482422,14.52267074584961,10.342582702636719,11.69383716583252,13.831403732299805,11.16222095489502,13.816840171813965,10.820979118347168,10.8253173828125,8.670877456665039,5.450627326965332,7.084117412567139,6.317384243011475,7.1481757164001465,6.261652946472168,6.988407611846924,5.413605069013915,0.05943797901272774,0.10113270517568021,0.08229505892226865,0.13347471729994403,0.13670502062126713,0.05895417419954553,0.05525259701760609,0.04481960267944207,121.07958298539995,Rock,The Beatles - Come Together Lyrics.mp3,inicio
166.70866935483872,2043.8246622038032,2755.1574133899953,4569.264036952158,0.03366117211687306,0.14595626294612885,0.5302196741104126,1.1108375787734985,1.2376874685287476,0.07984021306037903,3126.89599609375,-187.76954650878906,67.81568145751953,155.38365173339844,30.30999755859375,-20.764198303222656,20.042844772338867,59.874420166015625,18.597610473632812,-6.546900749206543,18.514116287231445,18.631608963012695,12.719237327575684,-1.4700894355773926,12.863236427307129,9.092425346374512,9.95805549621582,3.876762628555298,7.968262195587158,12.84870719909668,8.329717636108398,7.563348293304443,9.420310020446777,5.810001850128174,7.065453052520752,9.901434898376465,7.529885768890381,3.7809393049346625,9.301610407419503e-05,0.09140444169948146,0.0909107839264138,0.1524611248589112,0.12974003944916307,0.05568079163823451,0.07301060107079982,0.034222392815924346,76.1707650106362,Rock,The Beatles - Come Together Lyrics.mp3,mitad
172.265625,2563.0289578327724,3077.474972676019,5762.356822483311,0.04048690559694272,0.10318540036678314,0.5528408885002136,1.0119796991348267,1.1203047037124634,0.08271081000566483,2334.751220703125,-253.0625,126.19542694091797,120.35265350341797,40.516571044921875,-18.743728637695312,21.59054946899414,61.17203903198242,27.584585189819336,-4.174166202545166,16.899017333984375,20.98396110534668,12.493475914001465,6.268706321716309,9.656628608703613,10.902024269104004,9.157745361328125,7.614787578582764,8.217886924743652,9.98567008972168,7.275938034057617,5.042691230773926,7.601790904998779,5.83344030380249,8.459192276000977,11.146162986755371,7.802156925201416,4.805709619013715,0.027076318860054016,0.08973249069200119,0.07840924169619513,0.07971315027705284,0.095696285804399,0.049993068699127945,0.03783036797917535,0.03180195405865701,62.61016821596176,Rock,The Beatles - Come Together Lyrics.mp3,final
161.4990234375,2826.771867340986,2865.4050296450205,5901.930978497485,0.07359233655427631,0.09004369378089905,0.582943320274353,0.8200925588607788,0.6407076716423035,0.060987688601017,3808.01611328125,-199.89315795898438,109.48164367675781,140.8226318359375,41.18071746826172,-33.49787902832031,13.024367332458496,24.332796096801758,53.19123458862305,8.003314018249512,15.600967407226562,23.36441421508789,16.054447174072266,-20.083627700805664,8.097823143005371,13.913626670837402,23.08938980102539,-5.992695331573486,7.940794944763184,4.262528419494629,13.6443452835083,-8.082921028137207,8.267816543579102,-0.20964309573173523,7.247633457183838,1.924642562866211,5.154273509979248,2.2512491976158557,0.0026978517416864634,0.10206319983924121,0.10454325659664995,0.10221065567864542,0.14816360783837648,0.03985437011963024,0.05290932481048176,0.030078731692972045,29.5402027448663,Rock,The Cranberries - Zombie.mp3,inicio
166.70866935483872,2458.3711316146578,3253.3214638943764,5506.200038095008,0.044498408172890865,0.1439802497625351,0.52846759557724,1.0963730812072754,0.9994864463806152,0.07663629949092865,3940.78369140625,-180.46461486816406,44.94350814819336,143.9015655517578,28.54587745666504,-15.385878562927246,18.586008071899414,55.31758499145508,17.579442977905273,12.505937576293945,18.899864196777344,37.21839904785156,13.548789978027344,-18.377531051635742,13.017065048217773,24.89590835571289,10.198286056518555,5.991123199462891,9.25540828704834,9.52089786529541,11.97563362121582,5.710745334625244,11.489435195922852,-2.641937017440796,9.620058059692383,2.802659273147583,7.624002933502197,3.035729537583272,0.00011546616588020697,0.0686154495752523,0.1639733520349755,0.11099513635246937,0.18940406187528755,0.04143665415481471,0.06963305083186909,0.03264628427916223,65.94063341658344,Rock,The Cranberries - Zombie.mp3,mitad
87.5926906779661,2731.1866855714507,3320.449379066291,6000.288717075029,0.05619693909636223,0.12031131237745285,0.5471808314323425,0.9651390314102173,1.28816556930542,0.08157114684581757,4820.3935546875,-218.56849670410156,147.66030883789062,114.03205108642578,42.35258102416992,-8.645533561706543,42.089664459228516,56.61215591430664,22.00585174560547,6.16388463973999,20.24141502380371,30.435922622680664,15.166646957397461,-4.949276924133301,15.331040382385254,25.228845596313477,12.37381649017334,0.41319212317466736,11.470399856567383,14.637374877929688,10.036175727844238,-2.747694253921509,9.019518852233887,1.0844281911849976,7.485066890716553,-0.06544874608516693,5.697648525238037,2.423634735033532,0.04929189011454582,0.05806822760030642,0.12377219344430394,0.11482441373047932,0.14636731333505193,0.042941598047735126,0.056237313373736414,0.013341644528519474,38.24059683670371,Rock,The Cranberries - Zombie.mp3,final
156.60511363636363,2332.975586089937,2605.038206766574,4713.504831414473,0.05161609000096749,0.1262822151184082,0.4711727499961853,1.1077054738998413,1.273499608039856,0.09623249620199203,3944.76416015625,-193.68931579589844,104.61205291748047,154.1412353515625,30.38743019104004,-46.36008834838867,25.531776428222656,47.65679168701172,28.560564041137695,-0.33661532402038574,14.330471992492676,18.3519229888916,11.23732852935791,4.239734172821045,9.893794059753418,3.687150001525879,11.467329025268555,2.991964101791382,7.812127113342285,1.767534613609314,6.8811187744140625,1.6516236066818237,6.557226657867432,-0.9975096583366394,6.474433898925781,5.320348739624023,8.014275550842285,2.493608528035832,0.004096290096640587,0.06210943271262501,0.10330687828508459,0.1437824580139525,0.14386890341113145,0.05457869473837081,0.042719756547755706,0.04346734601075547,39.18187695007726,Rock,"The Rolling Stones - Paint It, Black Official Lyric Video.mp3",inicio
161.4990234375,2797.4556173407645,2656.118706464393,5448.91705114406,0.0791709120428599,0.15551342070102692,0.5448324680328369,1.1417427062988281,0.9083635210990906,0.06221851706504822,2953.859130859375,-111.5730972290039,35.56543731689453,158.0838623046875,25.436067581176758,-71.25792694091797,13.698311805725098,64.32181549072266,14.223621368408203,-10.563912391662598,15.899600982666016,23.410343170166016,11.908340454101562,-4.872552394866943,11.459013938903809,10.01887035369873,8.62936019897461,2.7795698642730713,9.18634033203125,3.4049105644226074,6.911993026733398,0.32581430673599243,6.622503757476807,-1.4200685024261475,6.83950662612915,4.897363185882568,7.116398811340332,1.842486243975125,0.00021716777700930834,0.049081348871650825,0.05230534500598026,0.10341317213863994,0.10710508049730601,0.02971164151116278,0.034681820823974654,0.03611608190003536,23.417736660919527,Rock,"The Rolling Stones - Paint It, Black Official Lyric Video.mp3",mitad
161.4990234375,2311.3720909729727,2476.3902090909264,4751.287936278541,0.04975612392366486,0.1456037163734436,0.5711875557899475,1.0025094747543335,0.900727391242981,0.07203874737024307,4472.9521484375,-185.38372802734375,152.63645935058594,143.45460510253906,58.43911361694336,-48.6092643737793,29.273103713989258,47.7042236328125,22.929393768310547,2.5121469497680664,12.525932312011719,8.584474563598633,9.646439552307129,4.086478233337402,7.7851243019104,7.2053961753845215,6.382139205932617,4.290454864501953,6.007123947143555,1.908315896987915,5.298736572265625,3.9086272716522217,5.348556041717529,-1.7893402576446533,5.0547871589660645,5.270308494567871,5.239969253540039,2.368007516952927,0.06851683557033539,0.04275547632834322,0.053010803891557226,0.08361919776797015,0.06882230757696398,0.022768030045627295,0.028984732141853323,0.0486853554169242,37.32046908614593,Rock,"The Rolling Stones - Paint It, Black Official Lyric Video.mp3",final
117.45383522727273,1680.677848800607,1722.4631013059852,3308.2216623028735,0.04929618717347136,0.04220454394817352,0.34908241033554077,0.8971916437149048,0.31137269735336304,0.08375837653875351,79.81674194335938,-311.3377990722656,41.31918716430664,195.68089294433594,19.85704803466797,-64.4544677734375,10.007133483886719,28.668176651000977,8.522788047790527,16.123384475708008,14.11513900756836,-7.597193717956543,7.730465412139893,-3.913388967514038,7.197210311889648,-1.9890836477279663,6.706254005432129,-0.5742479562759399,6.094792366027832,-6.085831642150879,6.180886268615723,-4.30767822265625,6.39226770401001,-7.140414714813232,6.041177749633789,-9.26562213897705,6.280639171600342,8.651644998356849,0.005314135458320379,0.16021128614896918,0.13227972566392884,0.23836574974467153,0.28920852699855615,0.10673717054343408,0.11202374110976089,0.036046187931791,29.51202800433028,Rock,The Verve - Bitter Sweet Symphony.mp3,inicio
172.265625,2416.6709413524336,2691.249089720325,5195.568583107585,0.05648945433436533,0.21827220916748047,0.4930287003517151,1.046377182006836,0.6561731100082397,0.07580313831567764,5951.19189453125,-92.28095245361328,33.915035247802734,162.6966094970703,20.186784744262695,-51.14778518676758,11.450331687927246,63.1198616027832,11.588715553283691,-5.639847755432129,14.155195236206055,27.056316375732422,10.109488487243652,-2.7082889080047607,11.810222625732422,2.2274081707000732,9.441215515136719,5.498261451721191,9.271661758422852,-0.4633401334285736,7.831947326660156,0.33126693964004517,7.618221282958984,0.07791971415281296,6.507907390594482,-0.3347648084163666,6.379610061645508,2.2471483131978114,6.896647391840816e-05,0.10461080991463059,0.08221696016379544,0.17233613158008604,0.11027296329917093,0.04660234113152301,0.06298510782626046,0.02341542604241207,37.7860010709913,Rock,The Verve - Bitter Sweet Symphony.mp3,mitad
117.45383522727273,2289.732891932308,2522.808825114654,4586.1306016290155,0.06005141314338235,0.15376034379005432,0.4298079013824463,0.8897038698196411,0.44887903332710266,0.07495545595884323,5223.115234375,-171.1602325439453,154.16014099121094,154.46238708496094,52.13215637207031,-48.26725387573242,27.54914093017578,32.28096008300781,19.493629455566406,-11.692052841186523,16.307327270507812,16.38645362854004,12.312435150146484,-5.410287857055664,9.07764720916748,0.8286839723587036,9.541383743286133,0.4846125841140747,7.515076637268066,-0.7508072853088379,7.055692672729492,0.5534844398498535,6.0617804527282715,1.5058058500289917,5.518483638763428,-0.2433381974697113,6.472720623016357,2.02823953304316,0.01891467161476612,0.07144933740821627,0.08302572713689062,0.14499991019919287,0.09828925841689591,0.04410597659158859,0.04789625007547885,0.03131769538314141,25.869777429155622,Rock,The Verve - Bitter Sweet Symphony.mp3,final
126.04801829268293,1676.0204056209573,2603.982628775806,3287.155123022688,0.025232273727747678,0.11645901948213577,0.6047224998474121,1.1873854398727417,1.9089099168777466,0.0696481317281723,4444.63720703125,-316.7889099121094,113.7802734375,119.70589447021484,36.46023178100586,21.668785095214844,47.115943908691406,65.02190399169922,26.636363983154297,15.815098762512207,19.518444061279297,25.240755081176758,13.825545310974121,12.625322341918945,11.47968864440918,17.996366500854492,9.871220588684082,16.274803161621094,9.320281028747559,8.077402114868164,7.832794666290283,6.173088073730469,7.234761714935303,4.983071327209473,7.321157455444336,5.611436367034912,7.172303199768066,4.172819953253326,0.005948021542280912,0.12014179751670023,0.20176709249056002,0.11087390095628061,0.20609310309132897,0.07052750361842328,0.10102434090498057,0.02484514353602954,97.83791261819435,Rock,The White Stripes - _Seven Nation Army Lyrics.mp3,inicio
126.04801829268293,2668.9406702593874,2839.7061965576654,5229.601710647253,0.06639415634674922,0.15411436557769775,0.5555694699287415,1.1769111156463623,1.5014816522598267,0.07435006648302078,4169.9150390625,-176.38995361328125,98.80127716064453,132.0648956298828,24.488121032714844,-35.326385498046875,46.264888763427734,80.87307739257812,16.473724365234375,-0.30260586738586426,20.555133819580078,25.45100212097168,17.325551986694336,-0.407560259103775,14.494763374328613,16.115617752075195,9.866043090820312,9.919410705566406,9.058095932006836,5.1593451499938965,8.113125801086426,3.7876498699188232,7.02329158782959,-3.259666681289673,11.15655517578125,3.943128824234009,7.680055618286133,2.4955156951399835,8.686993533046916e-05,0.08945451971456887,0.1357590799910877,0.1015162256837605,0.13153684181567832,0.05096153558439364,0.05511816138655511,0.03798450641769356,30.32555202741692,Rock,The White Stripes - _Seven Nation Army Lyrics.mp3,mitad
126.04801829268293,3044.259025955427,2908.200114475025,6054.388389941709,0.08531505478424922,0.13919322192668915,0.50980544090271,0.9699909090995789,0.8543935418128967,0.0798647552728653,4004.021728515625,-158.04331970214844,94.32252502441406,132.35305786132812,33.06829833984375,-47.44118118286133,32.317386627197266,69.80491638183594,24.32375717163086,-6.056942939758301,24.399736404418945,29.082786560058594,16.854598999023438,-3.070648193359375,11.742009162902832,12.758722305297852,9.11116886138916,9.549842834472656,8.223711967468262,5.380430698394775,6.826402187347412,5.160503387451172,6.217233180999756,-8.018946647644043,8.84238052368164,2.2220842838287354,5.902763366699219,2.5362318758808615,0.00021767641010228544,0.12585961574179833,0.09824236198461588,0.09549966849478721,0.19045617231704715,0.05133468809856177,0.07316708605593608,0.07816801091838221,26.560383285362747,Rock,The White Stripes - _Seven Nation Army Lyrics.mp3,final
117.45383522727273,1685.764106664503,2255.945672890343,3311.921639929615,0.030199741800503097,0.08505402505397797,0.4953964650630951,1.0908863544464111,0.9191282987594604,0.08002246171236038,854.1678466796875,-268.3004150390625,73.92522430419922,175.40408325195312,28.61701774597168,-35.85684585571289,23.282787322998047,32.106170654296875,16.13126564025879,28.707691192626953,19.192169189453125,21.442537307739258,12.909611701965332,1.5674086809158325,10.590472221374512,5.871677875518799,8.961993217468262,-2.3138620853424072,8.716501235961914,0.39709416031837463,8.48907470703125,1.504632830619812,6.907320499420166,4.916093826293945,6.733739376068115,7.741118907928467,6.318543434143066,4.157730085142976,0.0020671472884714603,0.09273292496460254,0.10862888536666458,0.06138257239268953,0.24252579107278086,0.09001775426645928,0.03662006474944676,0.04745647160455,84.60280822277451,Rock,Whole Lotta Love Remaster.mp3,inicio
172.265625,2845.3079845203606,2946.3119781849578,5668.132392245549,0.07624972789280186,0.07994410395622253,0.5172133445739746,1.1771513223648071,0.9079766273498535,0.07529093325138092,754.718017578125,-167.0317840576172,43.59510040283203,151.01861572265625,31.74903678894043,-49.09933853149414,24.252073287963867,43.07119369506836,17.602787017822266,-13.152480125427246,12.666699409484863,17.217866897583008,12.146443367004395,-17.37865447998047,9.868351936340332,10.864296913146973,9.346822738647461,-10.214726448059082,8.655535697937012,-0.49172142148017883,7.989133358001709,-6.830441474914551,7.4789557456970215,-3.077205181121826,7.4054179191589355,-2.053300142288208,7.0108561515808105,1.6958760954079741,0.0003668100689537823,0.0598487077036787,0.07876284157902333,0.06306639355667353,0.08875427540354354,0.033686128445494644,0.03462411336951322,0.03216285979211937,17.13459750758689,Rock,Whole Lotta Love Remaster.mp3,mitad
123.046875,2357.3680479648074,2824.073658246186,4879.228829304131,0.042007304566563465,0.15061065554618835,0.5205908417701721,1.0865134000778198,0.8224735260009766,0.076099693775177,3203.9765625,-167.36219787597656,91.85253143310547,149.8290252685547,24.154146194458008,-43.511016845703125,20.514230728149414,46.67925262451172,17.429868698120117,3.1374597549438477,14.473483085632324,27.8065128326416,13.047256469726562,-0.33362212777137756,11.815468788146973,16.803831100463867,10.382405281066895,-1.0993698835372925,9.026904106140137,5.549850940704346,8.863458633422852,1.8884974718093872,7.552454948425293,6.259848594665527,6.881759166717529,5.6922926902771,7.116103649139404,3.2235987833426107,0.00014906300930306315,0.08562647861198756,0.08362572619290148,0.054197358191669896,0.19217841729248725,0.07108084131844301,0.02708647779254276,0.08867371778088166,48.96439485255022,Rock,Whole Lotta Love Remaster.mp3,final
127.8409090909091,2464.07477962322,3060.5722341906085,5349.57396462851,0.047784386942321365,0.17736920714378357,0.4447247385978699,1.1984622478485107,1.0303072929382324,0.10345403850078583,5437.2314453125,-193.66830444335938,96.13174438476562,137.9351348876953,39.59647750854492,-9.849839210510254,32.414573669433594,59.196868896484375,25.956769943237305,-7.769941806793213,21.96797752380371,30.258949279785156,19.73985481262207,-4.183234214782715,16.72463607788086,9.569439888000488,12.843164443969727,3.8040213584899902,12.363213539123535,1.4262288808822632,9.591033935546875,0.49963581562042236,9.854608535766602,2.3567123413085938,9.7626371383667,7.402966022491455,11.595444679260254,3.395091796798269,0.02952851541340351,0.1753397196195311,0.2235043894733631,0.30533841452738353,0.23849563275278382,0.0792213518707186,0.12617616254838762,0.057960658931004314,58.54318859947826,Vallenato,Binomio de Oro - Distintos Destinos.mp3,inicio
125.0,2918.3262754007937,3362.974409074404,6386.256332207608,0.06180429034838251,0.20127363502979279,0.41062477231025696,1.1476621627807617,0.745587944984436,0.0950697585940361,5809.21533203125,-128.2335205078125,46.59170150756836,143.8492431640625,24.4649658203125,-30.678401947021484,20.293636322021484,64.57525634765625,14.564887046813965,-12.187980651855469,15.712596893310547,29.285127639770508,13.227917671203613,-12.226456642150879,12.51853084564209,10.970541000366211,11.170273780822754,0.1667318195104599,10.702960014343262,1.0734790563583374,9.10217571258545,0.5823664665222168,7.643786907196045,2.7736847400665283,9.452722549438477,6.617969989776611,8.791540145874023,3.4118123744451188,2.735371708695311e-05,0.16844163812506294,0.1670711621073845,0.21872077408253976,0.20942516750046308,0.08807207905818633,0.1051053688617865,0.04653049287777008,38.14621195795702,Vallenato,Binomio de Oro - Distintos Destinos.mp3,mitad
127.8409090909091,2348.017852455641,2827.6774488294463,5191.843672236047,0.051394682611980096,0.15665368735790253,0.3397534191608429,0.9610670804977417,0.6410010457038879,0.09290874749422073,4936.1298828125,-198.69569396972656,142.63304138183594,136.29507446289062,50.57365417480469,-27.574819564819336,22.454374313354492,51.5002555847168,22.35533905029297,-2.638648271560669,18.511308670043945,20.730815887451172,15.085601806640625,-4.4425740242004395,12.503470420837402,6.846211910247803,10.023932456970215,-1.153862714767456,10.681578636169434,4.262753009796143,8.389348983764648,-0.9166272282600403,7.330599784851074,0.5713074803352356,8.37426471710205,6.795475482940674,8.91303539276123,3.3783786264234785,0.07305634021759033,0.15480946813549856,0.1613539995157517,0.17391396157906916,0.20780952678836725,0.08274075802151408,0.08598818360081784,0.047497548468233175,42.23600405785157,Vallenato,Binomio de Oro - Distintos Destinos.mp3,final
144.23076923076923,1896.1943206400808,2115.767089837487,3597.910371489513,0.04382762508887309,0.20540310442447662,0.3629094362258911,1.294210433959961,1.350968360900879,0.10279896855354309,6899.0205078125,-195.3478240966797,123.7937240600586,160.82676696777344,54.87104797363281,-37.54365158081055,41.618247985839844,28.085620880126953,30.371774673461914,-3.0132789611816406,26.275449752807617,17.263652801513672,15.817904472351074,-10.19935417175293,15.23424243927002,0.3335946202278137,13.273934364318848,9.54092025756836,15.247817039489746,-7.211896896362305,12.626602172851562,-2.526087760925293,10.818458557128906,11.50084114074707,12.086898803710938,7.659752368927002,10.147873878479004,2.4452712774784495,0.07360934466123581,0.09736405141351819,0.10064799674733682,0.22620133731614755,0.18366617098785926,0.063028064429214,0.06787132091981155,0.0430949789449659,45.23513486330832,Vallenato,Binomio de Oro - La Creciente.mp3,inicio
148.02631578947367,2203.666712250315,2509.934329045575,4216.342094738713,0.0487455007998578,0.23950998485088348,0.3960932195186615,1.4962596893310547,1.58034348487854,0.09696450084447861,7625.154296875,-143.60781860351562,66.89874267578125,166.07687377929688,30.197553634643555,-40.770172119140625,28.915447235107422,30.832990646362305,28.750038146972656,-3.911217212677002,24.207721710205078,22.497419357299805,15.065613746643066,-10.598983764648438,14.23905086517334,1.8672692775726318,12.47497272491455,5.309484004974365,13.077125549316406,-9.498849868774414,11.728029251098633,-1.2950429916381836,10.963757514953613,10.110047340393066,10.683623313903809,7.967130661010742,9.240042686462402,2.538485994600099,1.7520920664537698e-05,0.07936297395663042,0.09859555435844318,0.19658920497439636,0.19939645091260147,0.06946926641693303,0.06045689867391824,0.05079048334016268,43.76135952630393,Vallenato,Binomio de Oro - La Creciente.mp3,mitad
100.44642857142857,2041.7373612291294,2487.271225738031,4001.3969738713117,0.041959033671791685,0.21012666821479797,0.38335469365119934,1.4045460224151611,1.533432960510254,0.09752703458070755,5922.89013671875,-185.10125732421875,109.18209075927734,153.66192626953125,45.96464538574219,-27.289554595947266,28.184175491333008,35.2907829284668,27.115604400634766,-2.5788486003875732,23.76006317138672,23.764631271362305,14.406402587890625,-3.9403343200683594,14.365531921386719,1.3292593955993652,12.041932106018066,-4.739211082458496,13.474112510681152,-0.6042215824127197,11.590667724609375,7.654462814331055,12.7169828414917,3.4631481170654297,9.82778263092041,9.771418571472168,9.47302532196045,3.176288327805227,0.03609417378902435,0.15026430342026528,0.13995972326913655,0.23928655935413354,0.19848626663620608,0.0806902758823612,0.07320367723261902,0.08236181797965955,56.89977804829336,Vallenato,Binomio de Oro - La Creciente.mp3,final
127.8409090909091,2723.514286805184,3179.589763163466,5944.826475293281,0.053366380698986846,0.18756799399852753,0.45795297622680664,1.0404576063156128,0.8491871356964111,0.09559747576713562,5221.4677734375,-165.999267578125,76.61764526367188,134.51881408691406,32.683223724365234,-25.77927017211914,21.451841354370117,63.343753814697266,19.354724884033203,-9.491960525512695,17.931068420410156,29.525968551635742,14.623577117919922,-5.6598687171936035,15.424214363098145,5.774574279785156,12.609746932983398,-1.765899896621704,12.095022201538086,0.5137192010879517,9.401082992553711,2.000159978866577,11.538625717163086,0.7777901887893677,8.452622413635254,4.0646467208862305,8.327041625976562,4.237532594340424,0.017138028517365456,0.26469076821311993,0.22354324787143579,0.2549129811038053,0.31014195895338426,0.08508860514518082,0.14348789949982507,0.07039995774805557,50.47904542355789,Vallenato,Binomio de Oro - Me Vas A Extrañar.mp3,inicio
130.8139534883721,3327.757662871505,3583.9952239443737,7332.479781372201,0.06885112785504799,0.25962212681770325,0.4211042821407318,1.1703091859817505,0.9187493324279785,0.08457068353891373,7958.0205078125,-86.73641967773438,50.946895599365234,138.67523193359375,22.058921813964844,-38.6434440612793,19.13746452331543,60.257102966308594,14.693978309631348,-26.374011993408203,20.338027954101562,36.03081512451172,14.840412139892578,-13.662187576293945,16.330236434936523,16.319345474243164,11.503913879394531,-5.50752067565918,10.318914413452148,3.422966718673706,9.783658981323242,1.5868961811065674,8.622833251953125,-0.9786189794540405,8.162741661071777,6.915901184082031,8.21180534362793,2.8602041723004685,6.631060387007892e-05,0.1587066812235916,0.17219512961442,0.1741376948153901,0.22813717599940142,0.07639176865471313,0.09071913068275662,0.0326556811252861,30.455667891100774,Vallenato,Binomio de Oro - Me Vas A Extrañar.mp3,mitad
127.8409090909091,3688.4816713878986,3879.859583903353,8283.160771418414,0.07917811139130822,0.29657983779907227,0.42923831939697266,1.0727146863937378,0.6786428689956665,0.0864613875746727,9592.3603515625,-68.84855651855469,54.78522491455078,131.8431854248047,21.418542861938477,-31.196182250976562,23.621057510375977,62.32524108886719,17.225200653076172,-27.53072166442871,21.02048110961914,39.323299407958984,14.04886531829834,-22.622947692871094,16.121397018432617,17.302885055541992,11.032594680786133,-2.707111120223999,10.212518692016602,4.732963562011719,7.804069995880127,1.3344590663909912,9.940229415893555,2.2364165782928467,8.493542671203613,6.960323810577393,8.249975204467773,2.9584334953253384,6.330933683784679e-05,0.22840452613888926,0.16752371519731674,0.2283733909865613,0.28393175795353015,0.09631802559765518,0.1159287855441278,0.04190562873139775,25.4013327112498,Vallenato,Binomio de Oro - Me Vas A Extrañar.mp3,final
144.23076923076923,1999.408334760987,2110.1159914261298,4031.5499466761466,0.048408407949697835,0.16703712940216064,0.36720040440559387,1.2382794618606567,1.2451549768447876,0.09863808006048203,3536.7109375,-234.20761108398438,86.15247344970703,162.49473571777344,42.319217681884766,-32.36416244506836,36.75343322753906,44.35652160644531,32.624855041503906,-3.2059452533721924,22.01300811767578,7.205070495605469,14.528817176818848,13.244109153747559,13.717986106872559,-9.759965896606445,16.321937561035156,18.02420997619629,12.92873477935791,-5.672491073608398,12.73112678527832,-2.731395959854126,11.265125274658203,7.107482433319092,11.693245887756348,1.3967194557189941,11.308917045593262,3.7568646732440483,0.0325869545340538,0.1715096129923709,0.22242902219065033,0.22010475761975523,0.32658010693933576,0.12257403645679345,0.10486850768566329,0.0413802387832585,66.1633124915272,Vallenato,Binomio de Oro - Muere Una Flor.mp3,inicio
102.27272727272727,2280.408811236188,2388.758357406625,4874.600071098472,0.05296037648862424,0.17640437185764313,0.3983617126941681,1.3159745931625366,1.2994883060455322,0.09490927308797836,4556.9990234375,-206.45982360839844,63.5711784362793,166.30340576171875,27.292604446411133,-41.86267852783203,35.77289962768555,58.424320220947266,31.461769104003906,-7.475040435791016,21.700298309326172,5.204990863800049,13.093586921691895,14.611671447753906,10.956753730773926,-14.884188652038574,13.447575569152832,19.931859970092773,13.53754711151123,2.6226277351379395,15.639946937561035,9.435507774353027,11.631570816040039,7.345492839813232,10.523358345031738,-2.44309139251709,11.116620063781738,3.161604352391881,2.00387285076431e-06,0.1423213739299047,0.16805622006328208,0.20954006439457631,0.2760484570917878,0.09115273258406607,0.09831009939639389,0.03162481876745705,52.40198533043281,Vallenato,Binomio de Oro - Muere Una Flor.mp3,mitad
108.17307692307692,2135.641056661754,2286.171020570724,4560.822520440811,0.0504561341872556,0.1499217301607132,0.4169517457485199,1.2365343570709229,1.321796178817749,0.09574161469936371,3939.255126953125,-237.4114990234375,95.84219360351562,157.8408966064453,33.49508285522461,-31.10759735107422,46.996360778808594,55.876800537109375,29.94959831237793,-4.315642356872559,23.678016662597656,7.835534572601318,14.848640441894531,15.251041412353516,10.983185768127441,-14.429356575012207,16.201719284057617,14.470098495483398,14.37211799621582,1.33591628074646,16.293563842773438,11.681985855102539,11.460713386535645,9.594542503356934,10.30474853515625,0.24330084025859833,12.403117179870605,3.4027542909935344,2.1422799818537896e-06,0.18003602313831218,0.11562533079918098,0.19801537065671906,0.2469781210289905,0.093345311965942,0.06727406504007498,0.04154441329174817,54.48426030474051,Vallenato,Binomio de Oro - Muere Una Flor.mp3,final
127.8409090909091,2904.294802390523,3315.8871193233667,5988.552035193743,0.06664388136553502,0.13641370832920074,0.4010048806667328,1.1730610132217407,1.2218726873397827,0.08834603428840637,3260.0517578125,-180.82435607910156,82.89801025390625,136.7470703125,36.7075080871582,-27.111433029174805,18.430374145507812,45.74654769897461,20.694744110107422,-13.149417877197266,18.25592803955078,36.58216857910156,17.331707000732422,-11.781654357910156,15.815766334533691,13.072547912597656,12.820093154907227,-6.1556172370910645,15.508172988891602,5.995092391967773,9.790909767150879,-1.4854152202606201,9.087307929992676,-4.862088680267334,11.093385696411133,8.162909507751465,9.800520896911621,2.9222223958952855,0.019981011748313904,0.21240624206916947,0.19743122873973598,0.20855804806051817,0.24860405765857957,0.0917277878511231,0.08400439477884351,0.03764760795914156,37.708593297316305,Vallenato,Binomio de Oro - Olvídala.mp3,inicio
133.92857142857142,3661.309894458658,3711.2626661399636,7752.996689477426,0.08506161404639176,0.15583066642284393,0.42773202061653137,1.2504380941390991,1.067042350769043,0.08786115795373917,3471.786376953125,-128.80401611328125,51.16262435913086,136.2662811279297,27.92986488342285,-36.66298294067383,19.265625,56.610469818115234,19.111005783081055,-27.2376708984375,19.76071548461914,37.26241683959961,15.491612434387207,-23.5632266998291,13.90959644317627,14.783447265625,13.044816970825195,-3.6409943103790283,11.914775848388672,2.908346176147461,9.59897518157959,-0.014037868939340115,8.529099464416504,-0.3080393373966217,9.746138572692871,7.62493896484375,8.526334762573242,1.9074859079256363,7.08413717802614e-05,0.11075052878449294,0.10843389090985513,0.1945883656244702,0.14975500767513647,0.049324630996449036,0.0597181753609659,0.025128389396027035,22.956526681170146,Vallenato,Binomio de Oro - Olvídala.mp3,mitad
133.92857142857142,4012.748609813094,3692.6832173453736,8204.166481514398,0.10919395579674725,0.12769237160682678,0.4341897666454315,1.1113364696502686,1.0365474224090576,0.09521662443876266,3710.72314453125,-189.10549926757812,146.1322479248047,118.86637115478516,47.87896728515625,-36.428646087646484,22.115877151489258,48.729835510253906,23.498971939086914,-22.33553695678711,20.170860290527344,34.03297805786133,19.710176467895508,-18.963247299194336,14.264623641967773,11.232812881469727,13.02981948852539,-3.25693941116333,10.359319686889648,2.603644371032715,8.957592010498047,1.9344265460968018,8.293539047241211,0.19421608746051788,8.666001319885254,6.418900489807129,8.378988265991211,2.027886210480077,0.026673326268792152,0.09117083305163931,0.11555572287748447,0.17971491095806547,0.12206693118470345,0.045910069633708195,0.056057721632841485,0.024993762082517097,21.384813711236344,Vallenato,Binomio de Oro - Olvídala.mp3,final
133.92857142857142,2833.0028478649056,3279.3077276524978,6187.891597049414,0.05790064405216851,0.11852645128965378,0.45408573746681213,1.1487979888916016,1.0790300369262695,0.09246274083852768,1986.4364013671875,-220.1321563720703,111.44796752929688,128.65016174316406,35.695255279541016,-17.175703048706055,29.857879638671875,54.169368743896484,23.983314514160156,-9.340051651000977,23.562030792236328,31.920534133911133,18.301225662231445,-10.080958366394043,16.858068466186523,11.33740520477295,11.76035213470459,-5.929315567016602,15.297887802124023,3.837798595428467,10.003867149353027,4.677933216094971,9.916950225830078,-0.8981345891952515,8.885252952575684,10.154175758361816,10.72763442993164,3.4406401566106184,0.0209305789321661,0.15055586433207596,0.22906624226293812,0.18834512222942368,0.24965939589407088,0.06317566181853215,0.09510533716496504,0.035748635763451594,46.27374543370643,Vallenato,Binomio de Oro - Quiero Que Seas Mi Estrella.mp3,inicio
130.8139534883721,3626.0736793244737,3857.2475543321166,8083.554590295059,0.0813407477559545,0.13624326884746552,0.45133161544799805,1.158988356590271,1.0782309770584106,0.0891706645488739,1689.4932861328125,-176.80091857910156,53.3503303527832,118.94141387939453,26.75472068786621,-21.736270904541016,20.396467208862305,66.0126724243164,16.314245223999023,-20.337575912475586,20.1588191986084,40.05841827392578,16.73082733154297,-21.488054275512695,14.100555419921875,16.198028564453125,13.109991073608398,-13.479512214660645,14.68855094909668,4.06170654296875,11.685747146606445,8.922304153442383,10.514554023742676,-1.617313027381897,9.321736335754395,12.565735816955566,9.632567405700684,3.9508795296702077,4.22292978328187e-05,0.18411702429822008,0.1350754791106614,0.2052394596625421,0.2028371333557519,0.08137361064235103,0.08283599800855607,0.047374140825250995,38.43865419485742,Vallenato,Binomio de Oro - Quiero Que Seas Mi Estrella.mp3,mitad
137.1951219512195,3484.1980673102294,3705.1990373420467,7885.098204763598,0.07558152856158905,0.11145681142807007,0.40146172046661377,0.9736061096191406,0.7628333568572998,0.08780600875616074,2470.686767578125,-211.6872100830078,146.69244384765625,118.38447570800781,41.05846405029297,-23.41529083251953,25.802316665649414,41.25156784057617,23.37628746032715,-21.4553279876709,20.299341201782227,32.664283752441406,19.519487380981445,-24.120922088623047,18.95693588256836,8.111076354980469,13.237883567810059,-0.7063716650009155,13.559538841247559,1.0118756294250488,9.782771110534668,0.2838676869869232,8.048168182373047,6.7085652351379395,10.392000198364258,12.312877655029297,9.513278007507324,2.8036308709847235,0.03656651824712753,0.13219720863537548,0.09158605638229955,0.1857139478165478,0.17228121281003975,0.05558543894863175,0.05769734287231068,0.02715515852601289,25.008486173783805,Vallenato,Binomio de Oro - Quiero Que Seas Mi Estrella.mp3,final
127.8409090909091,1974.2054247615572,2311.583022815745,3283.441277106292,0.05263664931789904,0.11180229485034943,0.511454164981842,1.0792558193206787,0.869949221611023,0.07607405632734299,1519.3211669921875,-204.7687225341797,69.13037872314453,174.0316925048828,19.092634201049805,-49.729637145996094,49.582515716552734,21.777238845825195,25.996505737304688,-15.758554458618164,23.448402404785156,25.288745880126953,9.793964385986328,-6.900428771972656,11.939719200134277,-0.15918835997581482,11.397947311401367,2.0181479454040527,7.9562458992004395,1.7905964851379395,7.581720352172852,7.9168314933776855,6.855085372924805,-3.3170106410980225,7.514952182769775,5.3824944496154785,8.237728118896484,2.197970915306914,0.001082375063560903,0.14005782857893645,0.29268544163369864,0.22105044389287132,0.2729789387045374,0.10050880442924481,0.11414672475050613,0.08733049590369286,36.43301493501823,Vallenato,Binomio de Oro - Si Tu Amor No Vuelve.mp3,inicio
127.8409090909091,2857.892808509082,3498.194452508218,6510.450919836473,0.05599768374511198,0.16093230247497559,0.3775346279144287,1.1482734680175781,1.3051660060882568,0.08924190700054169,3667.146728515625,-180.59019470214844,79.48021697998047,146.03866577148438,27.247526168823242,-14.21000862121582,23.91533660888672,45.28022384643555,16.909032821655273,-26.451303482055664,19.491180419921875,38.25093078613281,16.55803871154785,-7.986611366271973,14.38308334350586,17.549463272094727,12.595799446105957,-3.0634005069732666,13.989739418029785,1.4074952602386475,13.373342514038086,10.399808883666992,10.150325775146484,-2.3501648902893066,10.220348358154297,9.373513221740723,10.401191711425781,3.355509552779097,2.059101825580001e-05,0.13303265465652567,0.1578716596266917,0.21159476412980868,0.23333170593856775,0.0888287806043248,0.09755460689873612,0.02410166707438883,49.0000950148093,Vallenato,Binomio de Oro - Si Tu Amor No Vuelve.mp3,mitad
127.8409090909091,2478.2411173646983,2950.0503764499203,5100.359936011376,0.050356325542125845,0.12477833777666092,0.39563342928886414,1.0715935230255127,0.869747519493103,0.08867338299751282,2503.79052734375,-175.62596130371094,40.92057800292969,159.9174346923828,22.355648040771484,-38.23884201049805,38.49446105957031,20.010271072387695,32.05898666381836,-25.607805252075195,13.853894233703613,21.61100196838379,20.089502334594727,-13.817943572998047,11.042696952819824,2.96211576461792,12.053882598876953,-0.018785549327731133,11.125204086303711,-3.7625839710235596,10.551432609558105,3.6333553791046143,11.296419143676758,-3.66974139213562,7.052435398101807,4.68770170211792,9.760316848754883,2.7080131147283577,2.850205964932684e-05,0.09313791679409691,0.1362834523280351,0.17304247511465456,0.13577272568369936,0.06463370295562167,0.060486702072919174,0.01897432191182879,34.611176924306,Vallenato,Binomio de Oro - Si Tu Amor No Vuelve.mp3,final
130.8139534883721,2591.5563547626925,3074.963733187439,5400.214961784572,0.0548079646951653,0.13042819499969482,0.4398396611213684,1.1081962585449219,1.139836311340332,0.08811496198177338,2205.196533203125,-199.26710510253906,78.45402526855469,144.17005920410156,34.5093879699707,-22.897724151611328,18.154783248901367,45.10634231567383,17.190162658691406,-11.259828567504883,19.457345962524414,28.839550018310547,16.898693084716797,-8.027249336242676,13.332505226135254,4.375277519226074,12.642839431762695,4.6322197914123535,13.139137268066406,1.6707769632339478,12.114460945129395,-0.7266141176223755,11.045660018920898,-0.33879756927490234,11.47141170501709,4.312616348266602,10.629311561584473,3.872467458121501,0.01721223071217537,0.12154114297465625,0.18445033706417044,0.22294019947193425,0.2207187307120819,0.07539186836201206,0.09285823563566885,0.06720569750478352,52.67796952195018,Vallenato,Binomio de Oro - Un Osito Dormilón.mp3,inicio
137.1951219512195,3168.542990686379,3557.571112119838,6978.234424991113,0.0648178171102915,0.15768857300281525,0.46162328124046326,1.1883471012115479,1.0142719745635986,0.08831523358821869,2726.462646484375,-150.55520629882812,53.97685241699219,139.1973876953125,25.1756649017334,-29.131635665893555,19.126916885375977,55.665672302246094,18.21608543395996,-19.735992431640625,20.271747589111328,37.36770248413086,15.469810485839844,-18.884376525878906,15.290791511535645,13.22852611541748,11.730389595031738,2.8447072505950928,11.324048042297363,0.9129173159599304,9.554580688476562,-0.39624887704849243,9.648433685302734,1.2521456480026245,8.809225082397461,9.535296440124512,8.938942909240723,2.545243756153485,4.7068067942745984e-05,0.10107821832744145,0.13091315367372422,0.17332861116789414,0.1692536170641609,0.057974755394064444,0.06568815115325291,0.02985237418490251,37.92045929092163,Vallenato,Binomio de Oro - Un Osito Dormilón.mp3,mitad
144.23076923076923,2536.774577882414,2946.720352242929,5411.387975471027,0.05396592689077497,0.14214341342449188,0.4345761239528656,0.9382252097129822,0.8189387321472168,0.10472723841667175,3083.412353515625,-206.3934783935547,127.64363098144531,132.1688995361328,41.02001953125,-21.325986862182617,36.10081481933594,46.07124710083008,23.255712509155273,-11.338298797607422,25.279325485229492,28.561424255371094,19.94143295288086,-13.69292163848877,19.806028366088867,12.84074878692627,15.358354568481445,8.05897331237793,10.48956298828125,1.531497836112976,9.704204559326172,-1.77804434299469,11.228106498718262,4.759028434753418,10.180136680603027,8.200567245483398,9.786176681518555,3.4419588761510544,0.04416769742965698,0.1193187082783245,0.19682878585960475,0.19964613212122584,0.25557448401697735,0.08448775406728669,0.08457830554286382,0.05654991880665031,40.963741267063064,Vallenato,Binomio de Oro - Un Osito Dormilón.mp3,final
110.29411764705883,2624.2242416553368,3189.494674986778,5410.396485069321,0.05045266258220761,0.034894756972789764,0.4739614427089691,1.1758712530136108,0.8549574017524719,0.09430290758609772,1173.2919921875,-306.767578125,75.16747283935547,131.63552856445312,32.32512283325195,-9.747074127197266,30.402080535888672,27.03835105895996,16.49839973449707,-0.04167245328426361,16.25118064880371,12.591826438903809,13.524835586547852,0.9284279942512512,13.090720176696777,3.515465259552002,12.478925704956055,-1.8978692293167114,9.346916198730469,4.279419898986816,8.344422340393066,0.9032755494117737,9.438528060913086,1.1080974340438843,7.9379096031188965,3.396635055541992,8.09633731842041,1.9141078440288906,0.02395235188305378,0.07588862846428918,0.07321462167463728,0.13483866753319576,0.09350912888873793,0.04205959106414206,0.04169861477426801,0.10003723512540882,31.563184542166727,Vallenato,"Carlos Vives, Marc Anthony - Cuando Nos Volvamos A Encontrar.mp3",inicio
137.1951219512195,3049.845845231788,3563.280166724817,6883.942854603626,0.057802571209562746,0.1925659030675888,0.46301978826522827,1.1073176860809326,0.8224859833717346,0.0768078938126564,6831.19140625,-102.60782623291016,36.12467956542969,146.6605987548828,17.35787582397461,-39.41492462158203,13.55640983581543,58.040016174316406,11.80107307434082,-14.694317817687988,11.940777778625488,38.909481048583984,11.32801342010498,-14.239873886108398,9.213546752929688,15.602880477905273,9.874319076538086,-5.06844425201416,9.11194896697998,7.9156880378723145,9.410932540893555,5.568565845489502,7.865174293518066,1.058453917503357,7.185403823852539,5.788477897644043,7.813182830810547,2.1940464196430516,4.492935477173887e-05,0.10364217766146254,0.1323436834262753,0.16103873662179152,0.160521139015401,0.06626685184639092,0.04921148181979837,0.09790831849956186,40.00656787946295,Vallenato,"Carlos Vives, Marc Anthony - Cuando Nos Volvamos A Encontrar.mp3",mitad
137.1951219512195,2491.5157679555273,2955.1535879191583,5598.704674724493,0.04807860547013864,0.16910263895988464,0.5138447284698486,0.9083898067474365,0.7875191569328308,0.09341073781251907,6763.20849609375,-183.4215850830078,167.0465545654297,127.49722290039062,40.72604751586914,-22.19904899597168,40.40372085571289,48.684104919433594,19.2705078125,-14.191624641418457,23.015974044799805,31.767236709594727,13.591588020324707,-5.325340270996094,15.561132431030273,17.654464721679688,8.518242835998535,0.6897971630096436,8.57740592956543,8.559810638427734,6.986474990844727,5.837251663208008,7.005908966064453,5.117331027984619,6.995558738708496,9.918367385864258,6.106945991516113,2.5799380446481237,0.02432364597916603,0.16655081950179407,0.2806464291863469,0.31946861081447453,0.17154524403674368,0.13265943298865515,0.09369624226254855,0.09828696267776435,36.08189022603312,Vallenato,"Carlos Vives, Marc Anthony - Cuando Nos Volvamos A Encontrar.mp3",final
104.16666666666667,3458.497314961657,3270.7064800705316,7064.569076608603,0.09117649917792392,0.09830424934625626,0.3809264004230499,1.2645493745803833,1.3123542070388794,0.08592789620161057,2165.953369140625,-189.08155822753906,80.54912567138672,120.52957153320312,29.62485122680664,-43.372859954833984,22.824161529541016,72.60874938964844,21.068517684936523,-22.984344482421875,15.589076042175293,18.46363639831543,16.184728622436523,-6.985489845275879,13.020594596862793,-2.2935426235198975,11.980792999267578,-11.771184921264648,10.309781074523926,-8.532407760620117,9.43875789642334,-3.362494468688965,9.551115989685059,-8.137053489685059,10.101082801818848,2.948370933532715,11.5890474319458,2.7328234274803864,0.004786045290529728,0.15755623110837375,0.1609347967422552,0.24736543355942564,0.16572642638822163,0.07914580981433736,0.10171679177244004,0.03348876888841292,17.76321320098564,Vallenato,Diomedes Diaz - Amarte Mas No Pude.mp3,inicio
104.16666666666667,3765.8606212491104,3418.8229866166025,7627.452341805902,0.09955730092428013,0.12608538568019867,0.3778879642486572,1.2037612199783325,1.0641183853149414,0.08646257221698761,2634.48486328125,-149.7772674560547,46.94501876831055,122.43750762939453,22.101774215698242,-48.42097091674805,18.921018600463867,72.88973236083984,15.958680152893066,-27.4904842376709,17.142627716064453,24.47467041015625,15.994425773620605,-10.771129608154297,15.434207916259766,0.7262740135192871,12.115874290466309,-11.88390827178955,11.2384672164917,-7.3995208740234375,9.038200378417969,-0.3659815490245819,8.891094207763672,-9.830202102661133,9.401910781860352,3.152282953262329,9.713075637817383,2.9593761804629173,4.3887761421501637e-05,0.13941823578052684,0.13277789485015257,0.19672632550321184,0.20574161423534976,0.07077423748004172,0.07977627977318517,0.04684670039657263,14.99382527995103,Vallenato,Diomedes Diaz - Amarte Mas No Pude.mp3,mitad
104.16666666666667,3278.278840215737,3146.191840826954,6837.23449164593,0.07415591394863136,0.09256811439990997,0.3195328414440155,1.1736572980880737,1.1398983001708984,0.09473036229610443,2757.321533203125,-229.7272491455078,114.4610366821289,120.96751403808594,38.36933898925781,-39.15806579589844,28.611125946044922,52.2339973449707,22.632225036621094,-17.4700984954834,20.143686294555664,13.638654708862305,18.61894989013672,-3.90815806388855,16.632240295410156,-3.6263182163238525,13.175633430480957,-5.413412570953369,12.71568775177002,-8.44119644165039,8.745241165161133,-2.3383493423461914,8.431766510009766,-5.035406112670898,8.347480773925781,4.459242820739746,8.916496276855469,2.8555996025186334,0.001652508624829352,0.1416210674891729,0.1819853422297557,0.19318825763703906,0.21080778950369655,0.07960969923299456,0.09269225799300679,0.0431509265133439,16.194442244707727,Vallenato,Diomedes Diaz - Amarte Mas No Pude.mp3,final
117.1875,3229.0588609268807,2690.3728421680103,5836.887331141131,0.09674686305767863,0.07046888023614883,0.31726256012916565,1.2101625204086304,1.3230894804000854,0.09731288999319077,1378.460693359375,-271.1984558105469,141.05667114257812,111.71375274658203,34.47142028808594,-73.32674407958984,26.756019592285156,48.42080307006836,43.541664123535156,-21.02214813232422,17.987485885620117,17.05780029296875,25.621665954589844,-10.191354751586914,12.478547096252441,-3.320411205291748,15.160290718078613,-8.413662910461426,13.697449684143066,-7.384369850158691,10.113053321838379,-1.4811882972717285,11.432086944580078,-1.0754282474517822,14.396592140197754,6.375582695007324,15.965709686279297,2.7403265031345803,0.035358019173145294,0.1565793496384895,0.19103052418044253,0.18500283987177535,0.29770154037707064,0.10578872412768141,0.08826407898302038,0.08368243155682892,9.106263435575597,Vallenato,Diomedes Diaz - El Condor Herido.mp3,inicio
125.0,3660.4549084063956,2821.3220861344985,6507.101515286171,0.11097784005065767,0.09051582962274551,0.42197880148887634,1.452752709388733,1.409818410873413,0.08679148554801941,2198.560791015625,-185.77137756347656,62.61980056762695,122.56208038330078,28.74538803100586,-86.77145385742188,20.830156326293945,64.69511413574219,20.749038696289062,-13.41329574584961,20.463788986206055,18.42068862915039,16.51854133605957,-9.197491645812988,15.251287460327148,0.7711167931556702,11.946858406066895,-2.8240368366241455,11.065712928771973,-4.621524810791016,9.58797550201416,-1.5546356439590454,9.163951873779297,-3.6405458450317383,9.952032089233398,3.8104751110076904,9.004786491394043,1.4101079363188498,7.277471013367176e-05,0.11944558397347403,0.12280266913902316,0.15380843673312325,0.20332968808004837,0.07238844283158286,0.06241196580688792,0.06652047790012003,7.436179221687664,Vallenato,Diomedes Diaz - El Condor Herido.mp3,mitad
127.8409090909091,2984.800788540636,2568.172818715853,5492.615201741913,0.08259243495600782,0.0706154853105545,0.3153570592403412,1.2992820739746094,1.219194769859314,0.09489244222640991,1210.16015625,-257.8843688964844,123.5619125366211,131.6714630126953,27.8873233795166,-73.32721710205078,30.28120994567871,48.27245330810547,38.591312408447266,-16.464359283447266,19.990110397338867,10.96532917022705,18.8347225189209,-5.692709922790527,15.317487716674805,-6.706148147583008,10.79041576385498,-7.101221561431885,10.242472648620605,-5.873979568481445,9.470494270324707,-7.422446250915527,10.223367691040039,-7.06614875793457,10.011087417602539,-1.6833962202072144,11.939642906188965,2.4140076677994933,3.261990423197858e-05,0.11676846008693537,0.18908601618801887,0.2389160249076495,0.19505927639021145,0.0922250470663283,0.08532562550960295,0.04871544911027262,8.41437058186663,Vallenato,Diomedes Diaz - El Condor Herido.mp3,final
148.02631578947367,4044.79416027519,3346.153927464,7535.452030750089,0.12482155950053324,0.20191533863544464,0.3603517711162567,1.4293979406356812,1.2675716876983643,0.08559276163578033,7166.46826171875,-106.74169921875,76.92680358886719,111.31896209716797,29.851099014282227,-59.70051574707031,23.909944534301758,72.81771850585938,21.08283805847168,-28.22734260559082,16.052204132080078,27.6427059173584,15.959875106811523,-11.372878074645996,14.181411743164062,2.8520121574401855,12.269943237304688,-11.963310241699219,10.56607437133789,10.541257858276367,9.49734115600586,2.519835948944092,9.062703132629395,-4.0072431564331055,8.976579666137695,4.747335433959961,8.296442985534668,1.8983346017707683,0.016329361125826836,0.09662084543056239,0.08050526919747976,0.15106035525115777,0.11909708147898172,0.04396138584993695,0.05098811261247539,0.041047801289728236,11.625942954975931,Vallenato,Diomedes Diaz - La Plata.mp3,inicio
148.02631578947367,4233.713041384312,3579.0704494971706,8073.589695165304,0.12401024540081763,0.1822572648525238,0.4700542092323303,1.4334665536880493,1.3091787099838257,0.08081255108118057,8255.763671875,-101.2083740234375,45.785614013671875,116.26790618896484,26.098756790161133,-51.96794509887695,19.416690826416016,79.62519073486328,17.240001678466797,-27.15020751953125,15.632383346557617,32.606624603271484,15.465694427490234,-9.57180404663086,14.780314445495605,7.857215881347656,10.750253677368164,-9.61911392211914,9.287383079528809,10.18531322479248,8.551688194274902,1.5724825859069824,7.770845890045166,-5.620647430419922,8.73896598815918,0.9463298320770264,7.452790260314941,1.2907596610812406,9.421959111932665e-05,0.08986076489682483,0.07724479844247946,0.10872216293253138,0.12339709526394406,0.04407745787336887,0.037305759599700984,0.04374801808817599,16.251781152749825,Vallenato,Diomedes Diaz - La Plata.mp3,mitad
148.02631578947367,3849.872088271914,3378.488125404564,7372.306034482759,0.10909397357136509,0.1892417073249817,0.46617045998573303,1.3140696287155151,1.0899063348770142,0.07685695588588715,8523.3056640625,-104.25701904296875,82.25862884521484,125.76563262939453,24.16789436340332,-56.50600051879883,17.163410186767578,75.07000732421875,17.828529357910156,-23.668472290039062,16.007221221923828,27.014013290405273,17.964017868041992,-6.573257923126221,14.770691871643066,8.298867225646973,11.687935829162598,-13.335737228393555,10.216434478759766,5.374631881713867,10.601476669311523,0.28360646963119507,8.753089904785156,-6.928579330444336,8.21511173248291,2.2743682861328125,7.955463409423828,1.3933749425178077,6.425915489671752e-05,0.13384765966547613,0.08330489337625062,0.12227989860531,0.17642473571231795,0.05787226747545792,0.04521069801023348,0.04997900159277707,16.01833684041273,Vallenato,Diomedes Diaz - La Plata.mp3,final
100.44642857142857,2317.962721776644,2496.3787776083786,4521.612824386776,0.05693414920680768,0.09120719879865646,0.3475695848464966,1.1935484409332275,1.2966161966323853,0.09615635126829147,1694.477294921875,-260.1416320800781,103.3082504272461,145.92457580566406,29.90943717956543,-46.413936614990234,35.20515441894531,48.09392166137695,23.69330406188965,2.806727409362793,20.36455535888672,8.682106971740723,14.024856567382812,-2.709134578704834,14.3583402633667,-1.1909583806991577,10.856633186340332,-4.300374984741211,10.617018699645996,-3.801013231277466,15.102503776550293,-5.471437931060791,14.209516525268555,-7.264660358428955,11.868492126464844,-2.4977781772613525,13.15091609954834,3.703057377219527,0.0007361063035205007,0.19215494079581566,0.16713134247613154,0.2520762900298331,0.3311446280302196,0.13655121175128634,0.10259990005549197,0.08756053390849508,25.44289205464479,Vallenato,Diomedes Diaz - Sin Medir Distancias.mp3,inicio
106.13207547169812,2560.3741927563274,2663.209467277938,5191.410415926058,0.06413738252088517,0.10327879339456558,0.4001391530036926,1.2852603197097778,1.3306193351745605,0.0857287123799324,1025.9378662109375,-205.2532958984375,59.32451248168945,149.15853881835938,21.13726234436035,-56.88998794555664,20.474735260009766,60.2972526550293,17.325824737548828,-3.095989942550659,19.3388729095459,15.753241539001465,13.471177101135254,-6.1421918869018555,13.145578384399414,-2.6438939571380615,11.778488159179688,-4.772156715393066,11.164989471435547,6.259740829467773,10.896997451782227,7.439596652984619,9.748013496398926,0.08694067597389221,8.807611465454102,3.160176992416382,9.956345558166504,3.177371624038197,1.9384495317353867e-05,0.15620165862082785,0.12754113872557188,0.2481283630354897,0.21770468588085948,0.09175275056613187,0.08284097817562674,0.03994562533149892,32.559530328833475,Vallenato,Diomedes Diaz - Sin Medir Distancias.mp3,mitad
108.17307692307692,2741.7020777320763,2677.939370502644,5277.495111980093,0.0718148370845183,0.07406358420848846,0.4273853302001953,1.168081283569336,1.0466318130493164,0.08650794625282288,1102.10302734375,-260.33612060546875,108.13694763183594,138.38291931152344,34.27894973754883,-52.917747497558594,27.335926055908203,46.615135192871094,23.696500778198242,3.6947133541107178,19.9884090423584,19.703733444213867,17.926359176635742,-7.598932266235352,12.857413291931152,-1.762241244316101,12.594618797302246,7.220788478851318,9.738900184631348,-2.7009060382843018,8.96479606628418,-5.467128753662109,10.29517650604248,5.002520561218262,10.440187454223633,5.265314102172852,9.430602073669434,2.9215442722667513,3.802563514909707e-05,0.1477796894068246,0.12478072803397726,0.21798428779011997,0.22998263299920493,0.08874507848160369,0.08451953807964349,0.02176679171201389,26.8751944764708,Vallenato,Diomedes Diaz - Sin Medir Distancias.mp3,final
156.25,3500.3483411924713,3671.5500904099345,7610.513686455741,0.08065319637619979,0.12061668932437897,0.3400929868221283,1.248072624206543,1.2792413234710693,0.08846667408943176,3466.587890625,-176.5047149658203,76.3108139038086,113.6566390991211,31.779808044433594,-17.479393005371094,27.099626541137695,58.75663757324219,22.516193389892578,-23.63974952697754,17.2899169921875,20.38950538635254,17.256317138671875,-16.09565544128418,14.101964950561523,4.4381937980651855,13.245803833007812,-12.398407936096191,12.849186897277832,0.6192917227745056,11.953015327453613,-1.9781283140182495,10.4948148727417,-1.9879087209701538,10.79313850402832,6.120729446411133,10.263072967529297,2.9911361953407627,0.023293860256671906,0.0966804436437904,0.08486125093168219,0.1524103070980584,0.21718863533153754,0.06117025788241421,0.059890113541305766,0.031835587470853424,24.481968160825517,Vallenato,Diomedes Diaz - Tu Eres La Reina.mp3,inicio
156.25,3469.611990975067,3808.9563274416128,7745.756309989335,0.07380580257954142,0.12284307926893234,0.35530462861061096,1.3434230089187622,1.5061001777648926,0.0893058329820633,2227.3125,-185.75584411621094,61.134521484375,125.54852294921875,24.70379638671875,-9.749201774597168,20.852750778198242,61.10884094238281,17.38995361328125,-31.273996353149414,17.583850860595703,27.616561889648438,17.903823852539062,-13.810870170593262,16.370338439941406,15.142284393310547,14.506275177001953,-9.730769157409668,13.959829330444336,3.8387064933776855,14.320664405822754,-4.281530857086182,14.201812744140625,-3.9205918312072754,12.29906940460205,0.3974517285823822,11.423688888549805,3.1195686620274703,4.572864781948738e-05,0.08540228900964485,0.06624217027970007,0.17584164482364115,0.17570087760535552,0.07435264405480022,0.05547869922325652,0.03639343184993403,32.4851091911625,Vallenato,Diomedes Diaz - Tu Eres La Reina.mp3,mitad
106.13207547169812,3578.580512256965,3903.460182444257,8049.5106425524355,0.0710411898995734,0.07856819033622742,0.43910935521125793,1.2001558542251587,1.266243577003479,0.09338938444852829,2741.03076171875,-264.5352478027344,126.1656723022461,103.63394165039062,39.5009765625,4.481593132019043,29.771738052368164,45.540950775146484,23.01154136657715,-9.319609642028809,19.663846969604492,26.590023040771484,20.0015869140625,-9.647565841674805,15.991606712341309,5.0774054527282715,13.445062637329102,-4.252080917358398,10.59109878540039,0.6110011339187622,10.445037841796875,-2.292496681213379,8.698575019836426,3.2498323917388916,8.62566089630127,6.65757417678833,8.405884742736816,2.4947288468348243,0.0066290306858718395,0.06769124326559288,0.05566399074026124,0.11595968445219156,0.12370216763956297,0.042478513402455266,0.03360106341533469,0.07071425878884358,32.24342776072057,Vallenato,Diomedes Diaz - Tu Eres La Reina.mp3,final
108.17307692307692,2840.551747959482,3090.8988694055897,6208.912859936011,0.06331808372955919,0.23054972290992737,0.4472935199737549,1.3256186246871948,1.6126737594604492,0.08692451566457748,6933.2060546875,-130.61459350585938,84.34779357910156,140.11346435546875,34.75300979614258,-34.916622161865234,19.65425682067871,68.49139404296875,18.794540405273438,-12.34648323059082,19.02437973022461,35.099491119384766,17.280622482299805,1.1269092559814453,17.433000564575195,4.88734769821167,12.162202835083008,-1.8946683406829834,11.304403305053711,-1.0472214221954346,10.001824378967285,6.097281455993652,9.28480339050293,-3.810129165649414,10.537025451660156,5.638935089111328,9.723031997680664,2.627456908359479,0.023262398317456245,0.15278769378696122,0.12510028903012035,0.2063895700218876,0.1774052967920947,0.08051001862484568,0.0730718281899104,0.06630380640300357,41.22557520155056,Vallenato,El Combo de las Estrellas - Te Conquistare.mp3,inicio
108.17307692307692,2735.850574702548,3112.7521631247578,6121.070143085673,0.05631134326119801,0.23633593320846558,0.4045693576335907,1.3217209577560425,1.4853993654251099,0.08862199634313583,6237.67529296875,-125.65646362304688,55.076271057128906,149.56884765625,25.372175216674805,-35.886024475097656,17.99720573425293,70.32190704345703,16.026039123535156,-15.876976013183594,17.8366756439209,34.18324279785156,15.791056632995605,-1.2933815717697144,15.683594703674316,3.1642472743988037,12.3519287109375,-1.4876130819320679,12.763971328735352,-0.47485291957855225,10.36063289642334,3.526689052581787,10.604974746704102,-6.374183654785156,9.8428955078125,5.563538074493408,9.780628204345703,3.1041876484984408,2.487589699740056e-05,0.1865953483880131,0.13516095146702897,0.21007851486507576,0.21301671286116072,0.08638543284374088,0.07828848576014535,0.010661524776069112,43.14624570864498,Vallenato,El Combo de las Estrellas - Te Conquistare.mp3,mitad
160.71428571428572,2546.2555077010393,2835.711175609447,5685.747533771774,0.052187944365446146,0.17253898084163666,0.4719502925872803,1.1074109077453613,1.2147194147109985,0.08959855884313583,6300.2431640625,-173.06336975097656,130.51202392578125,139.04135131835938,49.6773567199707,-31.8576717376709,23.265684127807617,61.020118713378906,25.654714584350586,-14.588190078735352,19.772014617919922,21.888601303100586,17.13350486755371,-2.0478808879852295,13.202574729919434,-1.2050460577011108,10.578184127807617,4.7661333084106445,10.213019371032715,-0.9427131414413452,7.901702404022217,6.777729034423828,9.518875122070312,-2.2398900985717773,9.185739517211914,7.739346504211426,9.32602310180664,2.167560504570361,0.071872279047966,0.13710261997824968,0.1056059674267555,0.17084678319123886,0.15558208213082067,0.06720876446729683,0.06417665326473589,0.01429567883203686,44.219270461393805,Vallenato,El Combo de las Estrellas - Te Conquistare.mp3,final
108.17307692307692,2207.216473357699,2326.6662420116813,4664.679057056524,0.044591031038926414,0.20032061636447906,0.3337889611721039,1.3041176795959473,1.5152993202209473,0.09994781762361526,5689.85498046875,-187.40623474121094,83.62689208984375,156.6064453125,28.75581169128418,-42.4525260925293,33.146297454833984,50.23966979980469,30.610673904418945,-12.15459156036377,19.716814041137695,1.6996283531188965,18.488712310791016,12.067082405090332,11.849635124206543,-11.33919906616211,14.307172775268555,7.263127326965332,13.913396835327148,-6.557775020599365,10.473849296569824,2.6019113063812256,10.655484199523926,-1.96945059299469,9.423484802246094,-6.326621055603027,9.63819408416748,3.78796784548667,0.013044694438576698,0.14416265688433463,0.15070001892941248,0.28965029163934825,0.20403594593812632,0.12125003075462139,0.08099453752076302,0.06675844262705026,37.728175695831965,Vallenato,Enrique Diaz - La Caja Negra.mp3,inicio
81.52173913043478,2239.546839090414,2438.9226704261664,4800.946498400284,0.04063774079052613,0.2390892505645752,0.3700219690799713,1.3503193855285645,1.569367527961731,0.10411296784877777,7931.72705078125,-171.41282653808594,64.91294860839844,152.41439819335938,21.146333694458008,-37.236995697021484,32.82138442993164,57.32606506347656,29.60015296936035,-7.062728404998779,20.28908348083496,8.149870872497559,14.656179428100586,15.089825630187988,11.155003547668457,-11.477070808410645,16.169635772705078,8.463533401489258,12.774065971374512,-6.303501129150391,10.659255981445312,3.172497034072876,10.941187858581543,-0.9168692231178284,9.423408508300781,-6.666487216949463,9.86644172668457,4.271898944900993,4.750675998366205e-06,0.14946483306326014,0.13612740859962777,0.2555733780717081,0.2244413334984499,0.11455298304962618,0.08837995407316897,0.058111481126471826,49.17001523457152,Vallenato,Enrique Diaz - La Caja Negra.mp3,mitad
82.72058823529412,2237.388100999893,2389.623195634191,4775.209407216495,0.04230515269507643,0.23490509390830994,0.3772644102573395,1.356425166130066,1.5979037284851074,0.10337001085281372,7743.99072265625,-169.32730102539062,71.62474060058594,155.127197265625,22.223526000976562,-40.463802337646484,35.54001235961914,55.16162872314453,29.709938049316406,-8.16129207611084,22.05803871154785,4.8290276527404785,16.644052505493164,14.835944175720215,11.233757019042969,-10.393593788146973,15.912687301635742,9.921513557434082,13.087052345275879,-4.758549690246582,10.649707794189453,1.247862696647644,11.88764476776123,-1.1199076175689697,9.295015335083008,-7.387693405151367,9.892016410827637,3.7599195681727866,3.4947020139952656e-06,0.15384219992519166,0.14701895595440354,0.2646519557187939,0.20555892011403648,0.11674793130199133,0.08015654433949622,0.050211223170374866,42.86554319869742,Vallenato,Enrique Diaz - La Caja Negra.mp3,final
106.13207547169812,1218.4589571531458,1727.1775890680417,2264.472427124067,0.029934956007820833,0.05767975375056267,0.35224229097366333,0.7882075905799866,0.8691120743751526,0.08963178843259811,343.29022216796875,-343.9809875488281,79.16560363769531,211.45858764648438,39.096534729003906,11.003514289855957,35.24782180786133,4.189700126647949,25.437625885009766,0.3814939856529236,24.277936935424805,12.07463264465332,12.789541244506836,4.577128887176514,12.223274230957031,4.690924167633057,10.289557456970215,-0.33167776465415955,8.447622299194336,-0.014511222019791603,8.998346328735352,-4.526204586029053,9.687932014465332,-3.235841989517212,7.369472980499268,-1.6353797912597656,8.995258331298828,4.203039521387008,0.0010957502527162433,0.18175094831691757,0.12635062361001828,0.23606563606653144,0.15421439218498512,0.08392195628637235,0.08308361380169182,0.08611855541698336,120.4940047143446,Vallenato,Felipe Pelaez - Cuando Quieras Quiero.mp3,inicio
108.17307692307692,1376.386515260753,1841.3219335573235,2601.4125266619267,0.033015484747156064,0.10646770149469376,0.34514060616493225,0.8270190954208374,0.7134515047073364,0.08258549124002457,1385.5135498046875,-257.26080322265625,85.88982391357422,203.9526824951172,34.64717483520508,0.5821437239646912,34.77756118774414,12.412187576293945,26.863950729370117,-6.707890033721924,22.975994110107422,11.723609924316406,13.304749488830566,6.9274492263793945,11.392592430114746,2.3553948402404785,9.2227783203125,1.2375261783599854,8.717673301696777,0.8988631963729858,9.18326473236084,-3.0560410022735596,8.695363998413086,-2.1893270015716553,7.418135166168213,-1.9613336324691772,8.530977249145508,3.8067962815294467,1.2750469977618195e-05,0.17796637928336975,0.15367760482321668,0.20690476588425888,0.26356836759388774,0.09320304435421164,0.1018443575094808,0.06968676861217488,87.76546257222985,Vallenato,Felipe Pelaez - Cuando Quieras Quiero.mp3,mitad
125.0,1945.1943024376112,2397.3957820484043,3694.77648418059,0.04148515958274085,0.16372431814670563,0.3570704758167267,0.9598281383514404,0.5620222687721252,0.09955253452062607,6697.18017578125,-192.4145050048828,83.93028259277344,166.96835327148438,35.876461029052734,-20.374528884887695,30.462167739868164,11.428415298461914,21.82567024230957,-16.684284210205078,19.22757339477539,11.498641967773438,13.608514785766602,2.7901382446289062,9.013618469238281,3.92828631401062,9.574305534362793,2.559640884399414,14.282381057739258,10.555671691894531,10.089789390563965,5.794060230255127,7.6167893409729,4.623237133026123,7.699521064758301,7.034510612487793,9.924635887145996,4.98297922400234,1.3977577509649564e-05,0.10707048559349143,0.16470106987956784,0.1399161236254794,0.2726420537653042,0.07383755300070935,0.08042138181086125,0.08825151763754441,37.73899217404609,Vallenato,Felipe Pelaez - Cuando Quieras Quiero.mp3,final
127.8409090909091,1728.797240720134,2229.6447547950756,3479.9980003554924,0.0351151114801813,0.06920722126960754,0.38520491123199463,0.8919162750244141,0.7968683838844299,0.08802526444196701,2280.159423828125,-279.720458984375,90.05333709716797,162.34027099609375,40.714969635009766,15.083268165588379,29.56376838684082,8.905926704406738,29.321651458740234,-7.129952430725098,17.57501220703125,13.912869453430176,16.229642868041992,-1.8961514234542847,11.405084609985352,-0.2818313241004944,10.331024169921875,-4.841348171234131,9.035686492919922,-2.993962526321411,9.860101699829102,-4.314666271209717,9.073808670043945,-7.44636869430542,7.7134623527526855,-0.8729982972145081,7.002832412719727,2.8566229986018836,0.026692962273955345,0.16372209523110368,0.2010224066062059,0.21974073777086162,0.237062856214503,0.09311572175550571,0.08541340017183661,0.07581252346206178,55.7008793449443,Vallenato,Felipe Pelaez - El Amor Mas Grande Del Planeta.mp3,inicio
144.23076923076923,2612.2955750557767,3282.943458438248,5881.329430323498,0.04808277139619623,0.18382661044597626,0.4766727089881897,1.2256262302398682,1.2900007963180542,0.08218450844287872,6228.01806640625,-135.98904418945312,60.5367317199707,151.76248168945312,20.114336013793945,-27.842649459838867,18.754770278930664,54.59585952758789,15.045989990234375,-11.207234382629395,17.366437911987305,33.59806823730469,11.685691833496094,-10.297921180725098,12.188093185424805,10.427970886230469,9.574715614318848,-3.848087787628174,11.406078338623047,5.743474960327148,8.273113250732422,0.7115177512168884,8.77266788482666,-1.6758034229278564,7.378329277038574,6.179008960723877,7.622283935546875,2.5654912465017725,2.381679405516479e-05,0.12332277096348754,0.18313749945213798,0.18420836369543206,0.22038670113580738,0.08668252301507248,0.08395838514844002,0.023608773679597538,45.63469337816667,Vallenato,Felipe Pelaez - El Amor Mas Grande Del Planeta.mp3,mitad
144.23076923076923,2394.31260393392,3002.7255310862092,5291.034371667259,0.04446605325719872,0.18317407369613647,0.4460263252258301,1.0641924142837524,1.0865497589111328,0.09183495491743088,6643.93212890625,-164.86309814453125,124.85823059082031,140.74081420898438,33.72481155395508,-23.59574317932129,32.889095306396484,53.32953643798828,15.589954376220703,-11.371988296508789,25.722047805786133,27.53217124938965,12.978994369506836,-10.452702522277832,17.98860740661621,6.92092227935791,11.663041114807129,-7.171968936920166,11.796745300292969,1.5404828786849976,11.063253402709961,2.8055195808410645,8.391639709472656,-0.9512944221496582,10.245545387268066,6.622402667999268,8.251568794250488,2.4544589208751897,2.777170084300451e-05,0.08972953642110465,0.2689694063480616,0.15231717785968185,0.2865455356832723,0.04739032875586145,0.12873877463063454,0.01713067354705087,38.558972252368584,Vallenato,Felipe Pelaez - El Amor Mas Grande Del Planeta.mp3,final
133.92857142857142,2458.346820282653,2958.452793660059,5382.926368645574,0.0538341794792037,0.06536903977394104,0.3997737765312195,1.231107473373413,1.5616319179534912,0.08847254514694214,1120.78857421875,-265.82684326171875,104.4118423461914,149.85838317871094,33.923095703125,-21.149961471557617,30.447599411010742,38.534000396728516,18.435546875,-5.964954853057861,19.746231079101562,23.68124008178711,17.16530990600586,-3.1192569732666016,15.169587135314941,4.877217769622803,12.835850715637207,-4.963376522064209,10.352136611938477,-0.40828046202659607,9.137041091918945,3.6230785846710205,8.32606315612793,-0.6505355834960938,9.024974822998047,3.389397382736206,9.148289680480957,2.2304111391580377,0.0005008127191103995,0.14191470553706742,0.1354038083462103,0.21391768059522295,0.20600927946803807,0.07788431244926802,0.0691165827814274,0.01732963942418317,42.00404713189235,Vallenato,Jorge Celedon - Ay Hombe.mp3,inicio
137.1951219512195,2205.1371840807014,2832.8521875306847,4866.384864912904,0.04432007226493068,0.09541650861501694,0.423647403717041,1.181603193283081,1.2947803735733032,0.07809924334287643,1288.796630859375,-212.41754150390625,68.8176040649414,166.88494873046875,23.170896530151367,-30.510807037353516,18.885129928588867,43.64969253540039,16.846891403198242,-4.91904878616333,21.12359046936035,26.50185775756836,15.974373817443848,-5.538291931152344,14.432008743286133,7.685698986053467,10.53293514251709,-3.919290781021118,9.234182357788086,-0.4343603253364563,8.07640266418457,4.374223709106445,7.854280471801758,-3.808615207672119,7.680434226989746,4.465082168579102,7.931721210479736,2.4028061925295194,2.51326182478806e-05,0.1613778011328017,0.18879429369617934,0.2981721406029056,0.19751059847393432,0.10161915911252925,0.09293236586309624,0.0173195206904753,54.018114170817164,Vallenato,Jorge Celedon - Ay Hombe.mp3,mitad
137.1951219512195,2723.274266582553,3214.8761270013074,5892.977359580519,0.056735399817810166,0.05668753385543823,0.3962576687335968,1.1688098907470703,1.2021771669387817,0.09163765609264374,1549.943359375,-281.1981201171875,107.23722839355469,138.68862915039062,27.02027702331543,-24.591869354248047,29.96039581298828,37.2229118347168,19.773746490478516,-4.506649971008301,17.175870895385742,20.62203598022461,16.57033348083496,-9.878345489501953,13.501348495483398,9.463010787963867,14.621681213378906,-3.256584882736206,11.224491119384766,-3.5614771842956543,7.942962169647217,3.8272619247436523,8.010676383972168,2.3326845169067383,8.95883846282959,6.4656081199646,8.855003356933594,2.3285697761961717,5.619055809802376e-05,0.10366884240697716,0.13872436674524904,0.19199293036003215,0.14899654633542064,0.061212811762900256,0.06338450581069024,0.029670157311059826,32.24509140101756,Vallenato,Jorge Celedon - Ay Hombe.mp3,final
114.79591836734694,2496.940002542216,3006.7992743324517,5633.965072875933,0.04540113007687522,0.17914289236068726,0.4127137064933777,1.162034511566162,1.2487766742706299,0.08603279292583466,6799.576171875,-166.6907958984375,95.36486053466797,147.3246307373047,29.791515350341797,-27.460979461669922,20.77435874938965,62.24429702758789,20.5629940032959,-0.380940705537796,20.67551040649414,25.295686721801758,15.96015453338623,-6.381580829620361,14.832613945007324,1.3253098726272583,10.332476615905762,-11.29293155670166,8.427435874938965,-8.891974449157715,8.1980562210083,-1.9518626928329468,9.449814796447754,-10.122529983520508,8.56924057006836,0.11076225340366364,10.486196517944336,2.896263058116324,0.007784494664520025,0.13888252455414976,0.14806588545362737,0.20480609302529884,0.22986611502318885,0.08925868575392606,0.06530360010573155,0.03615300897834985,41.3137226736863,Vallenato,Jorge Celedon - Esta Vida.mp3,inicio
114.79591836734694,2654.2105042177704,3042.700726440524,5859.674946676147,0.054182207885264844,0.20759354531764984,0.43244755268096924,1.220542073249817,1.1523140668869019,0.08277194201946259,7898.3876953125,-112.49088287353516,47.810516357421875,154.96279907226562,18.361156463623047,-40.31385040283203,15.455167770385742,62.71968460083008,14.487266540527344,-5.490257263183594,18.52513313293457,22.473840713500977,14.85406494140625,-11.71844482421875,12.968389511108398,1.119193196296692,10.510835647583008,-9.217529296875,8.155566215515137,-7.829906463623047,7.341128349304199,1.1186792850494385,7.067211627960205,-8.448816299438477,7.797550201416016,1.64490807056427,9.091872215270996,2.0506650021874493,1.6792831956990995e-05,0.10619766737075105,0.09141075547712342,0.14631898114469968,0.19242958925115544,0.06300181939316193,0.055403778575552225,0.01268963789218578,32.10171028145767,Vallenato,Jorge Celedon - Esta Vida.mp3,mitad
114.79591836734694,2898.2261696880896,3020.254328524164,6030.40292836829,0.0676673105336829,0.22023554146289825,0.41076889634132385,1.0830340385437012,0.9125531911849976,0.08454492688179016,9105.1103515625,-112.88873291015625,91.85003662109375,146.51113891601562,26.975065231323242,-52.95703125,23.677364349365234,57.24424362182617,19.621166229248047,-12.696680068969727,17.732120513916016,19.657548904418945,18.12809181213379,-16.138917922973633,12.202075004577637,1.469705581665039,14.026201248168945,-6.694491863250732,8.828754425048828,-7.607099533081055,7.488515853881836,-1.0690977573394775,9.119454383850098,-9.736579895019531,7.939338207244873,2.48848295211792,9.659544944763184,2.043998221812409,3.348595055285841e-05,0.16934175421758133,0.11844163136816727,0.15795589397762178,0.19545941230971223,0.05872783867922918,0.08098142527311397,0.05040445269773255,20.27938428356998,Vallenato,Jorge Celedon - Esta Vida.mp3,final
140.625,3155.401300335877,3505.6166236295935,6743.451164237469,0.05976541670369712,0.17676176130771637,0.40153607726097107,1.3979837894439697,1.720090627670288,0.09540712088346481,4558.05908203125,-175.15603637695312,90.00375366210938,128.8782501220703,37.90177536010742,-14.233757972717285,20.082300186157227,57.95926284790039,21.966100692749023,-5.540298938751221,22.397418975830078,35.289329528808594,20.773481369018555,-13.682583808898926,17.717390060424805,6.594905853271484,15.568136215209961,-7.082448482513428,14.49515151977539,3.4641366004943848,11.79826831817627,-5.197708606719971,11.800680160522461,-4.573185443878174,10.176496505737305,1.1829060316085815,9.940129280090332,2.9151954444330315,0.009350160136818886,0.17683399669306168,0.11877494314754845,0.24540137344682839,0.1913909053205229,0.07446780774756094,0.0900694677637022,0.01708249612065814,35.43689287692552,Vallenato,Jose Carrascal - Como Duele El Frio.mp3,inicio
144.23076923076923,3213.328268151888,3507.0365086257407,6884.226137575542,0.07133888003243868,0.20755477249622345,0.31762975454330444,1.413439393043518,1.5475820302963257,0.08977961540222168,6387.50634765625,-139.34632873535156,64.80555725097656,132.48587036132812,29.24032211303711,-22.878143310546875,20.08395004272461,55.12789535522461,18.886205673217773,-11.319422721862793,19.26595687866211,30.426668167114258,18.650787353515625,-17.693601608276367,15.694574356079102,6.7635498046875,16.40795135498047,-12.603960990905762,12.059600830078125,12.09592056274414,10.543764114379883,-4.728733062744141,11.399024963378906,-3.438390016555786,9.680880546569824,4.272984981536865,10.252098083496094,2.382124831398207,5.613386747427285e-05,0.13616723063005537,0.0971729320373411,0.1712139820854365,0.16593104861921074,0.059389164711093304,0.06450507830494671,0.05916663199964567,27.972647937897538,Vallenato,Jose Carrascal - Como Duele El Frio.mp3,mitad
140.625,3506.1356403210016,3881.860700465331,8020.24084607181,0.06476782599760042,0.12056096643209457,0.45744383335113525,1.1889290809631348,1.534752368927002,0.09323877096176147,4609.20361328125,-244.51300048828125,138.21566772460938,99.290283203125,42.60192108154297,-0.7952402234077454,18.530181884765625,55.172645568847656,22.699411392211914,6.488212585449219,22.968738555908203,37.30569076538086,20.15467071533203,-13.020454406738281,17.33098793029785,11.196542739868164,11.557572364807129,-2.2465829849243164,12.375865936279297,5.190339088439941,9.591031074523926,-4.801034450531006,9.903722763061523,2.3108139038085938,7.824638366699219,3.7565481662750244,9.01873779296875,3.1611919917390567,0.04599418491125107,0.15070042584011276,0.11490320259456784,0.19890448954626994,0.17304204323321418,0.06521062299058447,0.07647396759753727,0.01779599931234319,42.66057232171378,Vallenato,Jose Carrascal - Como Duele El Frio.mp3,final
117.1875,2796.6183500432912,3286.270814765871,5986.977315143974,0.053781584662726624,0.14696453511714935,0.41783997416496277,1.3393614292144775,1.5849535465240479,0.09450920671224594,2769.677001953125,-174.55030822753906,102.3862075805664,141.20799255371094,37.41399383544922,-25.832355499267578,24.11550521850586,50.57146072387695,20.991846084594727,-10.048171043395996,24.28510284423828,35.830909729003906,17.262784957885742,-15.762153625488281,15.48425006866455,10.918164253234863,12.683012962341309,-4.173771858215332,10.64415168762207,1.9010543823242188,8.270379066467285,-4.683856010437012,8.89286994934082,-0.47242799401283264,8.151910781860352,5.353107929229736,8.674735069274902,2.8042762560285928,0.03181692585349083,0.15111368899208508,0.14578604489478575,0.15144479362607097,0.21971672379553697,0.0659356285019946,0.08162180057019224,0.034621133259525295,34.15449681710282,Vallenato,Kaleth Morales - Anonimo.mp3,inicio
117.1875,2910.500924108973,3304.7610768913046,6164.687388908638,0.06142310811411305,0.15927717089653015,0.39461082220077515,1.315291166305542,1.243443250656128,0.08867190778255463,3015.873291015625,-141.15431213378906,56.22829818725586,150.6138458251953,25.303007125854492,-37.700443267822266,18.61711311340332,50.76540756225586,16.992603302001953,-13.050869941711426,19.754671096801758,35.12398910522461,15.462789535522461,-19.403566360473633,13.502656936645508,4.9494733810424805,13.674551963806152,-9.752524375915527,9.879777908325195,-0.8105015754699707,8.680890083312988,-3.9456331729888916,7.778937339782715,0.31801190972328186,7.810375213623047,5.8671979904174805,7.320398330688477,2.5006369095944905,5.0541453674668446e-05,0.12981852098053173,0.10303950876216368,0.15765153798556883,0.18780127149036357,0.053153720651686026,0.07471197046460522,0.06700208490738423,26.702171019733132,Vallenato,Kaleth Morales - Anonimo.mp3,mitad
117.1875,2250.5057884896914,2710.2424452025075,4882.756954319232,0.04420412065632776,0.13275551795959473,0.25888243317604065,0.9870253801345825,1.2032791376113892,0.09175915271043777,2859.399169921875,-237.70138549804688,172.61834716796875,123.68434143066406,62.07871627807617,-19.452272415161133,30.221017837524414,39.5159912109375,21.93197250366211,-12.269638061523438,23.58139991760254,24.35459327697754,16.894556045532227,-10.970486640930176,14.754486083984375,7.8661980628967285,11.1389741897583,-5.071100234985352,8.406292915344238,-1.6025561094284058,7.359724044799805,-8.729576110839844,7.946503639221191,-2.7795867919921875,7.8246169090271,5.848442077636719,11.435090065002441,3.8264351036063,0.14760208129882812,0.1604559264548502,0.09769822908134783,0.17375220705277122,0.17024594822294467,0.05694612262984777,0.08482408761128991,0.028643516415765822,30.211303985213778,Vallenato,Kaleth Morales - Anonimo.mp3,final
125.0,2671.5336835162757,3270.1799994601492,5985.6608825097765,0.050238464550746535,0.14433653652668,0.4324338436126709,1.0813697576522827,1.3304643630981445,0.0902482122182846,4151.59912109375,-171.994140625,103.30728149414062,138.96707153320312,42.20285415649414,-21.983102798461914,20.49312400817871,42.663482666015625,19.152118682861328,-12.348499298095703,16.512508392333984,22.914478302001953,15.107794761657715,-20.205856323242188,15.049650192260742,13.471899032592773,11.947310447692871,-0.41707107424736023,10.40630054473877,-1.096520185470581,8.607779502868652,-4.47812557220459,10.843574523925781,3.4809651374816895,7.958500385284424,7.683657646179199,10.690170288085938,2.627921285911443,0.05549745634198189,0.10580076491703923,0.10363571398559503,0.15450077329750564,0.13138752664065173,0.057289673052493016,0.054748237520559656,0.039247920029635994,45.141751894881615,Vallenato,Kaleth Morales - De Millon A Cero.mp3,inicio
125.0,3161.6680134102726,3651.9617605913263,7205.385709207252,0.06136825675435478,0.14169304072856903,0.3698345422744751,1.3209412097930908,1.340120792388916,0.08574835956096649,4588.2197265625,-148.42892456054688,69.1626205444336,135.41690063476562,18.053319931030273,-30.20729637145996,17.29285430908203,49.27904510498047,16.442106246948242,-19.594926834106445,17.59273910522461,27.351099014282227,13.491983413696289,-19.530780792236328,12.770782470703125,12.431102752685547,12.256094932556152,-6.893771171569824,12.421895027160645,1.6722643375396729,7.731356620788574,-2.53775954246521,8.575031280517578,-1.9245870113372803,9.028364181518555,2.710556745529175,9.078082084655762,2.176914602738687,6.323734123725444e-05,0.1265145708599368,0.12879970772744284,0.1561661859583491,0.16830559316051613,0.06745098691584239,0.055375419848011566,0.07273664880109723,28.328476799265687,Vallenato,Kaleth Morales - De Millon A Cero.mp3,mitad
125.0,2912.903844638217,3483.255503480255,6638.786437966583,0.05274687277817277,0.17586521804332733,0.4696710705757141,1.180040717124939,1.2734901905059814,0.08904184401035309,6713.8515625,-149.81771850585938,107.84012603759766,133.43202209472656,38.38828659057617,-24.169870376586914,16.42095947265625,51.517539978027344,18.234264373779297,-9.737286567687988,15.55809497833252,29.703960418701172,15.00062370300293,-15.125632286071777,13.316458702087402,8.682785034179688,12.04034423828125,-4.297327518463135,11.001568794250488,1.0870537757873535,8.962411880493164,-3.636587619781494,9.037018775939941,2.865687608718872,8.301965713500977,5.292302131652832,7.658116817474365,2.1944035026759057,0.014950939454138279,0.11213525477398853,0.10817955091602306,0.12694302626732795,0.19718770091045165,0.053055135504409386,0.05510708111689854,0.011053589602502282,42.584629523660595,Vallenato,Kaleth Morales - De Millon A Cero.mp3,final
106.13207547169812,2350.1224309000177,3203.66321004668,5319.0627221827235,0.03721577969472094,0.1344882696866989,0.42349663376808167,1.223968744277954,1.360568642616272,0.09051480144262314,2581.895751953125,-211.2987518310547,88.38343811035156,147.15370178222656,24.19461441040039,-7.368833065032959,24.826208114624023,49.297096252441406,17.968795776367188,-0.6390936970710754,18.561216354370117,34.94987869262695,16.18471908569336,-10.676246643066406,14.418811798095703,10.04377269744873,16.23657989501953,-3.609919786453247,11.204124450683594,-3.4098258018493652,10.826855659484863,0.26441526412963867,9.489547729492188,5.633907318115234,9.192675590515137,8.548311233520508,11.510744094848633,3.726472833473348,2.359894642722793e-05,0.12887460138325543,0.1725393904010664,0.2080344656997805,0.18507147753085618,0.07946465928046693,0.0846274408778011,0.09248931434089709,68.26946238351421,Vallenato,Kaleth Morales - Ella Es Mi Todo.mp3,inicio
160.71428571428572,3408.852876584364,3860.565761788088,7818.276750799858,0.06269250049991112,0.1417619287967682,0.3595253825187683,1.2910330295562744,1.2371189594268799,0.09009358286857605,2478.56884765625,-166.58522033691406,50.194400787353516,118.78911590576172,22.391159057617188,-26.897287368774414,18.052154541015625,56.65583801269531,14.759366989135742,-6.633762836456299,15.73824405670166,39.35668182373047,14.435478210449219,-16.634578704833984,12.285776138305664,19.14727020263672,11.216913223266602,-8.963886260986328,11.79052448272705,2.588268995285034,10.114386558532715,5.79814338684082,9.184102058410645,6.541221618652344,10.88773250579834,12.115754127502441,10.963640213012695,3.4803444860869472,4.601645559887402e-05,0.15535743876058544,0.14092913707327306,0.16135737525675806,0.21443285795468872,0.08461598126603492,0.05883894629810277,0.017402750572334362,38.466021531395654,Vallenato,Kaleth Morales - Ella Es Mi Todo.mp3,mitad
106.13207547169812,2967.373181907088,3696.5683695812018,7156.361091361536,0.04694512642196943,0.11703784018754959,0.4160158932209015,1.1838971376419067,1.139121651649475,0.09583763778209686,3115.208251953125,-210.4931640625,94.58609771728516,126.25677490234375,28.422849655151367,-6.608679294586182,22.296846389770508,44.83489990234375,18.832483291625977,-4.142753601074219,16.512348175048828,35.692081451416016,16.100032806396484,-9.02933406829834,13.996502876281738,9.159496307373047,12.793709754943848,-1.3925200700759888,9.885794639587402,-3.1329596042633057,8.14460277557373,-0.08171112090349197,7.812189102172852,3.845137596130371,8.136661529541016,8.367067337036133,8.200576782226562,3.3311699610133347,5.3457941248780116e-05,0.12149304886388965,0.12527066977314816,0.23056992521841474,0.17003809034241818,0.08111523277788306,0.057952795652388436,0.018784570248215192,55.404316961799864,Vallenato,Kaleth Morales - Ella Es Mi Todo.mp3,final
104.16666666666667,3354.827806687603,3736.975585445751,7682.467561322432,0.07286760131532172,0.2343052178621292,0.33102741837501526,1.197845220565796,1.1708496809005737,0.08948907256126404,6136.10107421875,-105.75997924804688,86.96086120605469,130.4366455078125,31.838552474975586,-19.45524787902832,16.282764434814453,59.99263381958008,19.87773895263672,-29.380657196044922,16.347841262817383,33.12908172607422,14.905380249023438,-20.474018096923828,11.812506675720215,17.9238338470459,11.566312789916992,-5.188127517700195,10.328506469726562,2.7306461334228516,9.164912223815918,-3.4811673164367676,9.817971229553223,-0.1880229115486145,9.372602462768555,2.5253756046295166,9.89059066772461,2.643762330038575,0.03347025811672211,0.11958917439665337,0.09534048273497243,0.19303075935564462,0.12502188189371277,0.05832073531919015,0.0645619390376689,0.06720321104133102,29.93298356009908,Vallenato,Kaleth Morales - La Hora De La Verdad.mp3,inicio
104.16666666666667,3517.461744032025,3962.2721694402353,8082.279816921437,0.07045865457252044,0.23594678938388824,0.3867061138153076,1.2064485549926758,1.0359927415847778,0.08672461658716202,5695.05322265625,-94.7693099975586,44.400325775146484,137.33428955078125,22.294715881347656,-15.816802024841309,15.947269439697266,66.91667175292969,15.173783302307129,-33.3089599609375,16.4913272857666,34.110389709472656,12.217079162597656,-20.84225845336914,12.250332832336426,16.894807815551758,9.781047821044922,-10.716854095458984,10.463857650756836,9.993926048278809,10.55688762664795,2.313612222671509,9.261673927307129,1.5394197702407837,8.287694931030273,0.8834684491157532,8.681071281433105,2.3806101431728477,6.189756095409393e-05,0.13015841242364473,0.09750259322704012,0.16788924328431337,0.13474143072393263,0.05764630972595264,0.06033775996439715,0.054145658869621374,33.48721724586793,Vallenato,Kaleth Morales - La Hora De La Verdad.mp3,mitad
104.16666666666667,2708.8979419114958,3277.791875626066,6466.617045858514,0.049191602048524706,0.11616121977567673,0.2763636112213135,0.8616974949836731,0.8522627949714661,0.0906287431716919,3984.653564453125,-260.03759765625,172.36962890625,105.36598205566406,54.28620529174805,-6.4478607177734375,19.318056106567383,37.59208679199219,27.34640121459961,-21.517301559448242,18.602619171142578,18.121435165405273,16.740331649780273,-12.146952629089355,12.884486198425293,9.2435302734375,12.283280372619629,-1.5655156373977661,10.681746482849121,-0.31904441118240356,7.950687408447266,-4.026050090789795,8.88768482208252,2.3484835624694824,8.80795669555664,6.051445484161377,8.63170337677002,3.0562923538781375,0.12272719293832779,0.1323156784667895,0.09945574890965549,0.16097928448360196,0.14445443742109634,0.052722671249697164,0.05847986444558105,0.01624427519345605,32.116697440300854,Vallenato,Kaleth Morales - La Hora De La Verdad.mp3,final
170.45454545454547,2078.964700607065,2736.946651230033,4449.758931745468,0.040286067199164596,0.12846902012825012,0.3956073522567749,1.173187494277954,1.4196770191192627,0.09610357135534286,6469.263671875,-225.4585418701172,94.31448364257812,144.26063537597656,36.08155059814453,-8.392596244812012,32.1184196472168,43.738807678222656,19.263790130615234,-0.5756959319114685,17.749364852905273,18.996797561645508,13.420342445373535,4.093306541442871,10.951383590698242,3.1764867305755615,9.010705947875977,7.502519130706787,9.283112525939941,-6.0673298835754395,8.51923942565918,-0.817001223564148,9.809091567993164,-6.45700216293335,9.010887145996094,2.7744338512420654,9.39136791229248,3.1044381534432506,0.0015259436331689358,0.11926308338533263,0.12774625190709288,0.20317014799832295,0.1974026678297911,0.07073035614511218,0.07400006199942154,0.03040177175304938,52.17688942954005,Vallenato,Kaleth Morales - Me La Juego Toda.mp3,inicio
170.45454545454547,2281.1451451681414,2840.904208385424,4844.313788659794,0.047908670403039456,0.16184842586517334,0.38184764981269836,1.2263668775558472,1.2171082496643066,0.0952296033501625,7528.07666015625,-182.2534637451172,66.42871856689453,150.1235809326172,20.51274871826172,-22.077638626098633,28.01551628112793,49.05432891845703,16.90261459350586,-7.1617350578308105,17.803171157836914,21.078968048095703,14.792885780334473,-1.5785549879074097,11.072273254394531,2.8065714836120605,9.790963172912598,9.772359848022461,9.566822052001953,-7.732804298400879,8.156414985656738,0.6519308686256409,8.983735084533691,-3.85017466545105,8.474409103393555,5.85944938659668,9.845054626464844,3.0628081342198406,1.609045466466341e-05,0.1184505004750766,0.13324884988114147,0.19606246169534472,0.212184304495446,0.06903936923406674,0.06774116287779747,0.035934532173499456,40.395554184677906,Vallenato,Kaleth Morales - Me La Juego Toda.mp3,mitad
170.45454545454547,2010.5764987569532,2305.9950394962766,4412.323920191966,0.044538436222449344,0.07840441167354584,0.27086082100868225,0.7157125473022461,0.8270841836929321,0.0989057868719101,4564.611328125,-309.1556091308594,147.08953857421875,83.95586395263672,62.74195098876953,-13.369312286376953,25.00309944152832,18.87850570678711,20.272825241088867,-6.740522384643555,15.834348678588867,12.319640159606934,14.563032150268555,-0.2794901132583618,8.51199722290039,-1.132148265838623,9.956756591796875,9.924609184265137,10.472290992736816,-2.2818331718444824,8.122817039489746,-1.2457436323165894,7.420078754425049,2.2207589149475098,7.9135966300964355,5.693429946899414,9.464842796325684,3.592740318964925,0.23347412049770355,0.12334355786934152,0.1250519623607179,0.18174266259298807,0.17828560347957628,0.06335930558104957,0.06795944263562839,0.01572604395320077,26.296515895837068,Vallenato,Kaleth Morales - Me La Juego Toda.mp3,final
122.28260869565217,2996.9654136842987,3599.393349931229,6894.840917170281,0.05414159010620334,0.2843954563140869,0.34803369641304016,1.1971572637557983,1.083710789680481,0.09349587559700012,7045.89013671875,-92.24478149414062,59.57927322387695,146.42306518554688,23.324703216552734,-20.867231369018555,16.58118438720703,63.31016540527344,15.260847091674805,-23.215600967407227,18.810026168823242,34.232425689697266,15.425739288330078,-21.7485294342041,12.730413436889648,8.486140251159668,10.49140453338623,-3.2090682983398438,10.619840621948242,3.9752442836761475,8.12717056274414,-6.842650890350342,8.979410171508789,-1.1298941373825073,8.081379890441895,5.211494445800781,8.486588478088379,2.728881832629573,0.004383101128041744,0.12324108444967567,0.11580066856282138,0.17804163806588527,0.1837885642990234,0.06013917021202492,0.07430830625162153,0.07375619267657837,34.48498206003238,Vallenato,Kaleth Morales - Mis Cinco Sentidos.mp3,inicio
122.28260869565217,3357.943645240786,3833.614780055016,7779.36700142197,0.06725679323675791,0.2516932487487793,0.38064801692962646,1.2413147687911987,0.9552424550056458,0.08504066616296768,6980.86083984375,-91.97876739501953,46.80652618408203,136.0701446533203,20.10660743713379,-24.24597930908203,15.085583686828613,66.62899017333984,16.21040916442871,-21.944835662841797,14.698697090148926,40.84210205078125,12.32370662689209,-20.070131301879883,10.922835350036621,12.404180526733398,11.326704978942871,-10.403388023376465,11.007684707641602,0.11074016243219376,8.91214370727539,-3.539754629135132,10.439072608947754,-4.13941764831543,8.123967170715332,3.3811697959899902,9.326009750366211,2.529315413627674,4.1343904740642756e-05,0.13056559947360677,0.09501986379640266,0.1578258359296098,0.20922547436665878,0.07145077026852253,0.06920404189299502,0.07598331644650617,32.02317734577458,Vallenato,Kaleth Morales - Mis Cinco Sentidos.mp3,mitad
122.28260869565217,2449.736209066366,2953.2584251246026,5677.474004621401,0.04475523795769641,0.18573322892189026,0.3730752170085907,0.9716549515724182,1.20389986038208,0.10257165879011154,7282.18359375,-201.2142791748047,173.8372802734375,106.05634307861328,57.120704650878906,-7.672313213348389,25.494386672973633,55.81124496459961,32.80732345581055,-11.744101524353027,22.14369010925293,31.510883331298828,19.281856536865234,-8.037583351135254,14.948939323425293,12.209582328796387,10.58248519897461,-4.07937479019165,10.769612312316895,3.155458450317383,7.716189384460449,-3.1390321254730225,7.539679527282715,-3.8801984786987305,7.694733142852783,2.772489309310913,7.26864767074585,2.284193874417572,0.18809214234352112,0.10521576256546611,0.1564815891781539,0.200053532753965,0.14982290101839393,0.07638632590170705,0.052896166986751945,0.04998416431141744,42.654100638066495,Vallenato,Kaleth Morales - Mis Cinco Sentidos.mp3,final
144.23076923076923,3089.9871855898878,3096.77311669553,6566.415970494134,0.07774659504976893,0.1452033370733261,0.4525073170661926,1.330482006072998,1.5453072786331177,0.08599047362804413,3441.677978515625,-169.2777099609375,79.09271240234375,132.88235473632812,34.078067779541016,-46.87815475463867,20.397525787353516,74.69437408447266,18.555938720703125,-10.835532188415527,16.66534423828125,37.60722351074219,17.149744033813477,-1.9313181638717651,14.823909759521484,-2.578845262527466,15.996535301208496,4.752933979034424,12.47893238067627,-1.571743130683899,8.787402153015137,-2.4267563819885254,11.600194931030273,-1.7281455993652344,9.522846221923828,8.5191650390625,10.268265724182129,2.5227659121920167,0.016376208513975143,0.13106575147454957,0.10817073791733853,0.20350732510808428,0.19894517029380954,0.06822710602801267,0.07867965442799878,0.03771771152344826,31.917673547063607,Vallenato,Kaleth Morales - Que Me Puedas Amar.mp3,inicio
140.625,3303.6710765308,3192.9792173576416,6863.921413970849,0.08537249627843939,0.1537884622812271,0.431623250246048,1.3204777240753174,1.3539652824401855,0.08597534894943237,3748.79052734375,-146.4189453125,50.91020965576172,132.05296325683594,27.294057846069336,-45.98788070678711,16.05158805847168,75.19236755371094,14.751517295837402,-10.166741371154785,18.992860794067383,34.106510162353516,16.465755462646484,-6.218156814575195,14.262870788574219,-2.8033645153045654,13.410965919494629,6.8339338302612305,13.11003589630127,-3.904487371444702,9.404570579528809,-3.333273410797119,10.77480411529541,-3.9789927005767822,9.170373916625977,6.882822036743164,10.324212074279785,2.2168677107321018,3.760654726647772e-05,0.12572950391596638,0.09671760951830477,0.20164851484638155,0.18805925456119488,0.06610453740824464,0.07608851679598307,0.034927069184745564,25.164238191931123,Vallenato,Kaleth Morales - Que Me Puedas Amar.mp3,mitad
140.625,2840.725599513541,2985.11479937728,6000.233291859225,0.06401448770218628,0.1045115515589714,0.49353668093681335,1.289966344833374,1.6568520069122314,0.08222123235464096,3172.074462890625,-219.18743896484375,110.95443725585938,127.5234146118164,35.8494758605957,-30.88263511657715,24.805191040039062,65.34471893310547,21.54305648803711,5.806132793426514,22.151622772216797,29.60384178161621,18.06574249267578,0.7045567035675049,14.806323051452637,-2.240975856781006,13.411420822143555,6.329137325286865,10.293964385986328,-0.5757884383201599,8.148470878601074,-3.9505345821380615,9.391868591308594,-3.1463589668273926,8.358078956604004,5.221176624298096,8.966530799865723,1.855124712565804,3.993155769421719e-05,0.11252406532748349,0.09422256959213518,0.15536121817842408,0.17508211260956988,0.06511320579434134,0.058867158632711115,0.023086730383236144,33.944774040453325,Vallenato,Kaleth Morales - Que Me Puedas Amar.mp3,final
127.8409090909091,2528.198611606982,2969.046237552746,5763.333740668326,0.046466739246356206,0.15592527389526367,0.42094671726226807,1.192138433456421,1.111882209777832,0.09721824526786804,5262.59228515625,-178.57403564453125,87.38742065429688,145.33078002929688,34.722755432128906,-37.38875198364258,18.915292739868164,57.095577239990234,25.89153480529785,-13.357030868530273,14.479352951049805,26.293848037719727,15.226377487182617,-1.151049017906189,14.260072708129883,-4.981744766235352,13.497310638427734,10.248284339904785,9.102835655212402,-9.669463157653809,8.849803924560547,8.543405532836914,10.400531768798828,1.8554127216339111,8.21224308013916,3.7951767444610596,8.669678688049316,2.7973516994408425,0.035747867077589035,0.12089270328099684,0.10802949593136092,0.14449619105764278,0.16567560508229356,0.055880708439587236,0.05436964333589073,0.07162804720001946,50.29043687783363,Vallenato,Kaleth Morales - Siete Palabras.mp3,inicio
127.8409090909091,2922.564057714631,3197.8712555573347,6724.1212673302525,0.06023842289148596,0.13441282510757446,0.4711492657661438,1.2266818284988403,1.087058186531067,0.08597200363874435,4778.7314453125,-163.45989990234375,54.77767562866211,141.27468872070312,18.38294219970703,-40.494571685791016,17.632747650146484,66.38764190673828,16.236284255981445,-14.218667030334473,15.66608715057373,25.26264190673828,11.322433471679688,5.294748306274414,12.408108711242676,-1.670815110206604,9.675884246826172,9.01050090789795,8.281000137329102,-9.429737091064453,7.711880683898926,11.028656959533691,7.643574237823486,-1.1631416082382202,7.704074859619141,0.7478164434432983,7.7686591148376465,2.174339396246618,2.3593300284119323e-05,0.1049783720352416,0.08867067452767247,0.13589017819155189,0.1869711697330397,0.05684382549738062,0.0508752819886468,0.06162091247918633,41.255534766856144,Vallenato,Kaleth Morales - Siete Palabras.mp3,mitad
95.33898305084746,2739.4856206074314,3002.4170163056715,6086.018041237114,0.057854818865535014,0.1351516842842102,0.4620988965034485,1.1361124515533447,1.4013123512268066,0.0962076485157013,5770.93505859375,-216.70809936523438,136.6073455810547,130.9556121826172,54.8328857421875,-33.6345100402832,19.079504013061523,55.800262451171875,25.429574966430664,-11.093819618225098,15.823399543762207,19.812135696411133,15.344195365905762,1.7687252759933472,10.631793975830078,0.9092541337013245,10.10740852355957,12.760839462280273,10.197405815124512,-6.762015342712402,7.569427013397217,8.535178184509277,8.09598445892334,2.0350844860076904,7.342074871063232,5.429457664489746,8.140471458435059,2.62345630528066,0.02400876395404339,0.12152426327356627,0.08235592773265225,0.1501579959418083,0.12742583959475487,0.04996924611777147,0.061232556257907154,0.023762132880201476,52.91083031569193,Vallenato,Kaleth Morales - Siete Palabras.mp3,final
133.92857142857142,2676.9992222173605,3009.8957711667917,5243.626133131887,0.05622767757954141,0.13342362642288208,0.29555049538612366,1.1709867715835571,0.82160884141922,0.09539522975683212,5573.0791015625,-210.50680541992188,120.70042419433594,121.9898452758789,37.7762451171875,-49.73243713378906,36.42477035522461,-4.241491794586182,13.698688507080078,-33.904659271240234,25.961172103881836,9.088683128356934,16.054319381713867,-27.553340911865234,15.448988914489746,-12.058731079101562,12.967535972595215,-11.793492317199707,9.892037391662598,-7.964945316314697,13.858843803405762,-7.657373905181885,10.793185234069824,-0.7379404902458191,9.009242057800293,3.820125102996826,9.11795425415039,2.6476906939825082,0.03156764805316925,0.1250942515678901,0.12696299047240228,0.18154889279861666,0.1905762383419171,0.0671317869299407,0.06637680677886006,0.07807445825572316,2.410047925408346,Vallenato,Kaleth Morales - Vivo En El Limbo.mp3,inicio
108.17307692307692,3393.9390634170104,3799.614315945089,7501.574720049769,0.06998356542170281,0.24213550984859467,0.36524075269699097,1.3026975393295288,1.1617037057876587,0.08766543120145798,7423.83154296875,-86.1148452758789,43.365440368652344,141.6749725341797,21.14386558532715,-31.346248626708984,15.4424409866333,50.5317268371582,15.968934059143066,-28.64592933654785,15.907524108886719,35.201271057128906,14.541718482971191,-25.555246353149414,12.112051963806152,15.037948608398438,10.038366317749023,-15.397941589355469,11.667072296142578,4.900337219238281,7.906837463378906,1.4437249898910522,7.519941806793213,1.8750091791152954,7.735457897186279,8.150251388549805,8.002118110656738,2.259647427912052,6.146864325273782e-05,0.10258136875073504,0.1252132122889676,0.18806093678737773,0.15556740235375782,0.05737110180947418,0.05932733914570308,0.0437452717460658,26.177076118723352,Vallenato,Kaleth Morales - Vivo En El Limbo.mp3,mitad
108.17307692307692,3077.893451732119,3421.035983853261,6660.149306789904,0.06426548474715606,0.18227699398994446,0.3631322681903839,1.0698719024658203,0.8747190833091736,0.09442120790481567,7304.6767578125,-148.15267944335938,145.42726135253906,129.20565795898438,42.83122634887695,-42.75847625732422,22.869325637817383,20.013763427734375,26.350177764892578,-37.85752487182617,17.915075302124023,18.14908790588379,22.511749267578125,-25.50863265991211,13.015360832214355,5.2482147216796875,14.170816421508789,-9.709875106811523,9.544137001037598,5.98920202255249,9.534195899963379,0.7931286096572876,8.66733455657959,7.907388687133789,7.529853343963623,12.308039665222168,8.662437438964844,2.1397417027546353,0.011477455496788025,0.1010735344397912,0.10016178060457558,0.13901216916921214,0.14605361410629736,0.04814456488909033,0.05060473699351943,0.05709321310198253,18.572612408941406,Vallenato,Kaleth Morales - Vivo En El Limbo.mp3,final
130.8139534883721,2769.7849749413417,3373.0268793183327,6302.446231781017,0.05325824020174191,0.1267060786485672,0.3775484561920166,0.989456832408905,0.923394501209259,0.08399578928947449,2400.4404296875,-184.7808380126953,68.81587982177734,132.88792419433594,28.791311264038086,-22.735591888427734,20.12274742126465,49.49696350097656,18.513404846191406,-15.199894905090332,12.985595703125,28.762378692626953,17.706850051879883,-8.391029357910156,15.811249732971191,5.585291862487793,12.622840881347656,-2.7951455116271973,10.971358299255371,3.0997462272644043,12.19793701171875,-0.5637567043304443,13.053139686584473,-0.5361862182617188,9.025432586669922,0.7338392734527588,10.400113105773926,4.445920245616941,0.0181402750313282,0.22204765709741806,0.18616958080037166,0.1818094510987944,0.2629846101299564,0.07921870783837316,0.10746641593492576,0.05942007449566832,44.66871870064241,Vallenato,La combinacion Vallenata - Ayer y Hoy.mp3,inicio
137.1951219512195,3072.000619725504,3476.965969499867,6974.451764130821,0.0628271987757732,0.21033665537834167,0.4137498736381531,1.1550770998001099,1.1288787126541138,0.08474155515432358,6325.783203125,-114.04672241210938,54.93216323852539,143.0989227294922,20.984996795654297,-33.022457122802734,19.523181915283203,61.0530891418457,15.339034080505371,-23.605728149414062,18.24561309814453,37.589725494384766,15.960695266723633,-12.955838203430176,13.954977035522461,7.680935382843018,10.523933410644531,-1.6268097162246704,11.547590255737305,1.0734477043151855,9.430818557739258,-0.7960636019706726,9.243623733520508,-0.5495308637619019,8.353989601135254,3.8115487098693848,8.762072563171387,2.606047371959133,4.098636782146059e-05,0.12710636746995063,0.12478715770224644,0.1579768379546232,0.1623436627089043,0.06560329052055659,0.06331466355789181,0.050305129636691585,33.01532099396766,Vallenato,La combinacion Vallenata - Ayer y Hoy.mp3,mitad
133.92857142857142,3122.027949463811,3615.824631876224,7084.857136509065,0.06352169336562388,0.18196603655815125,0.40267878770828247,1.1162725687026978,0.960538923740387,0.08861580491065979,5907.96875,-144.07786560058594,82.19419860839844,137.40061950683594,27.04690170288086,-17.830690383911133,32.9442138671875,60.99794387817383,19.863697052001953,-22.119762420654297,17.31400489807129,35.75265121459961,16.69962501525879,-14.348323822021484,13.988615036010742,12.919655799865723,11.931435585021973,2.5354223251342773,11.659923553466797,2.8005051612854004,8.60578441619873,-3.72312593460083,8.714445114135742,0.9632489085197449,8.780360221862793,6.104879856109619,8.14465045928955,2.4795538110837065,3.5483586543705314e-05,0.14802657707934413,0.22666172645738758,0.22792332149728212,0.17772606959380782,0.10728953011965371,0.06292010788871479,0.06930010633523258,35.11231361752218,Vallenato,La combinacion Vallenata - Ayer y Hoy.mp3,final
144.23076923076923,3270.347688891072,3424.324324939976,6986.782905261287,0.07776811900106648,0.10069333016872406,0.44565001130104065,1.1502670049667358,1.3359822034835815,0.08787176012992859,3194.025634765625,-209.8354949951172,105.96851348876953,115.104248046875,39.53803253173828,-13.405458450317383,27.099260330200195,52.952796936035156,21.804845809936523,-9.67361068725586,22.641021728515625,26.260236740112305,15.332627296447754,-12.853887557983398,18.65022087097168,3.8773114681243896,13.054438591003418,1.027048110961914,13.082731246948242,4.039586544036865,11.27859115600586,3.483785629272461,11.025846481323242,-4.179849147796631,10.670964241027832,6.942518711090088,12.232990264892578,2.5177633270022968,0.020416241139173508,0.1278440121425098,0.15849498420151578,0.20128136535782995,0.2080579564683826,0.0721494417094111,0.07525061621247531,0.05091950701449933,29.532949572986695,Vallenato,Los chiches - Mi Primer Amor.mp3,inicio
144.23076923076923,3428.3227381497845,3568.1275009314486,7306.634376110914,0.08017237907705296,0.10604164004325867,0.437038779258728,1.2898107767105103,1.471858024597168,0.08319821208715439,2285.11572265625,-192.08670043945312,62.954185485839844,130.6534881591797,29.90526008605957,-23.854337692260742,19.674325942993164,65.13579559326172,19.149654388427734,-14.67607593536377,19.55663299560547,33.62966537475586,17.086145401000977,-12.963081359863281,14.959667205810547,9.537708282470703,13.826315879821777,-0.7962210178375244,15.371978759765625,0.9325498342514038,15.418790817260742,2.9962985515594482,10.67411994934082,-7.51783561706543,9.457101821899414,3.300760507583618,11.041407585144043,2.5481029074950063,4.501718649407849e-05,0.10342866101224223,0.14322229428840397,0.16241272455500985,0.2222117838482024,0.06984427109559388,0.07585054631069042,0.023505962909056915,28.114515340439556,Vallenato,Los chiches - Mi Primer Amor.mp3,mitad
144.23076923076923,3118.657789960043,3397.095143906775,6884.701053146107,0.06896065699431213,0.12073361128568649,0.40957117080688477,1.0670024156570435,0.966600239276886,0.08626246452331543,2638.978759765625,-206.00332641601562,128.1642608642578,133.5296173095703,40.693077087402344,-30.813798904418945,33.46369934082031,62.10789108276367,22.696714401245117,-17.617021560668945,22.930267333984375,27.987895965576172,17.987712860107422,-17.863012313842773,16.361888885498047,5.588130950927734,13.374181747436523,8.535452842712402,13.694708824157715,-3.458648681640625,11.399581909179688,1.6862261295318604,9.713968276977539,-5.69755220413208,10.364152908325195,8.16641902923584,10.00139045715332,2.3789955396998925,0.02332920953631401,0.12313652901676574,0.18782750138367688,0.23935314391804435,0.1541858366140405,0.10144431238725797,0.07595271355723839,0.02619099583708977,25.09419718643776,Vallenato,Los chiches - Mi Primer Amor.mp3,final
140.625,2096.1664291691186,2871.7781661678255,4552.89059722716,0.033930426257554214,0.09980634599924088,0.4812885820865631,1.1550276279449463,1.240622639656067,0.08086422085762024,1063.740478515625,-243.92152404785156,72.09497833251953,154.34519958496094,26.560060501098633,-17.963891983032227,22.268352508544922,59.421878814697266,17.629140853881836,-2.052229166030884,18.371204376220703,32.33134460449219,12.542834281921387,-2.24369740486145,15.660195350646973,8.731372833251953,11.0752534866333,-2.0144686698913574,12.632646560668945,1.1296331882476807,10.796934127807617,4.004922866821289,10.035375595092773,-2.0446465015411377,9.235857963562012,2.1616127490997314,9.896849632263184,4.180529632996496,0.0021573875565081835,0.20438459775514747,0.21739396412508344,0.2544306392901525,0.297106735427412,0.10767434333601657,0.13554599696548814,0.036051257368753156,81.80339551456919,Vallenato,Los Chiches - Tierra Mala.mp3,inicio
144.23076923076923,2168.669505917876,2907.881190287858,4683.925635442588,0.037893437000088875,0.09814394265413284,0.46773234009742737,1.4172756671905518,1.863017201423645,0.07902015745639801,1254.4674072265625,-238.01788330078125,66.57855987548828,159.54234313964844,26.42795753479004,-12.595096588134766,20.873619079589844,58.59033966064453,18.926551818847656,-5.120739459991455,19.378990173339844,29.08150291442871,13.230408668518066,-3.2691705226898193,14.033160209655762,10.352184295654297,11.785091400146484,-3.8439159393310547,11.523999214172363,0.22444100677967072,9.285714149475098,-2.903035879135132,9.048806190490723,-9.009100914001465,10.081976890563965,5.671219348907471,10.45854377746582,3.353637664306698,1.983718539122492e-05,0.16024400093365448,0.17939133783571454,0.28329348956323724,0.17950140520502908,0.0952396669425943,0.1103489735725752,0.036143376845338776,65.42033342141534,Vallenato,Los Chiches - Tierra Mala.mp3,mitad
144.23076923076923,2657.6150447907594,3171.711309062953,5775.114979559189,0.049626767741290434,0.09726154804229736,0.4718018174171448,1.1887603998184204,1.2488493919372559,0.0882614254951477,1294.687744140625,-217.51573181152344,80.70562744140625,143.57518005371094,24.85683822631836,-22.261564254760742,24.98198127746582,59.9580192565918,17.654111862182617,-5.752893447875977,21.800079345703125,32.23579025268555,14.288618087768555,-7.263017654418945,17.41707992553711,11.123065948486328,10.536957740783691,-3.89953351020813,13.11113166809082,2.0650641918182373,8.462806701660156,0.7526314854621887,9.548239707946777,-2.142937183380127,9.933643341064453,6.268213272094727,9.239494323730469,3.085178103427511,2.582454908406362e-05,0.2119888791982614,0.1296255502948448,0.28491179587217985,0.17385543719603694,0.07729342817537635,0.12615914431163047,0.02475016327990752,43.90258280990026,Vallenato,Los Chiches - Tierra Mala.mp3,final
127.8409090909091,3112.234619611686,3409.3695780853855,6929.609736046925,0.06526513342072521,0.19217002391815186,0.36433303356170654,1.1910014152526855,1.2151247262954712,0.08897234499454498,5364.24853515625,-137.69483947753906,73.78045654296875,136.8604736328125,30.80509376525879,-21.278764724731445,22.507266998291016,61.454833984375,20.64617919921875,-21.771862030029297,21.082826614379883,29.81720542907715,15.539341926574707,-11.980672836303711,15.791501998901367,7.634243488311768,12.542168617248535,-2.709883451461792,12.499462127685547,-2.384613275527954,9.200549125671387,-2.4842166900634766,9.438130378723145,-3.7725744247436523,8.58935546875,2.8301289081573486,9.325517654418945,2.950530743866978,0.007499192375689745,0.15781940618226983,0.17304350973713745,0.23567267668930333,0.2055722239035655,0.08764419279312596,0.10679111723494032,0.03602673672675328,28.77137044582239,Vallenato,Los Gigantes del Vallenato - Me Parte El Corazon.mp3,inicio
127.8409090909091,3464.9856400302756,3585.456790475568,7530.069654283683,0.07565165498355848,0.21839316189289093,0.381405770778656,1.2563414573669434,1.2138464450836182,0.08894761651754379,6512.6337890625,-112.10868835449219,55.74333953857422,134.42449951171875,31.47697639465332,-30.666711807250977,20.475133895874023,60.503211975097656,18.72492218017578,-26.49891471862793,20.329471588134766,35.389404296875,16.253156661987305,-14.59482192993164,14.403640747070312,10.204878807067871,12.104012489318848,-7.850718021392822,10.387179374694824,-3.053830623626709,10.733938217163086,-3.1562232971191406,9.972304344177246,-1.6250030994415283,9.86320972442627,4.722249507904053,8.759228706359863,2.911441590426005,5.4719515901524574e-05,0.14010586571335618,0.1441409444561936,0.21372606297345026,0.18965507526926942,0.0722803520039724,0.08260951436570092,0.021775868947115907,23.459438889770038,Vallenato,Los Gigantes del Vallenato - Me Parte El Corazon.mp3,mitad
127.8409090909091,3195.229886499086,3562.9267105629574,7335.979159260576,0.06601204924680057,0.23397159576416016,0.3648902177810669,1.0389333963394165,0.7993636727333069,0.091243676841259,6488.7001953125,-116.42134857177734,107.21873474121094,132.82061767578125,32.20703125,-22.58049201965332,20.499853134155273,56.359031677246094,18.93329429626465,-32.25032043457031,22.200319290161133,27.049293518066406,18.499311447143555,-17.598526000976562,14.60157585144043,10.993589401245117,12.933953285217285,2.3372504711151123,11.37586498260498,-1.2085508108139038,10.8797025680542,-4.843991756439209,8.960864067077637,-3.0428104400634766,9.368304252624512,2.9196369647979736,8.498331069946289,2.760004981444279,4.5171989768277854e-05,0.20956751412081315,0.1775245411467214,0.28118565474237484,0.22901607546209848,0.06341546914361856,0.13404078413426196,0.0742065895694643,23.990863063571403,Vallenato,Los Gigantes del Vallenato - Me Parte El Corazon.mp3,final
127.8409090909091,1902.389503749555,2591.3939001752065,4143.046791681479,0.03556659371667259,0.12761276960372925,0.38229355216026306,1.0389902591705322,0.9155351519584656,0.09633973240852356,2541.841796875,-226.70587158203125,62.74431228637695,157.06292724609375,34.08127975463867,-18.257230758666992,13.610088348388672,50.619712829589844,16.44417381286621,4.076141834259033,19.16594123840332,16.332759857177734,14.280390739440918,-3.83123517036438,18.50644874572754,1.6567615270614624,10.209882736206055,0.07327256351709366,11.081883430480957,-3.2072534561157227,11.718905448913574,3.08417010307312,11.226859092712402,-2.812776803970337,9.847111701965332,-0.3977077603340149,9.385723114013672,4.707574937609966,0.01862863078713417,0.1564800086202124,0.2873201512213484,0.19374099838547215,0.3343653661185057,0.09224318342375483,0.13457566114867492,0.06263278722490008,88.92876609277567,Vallenato,Los Gigantes del Vallenato - Se Me Salen Las Lagrimas.mp3,inicio
140.625,2899.9906726115946,3577.7689376646026,6689.93567810167,0.049404932178723784,0.20004698634147644,0.5180048942565918,1.309636116027832,1.4753644466400146,0.08255067467689514,4786.24755859375,-161.0357666015625,66.33041381835938,133.0940704345703,25.66265869140625,-9.848034858703613,19.07167625427246,67.50536346435547,16.832799911499023,-4.12713098526001,19.400066375732422,36.98479461669922,18.520689010620117,-9.705373764038086,17.668500900268555,18.12047576904297,12.041386604309082,-0.9729966521263123,14.057005882263184,6.64811372756958,9.936558723449707,3.3180642127990723,10.803335189819336,2.068796157836914,9.69537353515625,1.4718455076217651,8.826263427734375,3.280715160885056,3.8939986552577466e-05,0.1374347451816144,0.23125875149759426,0.21886527264788982,0.2549106032789346,0.0987158206585893,0.09380923592734633,0.06124639649146701,58.75736514489062,Vallenato,Los Gigantes del Vallenato - Se Me Salen Las Lagrimas.mp3,mitad
140.625,2711.5942956384106,3393.429996699028,6334.532194276573,0.047118706674369,0.08290450274944305,0.423082172870636,1.05066978931427,1.1567286252975464,0.09464843571186066,3110.1875,-280.56768798828125,152.9779815673828,112.10519409179688,47.88914489746094,-0.5942346453666687,25.21388053894043,42.28279495239258,24.33934783935547,-3.3209033012390137,18.190427780151367,26.05545997619629,18.98197364807129,-11.869346618652344,17.63495445251465,16.2623291015625,13.626791954040527,3.4308202266693115,11.41661262512207,2.852569580078125,9.939388275146484,0.7360101938247681,9.309432029724121,11.282057762145996,11.257051467895508,5.500425815582275,9.720004081726074,2.163177309330507,0.07499385625123978,0.10356007274614826,0.11910618844381933,0.14218353119822622,0.16287681182159255,0.06447592835039119,0.052892034398479594,0.05403757908044252,44.122560931136206,Vallenato,Los Gigantes del Vallenato - Se Me Salen Las Lagrimas.mp3,final
137.1951219512195,2767.6860485504617,3259.4228960266405,5711.034704941344,0.05884526778572698,0.14913786947727203,0.38558024168014526,1.2792961597442627,1.3859589099884033,0.08953149616718292,3409.8818359375,-178.8484649658203,67.47259521484375,143.7668914794922,33.206783294677734,-18.940948486328125,27.364604949951172,47.300045013427734,25.42015266418457,-17.006298065185547,21.691165924072266,28.732589721679688,16.165422439575195,-12.444622039794922,13.819123268127441,13.54735279083252,15.831808090209961,6.007544994354248,14.112698554992676,3.193047046661377,14.075300216674805,-0.019213076680898666,11.240790367126465,0.1439981907606125,13.183252334594727,2.8055901527404785,10.547103881835938,3.1404813491515906,0.004660663660615683,0.22466653849955795,0.19439293106461364,0.25182900767669364,0.25954330173865015,0.10231432406984162,0.12093511141761239,0.020997266061345606,44.18643797106546,Vallenato,Los inquietos del Vallenato - Buscare Otro Amor.mp3,inicio
137.1951219512195,2986.6239091479,3312.4220386702414,6428.990401706364,0.06500042353581585,0.1957358419895172,0.42815420031547546,1.2191388607025146,1.0719674825668335,0.08712610602378845,4961.52197265625,-121.48361206054688,52.716224670410156,140.15777587890625,22.127368927001953,-34.45069122314453,21.723224639892578,56.251155853271484,16.496124267578125,-10.085060119628906,19.674728393554688,32.54387664794922,15.048531532287598,-13.407105445861816,12.963013648986816,11.215083122253418,11.122958183288574,3.6172590255737305,13.084677696228027,-1.1745113134384155,9.090420722961426,0.6655186414718628,9.263106346130371,4.221674919128418,11.91688060760498,6.551086902618408,10.52152156829834,2.839755147881817,4.4397518649930134e-05,0.1789582191047204,0.14178984085351537,0.19981313932156713,0.202729309609848,0.08877803672036148,0.07862326713265297,0.020835231581283368,31.530201665471754,Vallenato,Los inquietos del Vallenato - Buscare Otro Amor.mp3,mitad
137.1951219512195,2603.228111393185,3017.28180713979,5432.992468005687,0.05830144085495912,0.1333136260509491,0.38579779863357544,0.9759372472763062,0.9994108080863953,0.08963851630687714,4275.16455078125,-219.47885131835938,156.1328582763672,124.48224639892578,50.647315979003906,-21.98175621032715,33.422447204589844,47.55203628540039,23.829553604125977,-4.337792873382568,21.237224578857422,27.132787704467773,17.95486831665039,-14.202802658081055,15.588470458984375,7.336742877960205,13.343483924865723,7.264877796173096,11.922637939453125,-0.5260942578315735,9.33057689666748,-1.0388795137405396,9.669275283813477,6.627618789672852,10.921304702758789,6.334813594818115,9.491644859313965,2.6767111568288593,0.07629194110631943,0.1917036242000815,0.17267703691663464,0.18854758484282308,0.2999253166243621,0.09013924318897155,0.09381144159908807,0.022459701985616743,30.349875267662018,Vallenato,Los inquietos del Vallenato - Buscare Otro Amor.mp3,final
119.68085106382979,2571.535344108404,3898.0339593268186,6201.747467116957,0.04382588928634909,0.10164296627044678,0.3724137842655182,0.9906747341156006,0.8025667667388916,0.10059430450201035,1506.8890380859375,-264.1173400878906,69.7928237915039,125.91964721679688,27.02985191345215,28.419437408447266,20.75861930847168,39.6825065612793,19.387340545654297,-4.7537994384765625,14.603569030761719,27.13926124572754,12.120126724243164,-14.173555374145508,12.991644859313965,13.272573471069336,9.289093971252441,-2.883708953857422,10.225593566894531,-2.496342420578003,9.021204948425293,-9.671401977539062,10.064141273498535,0.8042938113212585,11.685454368591309,-10.900897979736328,8.394051551818848,7.005329629795907,0.011981426738202572,0.20482621942196852,0.15195266067555527,0.3245618832832296,0.19610703739216306,0.098137132875424,0.11751349169377086,0.06482282119295497,76.28599571924582,Vallenato,Los inquietos del Vallenato - Nunca Niegues Que Te Amo.mp3,inicio
137.1951219512195,4171.257754550692,4555.085949221875,9663.207096516175,0.08949277072964806,0.15803176164627075,0.4811558723449707,1.0584602355957031,0.9804395437240601,0.08358165621757507,4541.67041015625,-152.2476806640625,59.01045608520508,105.55152130126953,24.03528594970703,-5.707981586456299,18.678760528564453,58.60238265991211,15.415643692016602,-14.063553810119629,14.857062339782715,44.02361297607422,11.794819831848145,-14.938048362731934,11.469486236572266,25.50714874267578,11.924092292785645,-9.450272560119629,10.059981346130371,12.566071510314941,10.835126876831055,-5.1686930656433105,10.013781547546387,3.161207914352417,7.766290187835693,-0.9200790524482727,9.43468952178955,3.3532246057330997,8.305448136525229e-05,0.2074162862650117,0.1490303613957602,0.26287670401633384,0.19562244489453634,0.08441898071811894,0.08880677919278865,0.04453696175289385,42.23803826693442,Vallenato,Los inquietos del Vallenato - Nunca Niegues Que Te Amo.mp3,mitad
137.1951219512195,3631.1510025770003,4186.973411560465,8629.565854959119,0.06411880943387842,0.10953439027070999,0.40373891592025757,0.9847273826599121,0.8659207820892334,0.09544351696968079,4596.44091796875,-230.46934509277344,140.84510803222656,98.1284408569336,40.492374420166016,-7.82988166809082,18.559452056884766,39.22610855102539,19.823171615600586,-1.8896030187606812,15.77655029296875,29.770999908447266,17.25398063659668,-17.32158088684082,13.624120712280273,19.57013702392578,13.43698787689209,-0.4362145662307739,8.791234970092773,6.962159633636475,7.804494857788086,-3.9037489891052246,7.449940204620361,8.885690689086914,9.887187004089355,0.4585055410861969,6.6028900146484375,2.135773441034344,0.04802233725786209,0.08886947640143657,0.10020951288292707,0.15855299303549877,0.10933308570673601,0.05313252659119862,0.043921351489722246,0.023073804645476433,39.514099290735295,Vallenato,Los inquietos del Vallenato - Nunca Niegues Que Te Amo.mp3,final
140.625,2788.4400720759077,3315.062419008539,6279.317010309278,0.05875274951119801,0.1169552281498909,0.5100900530815125,1.2014044523239136,1.0551083087921143,0.08933696895837784,2524.371337890625,-212.43179321289062,65.59397888183594,126.52631378173828,35.09885025024414,-18.045225143432617,19.422239303588867,56.53581619262695,19.789968490600586,-4.16345739364624,20.219858169555664,34.22647476196289,18.56520652770996,-1.5866526365280151,15.843722343444824,14.266833305358887,14.006669044494629,5.0293803215026855,12.468184471130371,0.5680525898933411,10.077859878540039,4.44614315032959,12.86617660522461,1.856568694114685,10.035674095153809,5.9873881340026855,10.642026901245117,3.534375241530533,0.012873262166976929,0.10536986843260368,0.17209885056414723,0.18343019938355334,0.18869072963363043,0.07400923958822272,0.07138587412729495,0.021594812384619043,69.06229892376287,Vallenato,Los Inquietos del Vallenato - Te Quiero Asi.mp3,inicio
140.625,3520.7639814762215,3746.216453270184,7803.52937255599,0.08563095727426236,0.10082393884658813,0.42414620518684387,1.1584336757659912,0.9533715844154358,0.08888891339302063,2516.68505859375,-186.276611328125,41.49461364746094,116.8048324584961,18.356250762939453,-26.96601676940918,15.272001266479492,54.47832489013672,13.709942817687988,-16.5996150970459,15.917729377746582,34.605735778808594,14.531045913696289,-9.322829246520996,13.461538314819336,16.63330841064453,10.682197570800781,-1.8565419912338257,9.730284690856934,5.34970235824585,9.152846336364746,2.8914058208465576,11.015663146972656,-4.209651947021484,9.853233337402344,8.696757316589355,10.553704261779785,4.072521226478359,3.2490253943251446e-05,0.15798601662515968,0.1704417365152153,0.21254289704426724,0.23590717940949654,0.08766792687000381,0.09240959407109617,0.018421430785719936,36.094045239659216,Vallenato,Los Inquietos del Vallenato - Te Quiero Asi.mp3,mitad
140.625,2888.812181781481,3169.7513863258805,6357.036526839673,0.05840558900639886,0.08864174038171768,0.37755411863327026,1.0759944915771484,0.9768456816673279,0.10573160648345947,3184.9482421875,-252.09429931640625,110.31735229492188,109.28563690185547,40.6613883972168,-18.582155227661133,15.257800102233887,46.219024658203125,21.12435531616211,-0.8841438889503479,17.74886703491211,22.271696090698242,21.822399139404297,-7.352134704589844,13.57792854309082,7.017611503601074,13.582950592041016,7.88202428817749,12.71613597869873,-0.34000256657600403,9.40854263305664,-2.0326545238494873,10.499371528625488,4.002955913543701,12.13812255859375,2.550853967666626,11.242027282714844,2.94333659148726,0.05088448524475098,0.13352922098848702,0.1989274717210589,0.24788132022954168,0.19684839569434293,0.08394139878805337,0.0988684427008522,0.024651336106026364,46.85956911482896,Vallenato,Los Inquietos del Vallenato - Te Quiero Asi.mp3,final
137.1951219512195,3161.6043980515938,3477.6546682899193,6479.673058123,0.06507957613091006,0.17635615170001984,0.42171213030815125,1.2184021472930908,1.5076500177383423,0.08927764743566513,4344.91845703125,-154.35679626464844,99.3047103881836,125.78565979003906,36.65775680541992,-29.348609924316406,18.067005157470703,61.621177673339844,20.921152114868164,-10.559611320495605,18.12994956970215,32.042213439941406,17.42696189880371,-13.389265060424805,15.392624855041504,18.91592788696289,10.819787979125977,-7.444777011871338,10.568262100219727,7.051654815673828,11.054646492004395,-4.038426876068115,9.335851669311523,3.9793002605438232,9.246240615844727,-0.6180116534233093,9.735555648803711,3.506211435691812,0.029443999752402306,0.08489722627156647,0.0901636454905528,0.1946871521946271,0.17985191775077253,0.054881250173491915,0.0655709986638058,0.03351511934660811,33.67083599448425,Vallenato,Los inquietos del Vallenato - Volver.mp3,inicio
137.1951219512195,2380.9489990417624,3183.17464105461,4978.423280305723,0.03833467800168859,0.17570267617702484,0.45901912450790405,1.2731705904006958,1.6749067306518555,0.0842774286866188,3633.792236328125,-163.10870361328125,64.23910522460938,154.95278930664062,25.922178268432617,-8.334259033203125,22.154369354248047,55.32388687133789,16.23056411743164,-8.652592658996582,16.424375534057617,24.01468276977539,14.235374450683594,-8.025242805480957,12.410979270935059,16.523061752319336,10.85647201538086,-4.2218732833862305,10.745962142944336,4.313852310180664,8.976971626281738,-5.100526809692383,7.511849880218506,-3.991870164871216,8.05859375,-4.426876068115234,6.910672187805176,3.1488877661939907,4.067425470566377e-05,0.084467978666239,0.1226025610556174,0.2037502971166277,0.2366060925624821,0.057476944957297896,0.07795647333625871,0.029607173040879748,54.27915460493506,Vallenato,Los inquietos del Vallenato - Volver.mp3,mitad
137.1951219512195,2951.9565709689773,3233.139898428052,5920.897396018486,0.060089491034927126,0.15520836412906647,0.3616962134838104,1.1657460927963257,1.3011726140975952,0.09539619833230972,4591.63134765625,-175.982666015625,135.56533813476562,126.38999938964844,46.893550872802734,-29.823863983154297,19.872312545776367,47.84678649902344,24.600927352905273,-12.472057342529297,19.087961196899414,24.148624420166016,15.496097564697266,-17.724475860595703,12.53197956085205,17.153030395507812,13.042932510375977,-5.1240153312683105,9.846617698669434,0.010359442792832851,8.871789932250977,-3.8257176876068115,8.725090026855469,10.638825416564941,9.76957893371582,-0.9035035371780396,6.4644694328308105,2.6209840525023558,0.0770416110754013,0.08540113322094466,0.08028542139167971,0.16464717531724563,0.16977509186589565,0.052388764413696984,0.05750122221115488,0.027887828674904993,28.333562534620295,Vallenato,Los inquietos del Vallenato - Volver.mp3,final
148.02631578947367,2406.3209983610263,3088.064258522397,5325.903172769285,0.0387752246822787,0.13680101931095123,0.45513632893562317,1.2736773490905762,1.5300893783569336,0.09079982340335846,2981.838623046875,-229.18209838867188,78.57249450683594,131.74781799316406,29.271589279174805,0.951424777507782,20.298377990722656,61.982913970947266,19.784990310668945,-1.5371770858764648,22.53763198852539,24.057701110839844,19.357322692871094,-2.749873399734497,17.135726928710938,12.268571853637695,10.970608711242676,3.5797064304351807,12.59915828704834,10.075769424438477,12.098958969116211,11.325554847717285,12.83202075958252,1.973310112953186,10.84561538696289,-0.07744259387254715,9.85059928894043,4.245503273090667,0.011148083955049515,0.15185556616273957,0.18730999488920402,0.16212298068855244,0.31147669503262826,0.11375783512175179,0.09306106008954011,0.02104562033981351,79.0770720906496,Vallenato,Luis Mateus - Quiereme.mp3,inicio
148.02631578947367,2850.993534807848,3377.3783286886614,6334.090606114469,0.05039989418547814,0.15108337998390198,0.4531437158584595,1.2524925470352173,1.3145830631256104,0.09247110784053802,4382.39599609375,-184.9950408935547,55.369266510009766,130.73095703125,23.733848571777344,-13.991250038146973,17.886445999145508,56.95198059082031,19.319406509399414,-10.614551544189453,19.14634895324707,28.27159881591797,18.434612274169922,-1.753238320350647,15.69172477722168,17.74149513244629,12.141437530517578,4.543994903564453,10.632857322692871,3.449097156524658,11.931673049926758,5.443275451660156,12.53455638885498,-0.14368599653244019,11.193668365478516,8.049637794494629,13.689446449279785,3.4889052905836757,2.891073381761089e-05,0.1176232088049627,0.20388761564149868,0.20512881091322951,0.19290520511379364,0.08976802430305969,0.08041637976816966,0.05730498160815222,61.53994075940571,Vallenato,Luis Mateus - Quiereme.mp3,mitad
98.6842105263158,2541.013063539355,3156.6169553472137,5773.940188410949,0.04425845127532883,0.10626973956823349,0.4496932923793793,1.0299633741378784,1.141190528869629,0.09559427946805954,3821.27880859375,-274.848876953125,142.62646484375,119.28846740722656,55.77416229248047,-1.8059931993484497,22.797014236450195,46.63022232055664,25.429489135742188,-3.440311908721924,20.725936889648438,23.796875,20.08080291748047,-6.626886367797852,15.08654499053955,10.137173652648926,11.656217575073242,6.840356349945068,10.378901481628418,0.9184011220932007,8.824562072753906,1.4511003494262695,8.908895492553711,4.68393087387085,9.957764625549316,6.158295631408691,8.697466850280762,2.7632585332302813,0.05575141683220863,0.09576116280113256,0.1495548706060892,0.15171065308111836,0.18534078491136932,0.06815224416160547,0.05678022578674404,0.07647191585504408,70.81002620644512,Vallenato,Luis Mateus - Quiereme.mp3,final
108.17307692307692,2681.6863144594604,3022.185996971027,5866.923658016352,0.06261595160860292,0.15518581867218018,0.35735613107681274,1.1987149715423584,1.0100542306900024,0.08954808861017227,3771.766357421875,-163.5631866455078,74.43206024169922,142.55079650878906,34.94837951660156,-26.592945098876953,16.914897918701172,51.77806091308594,22.10613441467285,-15.092970848083496,14.876888275146484,25.242351531982422,14.076667785644531,-6.46856689453125,12.403731346130371,-5.661660194396973,11.984716415405273,-0.596554696559906,11.792352676391602,-4.700822830200195,9.573792457580566,-1.4227821826934814,10.342682838439941,-7.049720287322998,11.005025863647461,-1.1487810611724854,11.145135879516602,2.823495782862054,0.019860895350575447,0.10751747875529191,0.15042294939972536,0.1889055969001854,0.18295389056883207,0.06286254467372085,0.07787687640001327,0.056950160526496506,33.03249851706551,Vallenato,Martin Elias - 10 Razones Para Amarte.mp3,inicio
110.29411764705883,2749.421553874612,3164.3000241660266,6180.242956807679,0.05798847565988269,0.17768003046512604,0.35472172498703003,1.1960374116897583,0.8890167474746704,0.08804726600646973,5227.22802734375,-133.14878845214844,37.28205108642578,142.6422119140625,18.359071731567383,-29.264991760253906,13.398504257202148,55.4166145324707,16.15129280090332,-15.776837348937988,14.72495174407959,21.363967895507812,12.397597312927246,-7.034360408782959,9.669404983520508,-5.269257068634033,10.438323020935059,-2.832012414932251,10.469279289245605,-0.1221071109175682,9.008740425109863,4.444733619689941,8.443602561950684,-5.498508453369141,8.821258544921875,2.8314902782440186,9.910762786865234,2.6386816006355422,2.085895903292112e-05,0.08617639468533692,0.15037974400237522,0.14385155831227953,0.1565992553983207,0.0701631778263863,0.05965437823063449,0.0694353471492783,33.33344763085248,Vallenato,Martin Elias - 10 Razones Para Amarte.mp3,mitad
108.17307692307692,2125.909714045732,2131.882722681966,4344.935900284394,0.05137142285815855,0.09597422182559967,0.24728716909885406,0.7043514847755432,0.7378973364830017,0.09300500154495239,4869.275390625,-287.13104248046875,166.5757293701172,78.48910522460938,62.136260986328125,-30.58342742919922,30.027345657348633,22.796707153320312,28.187360763549805,-10.880550384521484,16.40610122680664,4.711571216583252,18.003076553344727,-13.889313697814941,15.808584213256836,-8.417247772216797,13.655879974365234,-2.6829206943511963,11.345590591430664,-8.287654876708984,10.166288375854492,-6.65798282623291,12.98797607421875,0.22915665805339813,10.168651580810547,6.587562084197998,9.786770820617676,3.3049901024092296,0.30368801951408386,0.16014155372476988,0.12478346839468386,0.215028013805763,0.1743567271048229,0.06435199476748481,0.06325023919150671,0.052856675842332175,14.310285831590935,Vallenato,Martin Elias - 10 Razones Para Amarte.mp3,final
140.625,2409.025373419224,2768.772693197004,5304.456985424813,0.05442018641130466,0.0505831241607666,0.45874449610710144,1.1752917766571045,1.3300707340240479,0.08291149884462357,1666.29150390625,-273.95062255859375,76.2490463256836,139.9119873046875,31.00733757019043,-23.51189422607422,18.71024513244629,47.27507400512695,17.776430130004883,3.8092968463897705,23.141202926635742,17.38083839416504,15.51826000213623,2.938857078552246,12.569287300109863,-0.23014849424362183,12.322574615478516,3.256026029586792,9.771618843078613,5.451676845550537,9.143975257873535,3.1063692569732666,8.609482765197754,-0.2520124018192291,7.517388343811035,6.205198287963867,9.259727478027344,2.606904128502086,0.019269227981567383,0.12807291111621336,0.10190839944654602,0.12385462205946356,0.2658902799549747,0.060270788189458795,0.06898937793827148,0.04825286718852994,45.13562320956571,Vallenato,"Omar Geles, Esmeralda Orozco - Una Hoja En Blanco.mp3",inicio
144.23076923076923,2646.9813021452483,3077.161286367201,5853.934300568788,0.05410600615446143,0.09360531717538834,0.3874463140964508,1.2847925424575806,1.345894455909729,0.08921780437231064,2558.037841796875,-205.30194091796875,56.04570770263672,147.04478454589844,28.65391731262207,-23.79574203491211,16.060237884521484,50.77781677246094,19.01405143737793,-5.5351386070251465,23.08184814453125,16.60399055480957,16.677249908447266,-7.249769687652588,12.842818260192871,7.5762529373168945,11.597017288208008,3.4627671241760254,10.731451034545898,0.12940308451652527,9.158125877380371,-2.8686583042144775,8.34350872039795,0.4181315302848816,9.377490043640137,8.409510612487793,10.307901382446289,2.3346508695331862,5.771327414549887e-05,0.0827582440447185,0.08886179850722184,0.1244185537217177,0.1647282400365614,0.049993373581815916,0.046894970606519225,0.04310187950978182,40.78283312853273,Vallenato,"Omar Geles, Esmeralda Orozco - Una Hoja En Blanco.mp3",mitad
148.02631578947367,2977.6133988284787,3257.799059637162,6520.557456452187,0.061795090595005334,0.06774996966123581,0.4013805389404297,1.1066316366195679,1.125881552696228,0.09687179327011108,2917.51806640625,-271.6374816894531,141.00140380859375,109.51427459716797,46.514564514160156,-18.651763916015625,25.204599380493164,44.48731994628906,25.321937561035156,-10.201393127441406,20.19297218322754,19.50802993774414,16.204051971435547,-7.820581912994385,14.752285957336426,7.322474479675293,12.292677879333496,2.2669434547424316,11.259716987609863,-0.59918612241745,10.113160133361816,-0.27972686290740967,9.56325626373291,0.3089176416397095,9.835909843444824,3.2281503677368164,8.773933410644531,1.7694627493003525,0.05045846104621887,0.059613875336108,0.06927867820206654,0.11724723014601698,0.14939974951749427,0.04181065692198738,0.03895030634957057,0.025075687015564903,29.65425387875295,Vallenato,"Omar Geles, Esmeralda Orozco - Una Hoja En Blanco.mp3",final
133.92857142857142,2002.1126857580914,2031.5662715805424,3984.3083451830785,0.053607483669569855,0.15727294981479645,0.37706229090690613,1.177930474281311,1.3058454990386963,0.09210389107465744,4059.05517578125,-200.7344970703125,82.34703826904297,167.263427734375,37.9892578125,-47.911582946777344,32.74724197387695,40.926109313964844,29.94947052001953,3.196599006652832,19.6848087310791,6.814090728759766,12.154768943786621,12.073004722595215,12.46070384979248,-18.48636817932129,14.664815902709961,5.498367786407471,13.044244766235352,-5.34373664855957,9.858022689819336,-0.24241293966770172,8.866033554077148,-0.22891485691070557,7.9895219802856445,-6.748462200164795,12.05550765991211,3.18421265481628,0.02455125004053116,0.11079906524449766,0.08822057804987003,0.2151646832646109,0.21024850826933772,0.0785040527185388,0.07083240387435279,0.03388277902325005,40.84701712451679,Vallenato,"Otto Serge, Rafael Ricardo - Señora.mp3",inicio
137.1951219512195,2064.4998099943095,2077.7169751056044,4115.218405616779,0.05486073309189477,0.15709134936332703,0.3626432716846466,1.2943633794784546,1.373549222946167,0.0910201147198677,4362.33984375,-197.53997802734375,67.17890930175781,173.07546997070312,24.72176742553711,-49.18263244628906,31.491472244262695,39.06308364868164,31.807374954223633,2.217897415161133,20.040843963623047,3.935169219970703,12.864046096801758,8.729004859924316,13.263955116271973,-19.25058364868164,14.618896484375,5.188806056976318,13.598794937133789,-5.8915019035339355,9.677225112915039,0.9233576059341431,9.381880760192871,1.745936632156372,9.35454273223877,-4.429276943206787,11.373108863830566,2.64957111204083,1.521513581792533e-06,0.10438887186200196,0.09229026200670731,0.14010448269811465,0.2513731747416938,0.059655142263703415,0.0809558087520745,0.06433421068216949,34.93845540270535,Vallenato,"Otto Serge, Rafael Ricardo - Señora.mp3",mitad
137.1951219512195,1735.9596958313498,1838.3637261762672,3534.463317632421,0.04488681178901529,0.11769266426563263,0.3298269212245941,0.9556048512458801,1.2245489358901978,0.0973711907863617,3882.98095703125,-281.2406311035156,147.0260009765625,135.90792846679688,70.13325500488281,-32.886566162109375,38.430564880371094,38.603858947753906,33.70036697387695,3.1449453830718994,18.12147331237793,8.033768653869629,11.631150245666504,8.25835132598877,11.517298698425293,-17.710437774658203,15.086027145385742,7.687580585479736,12.775154113769531,0.00958180334419012,10.548371315002441,4.192070007324219,10.497790336608887,2.5754923820495605,8.998257637023926,-3.561037063598633,10.401899337768555,2.6132166174001528,0.1590316742658615,0.11609866974919908,0.11492201058714173,0.17290102584615524,0.22345456710934003,0.06178865626004952,0.06871098685641702,0.0371668477530662,40.12306675961088,Vallenato,"Otto Serge, Rafael Ricardo - Señora.mp3",final
104.16666666666667,3206.125104087137,3298.6966695037354,6933.084118378955,0.07820988074342339,0.22428035736083984,0.4314958453178406,1.1664959192276,0.9966101050376892,0.08572584390640259,10133.8984375,-118.48219299316406,75.67658233642578,130.58180236816406,28.275569915771484,-32.21178436279297,17.1487979888916,70.87602233886719,19.370349884033203,-14.376629829406738,18.21411895751953,20.970840454101562,15.313014030456543,-3.0335686206817627,15.641568183898926,2.8023886680603027,15.387372016906738,-1.7058099508285522,10.109187126159668,-4.514505386352539,9.351576805114746,3.0256545543670654,8.153888702392578,-3.1429030895233154,8.626548767089844,1.1032483577728271,8.714713096618652,3.0299869229890346,0.007736763916909695,0.18090873708739227,0.12687887718158466,0.19255041605947448,0.23040646337049653,0.07772021935664812,0.08931402379997987,0.03950671050933669,32.37649052157851,Vallenato,Patricia Teheran - Tarde Lo Conoci.mp3,inicio
106.13207547169812,3225.394961989024,3441.9162018713164,7013.60313722005,0.06969542220271951,0.2705382704734802,0.43527752161026,1.3018250465393066,1.3113032579421997,0.08502669632434845,11502.1201171875,-103.37483215332031,51.35734939575195,130.64646911621094,23.152973175048828,-20.4786376953125,20.743799209594727,79.21733093261719,14.51374626159668,-16.263731002807617,17.450843811035156,27.545381546020508,15.616747856140137,-8.377276420593262,16.4351806640625,7.429025173187256,11.613245964050293,0.2286137342453003,10.941704750061035,-4.270752429962158,11.321481704711914,4.583658695220947,10.972387313842773,-0.9230680465698242,11.911657333374023,1.2495039701461792,9.382699012756348,2.62805250514959,3.467058559181169e-05,0.14558756328698946,0.12230531008887721,0.21289427233590766,0.187580153470132,0.08987367340390073,0.0720859860744813,0.04132406629285811,35.70560006747468,Vallenato,Patricia Teheran - Tarde Lo Conoci.mp3,mitad
160.71428571428572,3539.7550468539293,3698.155754923743,7897.1210673658015,0.07105958940632777,0.19025537371635437,0.4103316366672516,1.184972882270813,1.010264277458191,0.09487449377775192,9843.9609375,-153.57693481445312,118.99819946289062,116.33666229248047,39.16365432739258,-15.672903060913086,22.763700485229492,52.80406951904297,24.899368286132812,-21.141695022583008,19.933706283569336,31.197107315063477,19.59979820251465,-17.249645233154297,13.982357025146484,12.216686248779297,11.299985885620117,3.317314386367798,10.31251335144043,-4.536858558654785,9.969887733459473,2.358992099761963,9.810296058654785,6.187378406524658,10.125994682312012,-0.9404178857803345,9.08983325958252,2.325163513781089,0.050496336072683334,0.11228850857419892,0.10097312067603582,0.1489349418737451,0.16281765479308782,0.06143020512654502,0.06306044123410717,0.030922060121059254,31.523615391320487,Vallenato,Patricia Teheran - Tarde Lo Conoci.mp3,final
130.8139534883721,3151.0628201462823,3403.344064808673,6762.06452186278,0.06624169592072521,0.19607418775558472,0.42913755774497986,1.3890663385391235,1.3411022424697876,0.09337268024682999,9267.6962890625,-120.86608123779297,86.1208267211914,136.18785095214844,28.043886184692383,-38.40202713012695,17.884675979614258,50.48042678833008,21.988527297973633,-18.68708610534668,15.367303848266602,28.832529067993164,18.29636001586914,-16.740957260131836,14.696259498596191,7.6796793937683105,11.313802719116211,-2.451547384262085,10.141411781311035,1.6848251819610596,8.144411087036133,-3.7234950065612793,8.839521408081055,0.8056467175483704,9.138298034667969,2.478714942932129,7.767815589904785,1.3908470632721504,0.019284062087535858,0.07914847602649204,0.07120411038019965,0.10289237325460793,0.10678245437566952,0.03488210542896227,0.038211506247786624,0.06382990378244262,27.330019694572286,Vallenato,Peter Manjarres - Te Empeliculaste.mp3,inicio
130.8139534883721,3521.083339519517,3737.9811061826967,7674.74393441166,0.07864921236224671,0.2316531091928482,0.37628045678138733,1.2877559661865234,1.0215789079666138,0.08873634040355682,9249.828125,-84.00613403320312,43.17268371582031,135.08102416992188,20.305307388305664,-38.5988655090332,15.70277214050293,57.60495376586914,16.672901153564453,-25.098920822143555,12.786567687988281,34.65507507324219,12.111451148986816,-22.081912994384766,10.28180980682373,14.919567108154297,8.854598999023438,-8.600936889648438,10.404158592224121,6.202064037322998,8.651447296142578,-1.6066744327545166,8.256614685058594,0.9134385585784912,9.010995864868164,3.4294822216033936,9.244397163391113,1.835270587195566,6.40775469946675e-05,0.08368777096508123,0.05665827163730268,0.09867298911300051,0.10428157325262954,0.03194520216400509,0.04478192157088895,0.07917025320215677,23.862398780918525,Vallenato,Peter Manjarres - Te Empeliculaste.mp3,mitad
130.8139534883721,2720.026845381015,2950.269486922696,5799.652284038393,0.06126289354114824,0.18983033299446106,0.38367199897766113,0.9673750996589661,0.9463709592819214,0.1058039516210556,9332.607421875,-177.08351135253906,181.57418823242188,114.92863464355469,54.84401321411133,-28.794498443603516,33.72188949584961,43.57949447631836,25.672460556030273,-16.544885635375977,18.853525161743164,29.967256546020508,18.449726104736328,-17.45096206665039,17.22605323791504,11.74579906463623,11.413663864135742,-0.26982876658439636,10.030339241027832,5.9590654373168945,8.093031883239746,-2.7988100051879883,10.260159492492676,1.9959158897399902,8.719757080078125,3.2084546089172363,7.568150520324707,1.6626499688452416,0.1284884810447693,0.2358514698018008,0.06549781230765328,0.2794828145492868,0.10986418555956251,0.03891838358731602,0.11960283332982456,0.07165533297922869,22.986505786817776,Vallenato,Peter Manjarres - Te Empeliculaste.mp3,final
148.02631578947367,2449.715860104358,2618.786850375952,5054.318121222894,0.05546444520974049,0.12206011265516281,0.3754720687866211,1.1779263019561768,1.116532564163208,0.08657047152519226,3920.8466796875,-194.0072021484375,80.62742614746094,155.59378051757812,34.42989730834961,-38.783905029296875,23.989120483398438,52.78820037841797,23.973373413085938,-3.8840746879577637,19.73432731628418,13.680005073547363,17.145729064941406,-8.689421653747559,15.434234619140625,-6.719376087188721,12.768621444702148,7.982407093048096,12.307685852050781,-7.429385662078857,9.34462833404541,-4.15701150894165,10.257951736450195,2.6608223915100098,10.475695610046387,5.1141462326049805,9.383550643920898,2.367195234716521,0.017818033695220947,0.1552808833430689,0.15134641273425078,0.19491203453585418,0.24918687906409218,0.07823679840934394,0.0910615365105664,0.052443224896261784,24.924730517917805,Vallenato,Peter Manjarres - Tragao De Ti.mp3,inicio
152.02702702702703,3454.5921510887624,3456.590104554881,7314.374666725916,0.08498923108114113,0.17235822975635529,0.3733525574207306,1.239861249923706,1.2073978185653687,0.08817021548748016,3644.35693359375,-137.52789306640625,55.87876510620117,134.70480346679688,27.170928955078125,-39.10044479370117,17.211227416992188,62.00801467895508,15.946371078491211,-23.881582260131836,18.68569564819336,31.61078643798828,14.56812858581543,-20.537412643432617,15.903453826904297,8.8787202835083,12.265380859375,2.0965402126312256,13.719891548156738,0.23327311873435974,9.626876831054688,1.054195761680603,9.870985984802246,0.0807688906788826,8.977886199951172,8.449447631835938,10.929641723632812,3.29036635233178,4.4826199882663786e-05,0.20728250829009512,0.1682585069342993,0.19984411994306112,0.2897744465675545,0.09994842223962198,0.09938204247665718,0.0491813077332817,21.478492556765534,Vallenato,Peter Manjarres - Tragao De Ti.mp3,mitad
148.02631578947367,2816.937149903365,2828.0741995012168,5720.474693387842,0.0690556053923747,0.1645667999982834,0.41582125425338745,1.0867767333984375,0.9917818903923035,0.09565705806016922,5455.30810546875,-179.95933532714844,114.9349594116211,144.62701416015625,37.0239143371582,-27.281177520751953,46.43888854980469,49.5208740234375,28.018056869506836,-12.018596649169922,18.168458938598633,27.048757553100586,18.82461929321289,-18.347070693969727,19.766660690307617,3.5974903106689453,14.136189460754395,12.211002349853516,13.570316314697266,-2.554534673690796,9.522640228271484,-6.514134407043457,11.2926664352417,2.978445529937744,9.092177391052246,11.037419319152832,10.708731651306152,2.9374838076063376,0.0044129532761871815,0.184709564170453,0.1705006622255913,0.19636685606706145,0.24857076546021137,0.08782998141936384,0.08377246735116034,0.10165232045122817,18.93372272845187,Vallenato,Peter Manjarres - Tragao De Ti.mp3,final
114.79591836734694,2755.0652762069913,3294.42210076583,5997.792059189477,0.05504767902372912,0.20853784680366516,0.39337027072906494,1.2586555480957031,1.3416039943695068,0.08883994072675705,6933.03515625,-119.57323455810547,69.71675109863281,151.5983428955078,26.18841552734375,-32.857276916503906,20.400178909301758,50.01694869995117,17.004154205322266,-9.526792526245117,17.181989669799805,30.355125427246094,14.57313346862793,-15.228163719177246,14.543647766113281,8.338279724121094,13.131754875183105,-7.8143630027771,11.820804595947266,2.6387367248535156,8.620341300964355,-2.7429606914520264,10.246506690979004,1.070341944694519,8.919401168823242,4.771298408508301,8.746683120727539,2.1000971868412397,0.0032030909787863493,0.1145206729757475,0.09932350390319122,0.15542122981303608,0.1885566508437609,0.06341731986134229,0.06332844561879565,0.07230809930416696,31.621071569063794,Vallenato,Silvestre Dangon - Que No Se Enteren.mp3,inicio
114.79591836734694,2684.9546067442307,3271.6873880467588,5843.627799502311,0.055386334096160686,0.2094372659921646,0.38294094800949097,1.101555585861206,0.8204869627952576,0.08091334998607635,5366.97705078125,-107.34014129638672,44.33268356323242,157.60557556152344,16.9451847076416,-39.44651412963867,16.527109146118164,51.00834274291992,11.918042182922363,-15.945556640625,13.520261764526367,31.59322738647461,10.74903392791748,-9.036977767944336,11.709303855895996,14.947124481201172,10.39016056060791,-14.239304542541504,9.005098342895508,1.3382502794265747,7.693890571594238,-5.148061752319336,9.307991027832031,-1.4431308507919312,7.523391246795654,5.737332344055176,7.126310348510742,2.5684181518955693,3.2181946153286844e-05,0.10318779632349441,0.09737972509655973,0.13238581290917914,0.2005155950113989,0.05537477662812112,0.05812572922385684,0.07227699138332505,36.0030271774258,Vallenato,Silvestre Dangon - Que No Se Enteren.mp3,mitad
114.79591836734694,3381.5519415988415,3563.4886597090244,7270.082540881621,0.08470004638064343,0.1152980774641037,0.43804603815078735,1.029192566871643,1.1679863929748535,0.08178264647722244,4682.10693359375,-215.30532836914062,140.7574462890625,127.89038848876953,50.155330657958984,-13.815610885620117,22.168006896972656,42.476558685302734,22.034442901611328,-6.846438884735107,19.567798614501953,22.724287033081055,15.070356369018555,-6.2160964012146,12.502087593078613,10.136505126953125,11.242494583129883,-7.702281951904297,8.87345027923584,3.608119249343872,8.496847152709961,1.4234369993209839,6.207149028778076,1.3943320512771606,5.885992050170898,3.4454896450042725,6.634199619293213,2.1760339615433772,0.01071473490446806,0.10338494356592925,0.07644495179877457,0.11307800323562739,0.1985464822806997,0.04898647930345568,0.053566881577497796,0.013124378484116421,40.302131567595026,Vallenato,Silvestre Dangon - Que No Se Enteren.mp3,final
104.16666666666667,2397.016885378693,2996.781297397306,5255.082429790259,0.043272168281194456,0.15445411205291748,0.44075483083724976,1.2972978353500366,1.4786834716796875,0.08484364300966263,3898.1494140625,-174.5533447265625,93.69319152832031,156.72703552246094,38.20595169067383,-19.26402473449707,23.959407806396484,45.285484313964844,23.830408096313477,-10.060171127319336,19.768407821655273,28.079904556274414,16.71282386779785,-4.145266056060791,15.715274810791016,7.006862163543701,10.323517799377441,-0.7289629578590393,10.74559497833252,4.201684951782227,9.815780639648438,-2.1232879161834717,9.612641334533691,-0.6405770778656006,9.225211143493652,2.816394567489624,9.007923126220703,2.688497036571442,0.007268358953297138,0.21944314308818388,0.20683852521992593,0.261476820091141,0.17155446905828503,0.09288946092900904,0.10283501764075613,0.05278655946785787,50.44969812378323,Vallenato,Silvestre Dangond - Loco Paranoico.mp3,inicio
104.16666666666667,2892.375309719966,3369.5428973420953,6410.477026306435,0.060902714517419125,0.15768752992153168,0.3841291069984436,1.2989038228988647,1.4065676927566528,0.09138321131467819,2972.305908203125,-153.57249450683594,51.96734619140625,145.68910217285156,25.82706642150879,-25.170564651489258,20.12436294555664,59.736629486083984,16.40937614440918,-19.23300552368164,18.013702392578125,29.296009063720703,13.019194602966309,-6.829785346984863,14.070653915405273,6.360917091369629,11.818547248840332,-10.24108600616455,10.60409927368164,4.8450236320495605,11.126331329345703,-2.1020212173461914,9.81527328491211,-0.010682475753128529,8.846529960632324,3.912856101989746,9.698793411254883,3.199593780926603,4.145172351854853e-05,0.13729186135766575,0.1487918426568702,0.2969709375226922,0.17249548846871568,0.0915151160543095,0.06352906514313006,0.025285703558594858,39.78372745129119,Vallenato,Silvestre Dangond - Loco Paranoico.mp3,mitad
156.25,2571.991835040018,3090.5009659958596,5624.141819232136,0.050835580619001064,0.11396985501050949,0.3961341977119446,1.1178923845291138,1.0727553367614746,0.09497295320034027,4115.9326171875,-231.56407165527344,140.9010467529297,125.4900131225586,50.937076568603516,-11.8357572555542,21.73969841003418,39.321754455566406,25.21346664428711,-8.21315860748291,15.849653244018555,16.44187355041504,17.40117835998535,-8.63791561126709,15.076852798461914,7.887081146240234,10.943526268005371,1.1116151809692383,10.460078239440918,-0.6733996272087097,8.212990760803223,-2.8224093914031982,7.379147052764893,-0.27977022528648376,9.121318817138672,4.505978584289551,8.885037422180176,2.4572236362922557,0.021231800317764282,0.11723833101541745,0.11145859178865038,0.13957504330761916,0.1253173827951891,0.0489145354898349,0.06331422711624539,0.03009970257139793,37.80805713355505,Vallenato,Silvestre Dangond - Loco Paranoico.mp3,final
112.5,3310.1677385046096,3233.603901180659,6753.9243023462495,0.08449938760886953,0.17580783367156982,0.366464763879776,1.279045581817627,1.3395193815231323,0.0871061235666275,4210.66796875,-133.00950622558594,88.02688598632812,128.86550903320312,28.469465255737305,-48.741363525390625,19.57415771484375,59.707218170166016,19.529706954956055,-19.657554626464844,16.323339462280273,37.670650482177734,14.670608520507812,-10.824128150939941,14.254456520080566,3.127040147781372,11.064997673034668,-4.191877841949463,11.90300464630127,1.3120750188827515,13.302607536315918,0.5362022519111633,9.439032554626465,-5.2117156982421875,8.274703979492188,2.372894287109375,9.04979133605957,3.035204282842497,0.021827375516295433,0.13347593516567763,0.11966559375154238,0.17655012212731303,0.21170073040052853,0.08070870404728232,0.07105592678426041,0.08962146242556006,19.3406445010384,Vallenato,Silvestre Dangond - Niegame Tres Veces.mp3,inicio
114.79591836734694,3581.1177682011376,3287.619820858535,7300.985380376822,0.09561668203430501,0.1810525506734848,0.3436647057533264,1.232174277305603,1.0645716190338135,0.08453088253736496,3652.133544921875,-117.49665832519531,47.764198303222656,131.54359436035156,19.442514419555664,-59.91353225708008,17.14838409423828,69.25092315673828,15.305699348449707,-26.657352447509766,15.446702003479004,34.62626266479492,13.245641708374023,-11.61799144744873,12.955155372619629,3.9357030391693115,11.85517406463623,0.5005249977111816,13.069561004638672,3.57688570022583,11.129033088684082,2.0887863636016846,10.337750434875488,-6.83580207824707,8.749672889709473,-1.16867196559906,12.133336067199707,3.24213517261921,3.8403501093853265e-05,0.139615557501742,0.1254554333933148,0.20075781621222605,0.19404314280274407,0.09236819358660865,0.06130728763990301,0.08974333748239614,17.068651955583412,Vallenato,Silvestre Dangond - Niegame Tres Veces.mp3,mitad
112.5,3353.214970687316,3149.3676593038326,6758.856758798436,0.08790017191388198,0.1780574768781662,0.4041574001312256,1.2547677755355835,1.098064661026001,0.08471458405256271,4186.7783203125,-119.12207794189453,70.36952209472656,133.54632568359375,22.188899993896484,-60.09892272949219,23.707305908203125,62.523807525634766,16.403467178344727,-19.6592960357666,15.90538215637207,32.03672409057617,14.806486129760742,-5.177063465118408,15.276117324829102,4.629841327667236,10.360183715820312,-1.6719918251037598,10.585358619689941,-0.30803704261779785,9.366705894470215,2.3092164993286133,9.69506549835205,-4.998332977294922,8.708126068115234,0.9478108286857605,8.086318969726562,2.7446542671832996,0.004038092214614153,0.10292016450804818,0.12419184450694153,0.16606611561730497,0.1945678030992171,0.0616275588113247,0.04943758997523545,0.02625759778629709,18.30696269739661,Vallenato,Silvestre Dangond - Niegame Tres Veces.mp3,final
